Location,Property_Type,Bedrooms,Bathrooms,House_Size_sqm,Lot_Size_sqm,Year_Built,Furnishing,Water_Supply,Power_Supply,Annual_Rent_NGN
Agbowo,Room,1,1,29,436,2019,Unfurnished,Borehole,Stable,209000
Apata,Mini Flat,1,2,59,935,1997,Fully Furnished,Borehole,Moderate,439000
Oluyole,Self Contained,1,1,31,849,2010,Unfurnished,Borehole,Poor,390000
Akobo,Mini Flat,1,2,58,681,1997,Unfurnished,Public,Stable,758000
Ajibode,3 Bedroom Flat,3,3,126,488,2000,Unfurnished,Public,Poor,987000
Ajibode,Self Contained,1,1,37,766,2023,Unfurnished,Borehole,Moderate,245000
Ajibode,Self Contained,1,1,28,345,2005,Semi-Furnished,Well,Stable,368000
Mokola,Room,1,1,21,743,1996,Semi-Furnished,Well,Poor,250000
Akobo,Room,1,1,27,717,1993,Unfurnished,Public,Stable,231000
Oluyole,Self Contained,1,1,30,522,2021,Fully Furnished,Public,Stable,542000
Ajibode,Mini Flat,1,2,51,755,2011,Fully Furnished,Borehole,Moderate,667000
Ologuneru,2 Bedroom Flat,2,2,80,469,1996,Semi-Furnished,Well,Moderate,723000
Mokola,Self Contained,1,1,33,322,2002,Semi-Furnished,Borehole,Moderate,304000
Ajibode,Room,1,1,22,726,2007,Unfurnished,Borehole,Stable,192000
Ajibode,Room,1,1,26,534,2023,Unfurnished,Borehole,Poor,174000
Ajibode,2 Bedroom Flat,2,2,90,658,2002,Unfurnished,Borehole,Poor,831000
Agbowo,Room,1,1,25,877,2023,Fully Furnished,Well,Moderate,284000
Bodija,Self Contained,1,1,27,419,2018,Fully Furnished,Well,Stable,627000
Agbowo,3 Bedroom Flat,3,3,159,524,1994,Unfurnished,Well,Stable,1072000
Agbowo,Room,1,1,24,832,2020,Unfurnished,Well,Poor,188000
Akobo,Mini Flat,1,2,62,670,2000,Semi-Furnished,Borehole,Moderate,823000
Ajibode,3 Bedroom Flat,3,3,125,424,1993,Unfurnished,Borehole,Stable,1223000
Agbowo,Room,1,1,18,378,1996,Semi-Furnished,Well,Moderate,245000
Agbowo,Self Contained,1,1,34,454,2012,Unfurnished,Well,Poor,302000
Bodija,2 Bedroom Flat,2,2,90,417,2020,Unfurnished,Well,Moderate,976000
Challenge,Room,1,1,21,592,2006,Unfurnished,Well,Moderate,175000
Ajibode,Self Contained,1,1,32,564,1999,Semi-Furnished,Well,Moderate,358000
Bodija,Mini Flat,1,2,54,600,2011,Semi-Furnished,Borehole,Stable,802000
Akobo,Mini Flat,1,2,64,398,2019,Unfurnished,Well,Poor,584000
Ajibode,Self Contained,1,1,33,537,2018,Unfurnished,Borehole,Stable,327000
Akobo,Room,1,1,19,200,2006,Fully Furnished,Well,Stable,438000
Ajibode,Self Contained,1,1,37,576,2010,Semi-Furnished,Well,Poor,315000
Ajibode,Self Contained,1,1,30,761,2011,Unfurnished,Borehole,Stable,331000
Apata,Self Contained,1,1,35,293,2011,Unfurnished,Borehole,Moderate,255000
Ologuneru,Self Contained,1,1,38,637,2016,Unfurnished,Borehole,Stable,284000
Challenge,2 Bedroom Flat,2,2,92,440,2012,Unfurnished,Borehole,Moderate,565000
Agbowo,Mini Flat,1,2,50,694,1993,Semi-Furnished,Borehole,Moderate,670000
Ajibode,Room,1,1,29,578,2015,Unfurnished,Well,Stable,188000
Oluyole,Self Contained,1,1,38,622,2006,Semi-Furnished,Borehole,Moderate,506000
Bodija,Room,1,1,28,561,1992,Semi-Furnished,Public,Moderate,384000
Ajibode,Self Contained,1,1,35,789,2006,Unfurnished,Borehole,Poor,301000
Bodija,Self Contained,1,1,30,612,2008,Semi-Furnished,Borehole,Moderate,442000
Ajibode,Mini Flat,1,2,63,423,2007,Semi-Furnished,Well,Moderate,675000
Ring Road,Self Contained,1,1,39,567,2017,Unfurnished,Well,Poor,290000
Agbowo,Self Contained,1,1,27,483,2004,Fully Furnished,Well,Moderate,450000
Oluyole,Mini Flat,1,2,51,579,2015,Semi-Furnished,Well,Stable,787000
Agbowo,Self Contained,1,1,36,474,2005,Semi-Furnished,Borehole,Stable,379000
Bodija,2 Bedroom Flat,2,2,87,428,2004,Unfurnished,Well,Stable,868000
Bodija,Room,1,1,24,585,1994,Semi-Furnished,Borehole,Stable,353000
Ajibode,Mini Flat,1,2,58,560,2013,Unfurnished,Borehole,Stable,498000
Ologuneru,Self Contained,1,1,37,741,1991,Unfurnished,Borehole,Moderate,237000
Challenge,Self Contained,1,1,26,475,2020,Fully Furnished,Public,Moderate,317000
Apata,Mini Flat,1,2,61,200,2019,Semi-Furnished,Borehole,Moderate,376000
Ring Road,Self Contained,1,1,34,484,2001,Semi-Furnished,Borehole,Poor,416000
Akobo,Self Contained,1,1,27,257,2010,Unfurnished,Public,Moderate,406000
Apata,Room,1,1,20,624,2001,Semi-Furnished,Well,Stable,173000
Ajibode,Room,1,1,20,248,2011,Semi-Furnished,Well,Moderate,214000
Ajibode,Mini Flat,1,2,45,372,1997,Unfurnished,Public,Moderate,472000
Ajibode,Self Contained,1,1,29,484,2016,Semi-Furnished,Borehole,Moderate,347000
Agbowo,Mini Flat,1,2,45,827,2016,Semi-Furnished,Well,Poor,600000
Agbowo,3 Bedroom Flat,3,3,137,356,1996,Fully Furnished,Public,Moderate,1282000
Agbowo,Mini Flat,1,2,50,552,1992,Unfurnished,Well,Moderate,482000
Mokola,Room,1,1,28,654,1993,Unfurnished,Well,Moderate,176000
Agbowo,Room,1,1,23,817,2013,Unfurnished,Borehole,Moderate,228000
Agbowo,Self Contained,1,1,26,690,1997,Unfurnished,Borehole,Moderate,333000
Bodija,Room,1,1,29,746,2002,Semi-Furnished,Public,Stable,317000
Ajibode,3 Bedroom Flat,3,3,157,705,1998,Semi-Furnished,Public,Stable,957000
Challenge,3 Bedroom Flat,3,3,131,332,2009,Unfurnished,Well,Moderate,1018000
Ajibode,2 Bedroom Flat,2,2,86,614,2009,Unfurnished,Borehole,Poor,627000
Ologuneru,Self Contained,1,1,27,702,1994,Unfurnished,Well,Moderate,262000
Challenge,2 Bedroom Flat,2,2,92,377,1994,Unfurnished,Well,Moderate,656000
Ajibode,Room,1,1,26,445,1990,Semi-Furnished,Borehole,Poor,241000
Ajibode,Room,1,1,22,405,2004,Fully Furnished,Well,Stable,229000
Mokola,Self Contained,1,1,31,689,2006,Semi-Furnished,Borehole,Moderate,339000
Oluyole,Mini Flat,1,2,55,537,2001,Semi-Furnished,Borehole,Moderate,691000
Oluyole,Self Contained,1,1,33,492,2004,Unfurnished,Borehole,Stable,359000
Challenge,Room,1,1,19,319,2003,Unfurnished,Borehole,Moderate,182000
Ajibode,Self Contained,1,1,33,537,2016,Fully Furnished,Borehole,Poor,421000
Agbowo,Self Contained,1,1,38,447,2011,Unfurnished,Borehole,Stable,353000
Ajibode,Room,1,1,22,593,1998,Unfurnished,Public,Moderate,175000
Mokola,Room,1,1,23,344,2010,Unfurnished,Borehole,Stable,142000
Akobo,Self Contained,1,1,36,582,1992,Semi-Furnished,Borehole,Poor,371000
Agbowo,Self Contained,1,1,32,470,2020,Unfurnished,Public,Stable,318000
Ajibode,Mini Flat,1,2,50,325,2002,Fully Furnished,Well,Poor,546000
Agbowo,2 Bedroom Flat,2,2,70,311,1991,Semi-Furnished,Well,Poor,733000
Agbowo,Self Contained,1,1,32,338,2003,Semi-Furnished,Borehole,Poor,300000
Oluyole,Self Contained,1,1,27,512,1996,Unfurnished,Borehole,Moderate,447000
Akobo,Mini Flat,1,2,53,571,2018,Semi-Furnished,Borehole,Stable,740000
Ring Road,2 Bedroom Flat,2,2,91,598,1993,Unfurnished,Borehole,Moderate,760000
Bodija,Mini Flat,1,2,63,605,1993,Unfurnished,Public,Moderate,662000
Ajibode,2 Bedroom Flat,2,2,86,413,2013,Unfurnished,Borehole,Moderate,736000
Oluyole,3 Bedroom Flat,3,3,153,740,2010,Unfurnished,Borehole,Moderate,1394000
Challenge,Room,1,1,29,470,2017,Semi-Furnished,Public,Moderate,161000
Akobo,2 Bedroom Flat,2,2,94,631,1997,Unfurnished,Well,Stable,798000
Challenge,Room,1,1,21,520,2006,Semi-Furnished,Public,Moderate,200000
Bodija,Self Contained,1,1,27,617,1998,Unfurnished,Borehole,Stable,418000
Bodija,2 Bedroom Flat,2,2,91,511,2009,Semi-Furnished,Public,Poor,1351000
Agbowo,Mini Flat,1,2,48,620,1994,Semi-Furnished,Borehole,Stable,650000
Ajibode,Room,1,1,21,548,2018,Unfurnished,Public,Moderate,223000
Ajibode,Mini Flat,1,2,48,696,2001,Fully Furnished,Borehole,Poor,769000
Ajibode,Room,1,1,22,402,2021,Semi-Furnished,Borehole,Moderate,209000
Akobo,Self Contained,1,1,26,231,2020,Unfurnished,Borehole,Poor,449000
Agbowo,2 Bedroom Flat,2,2,75,374,2020,Unfurnished,Borehole,Moderate,725000
Bodija,Self Contained,1,1,39,742,1990,Unfurnished,Borehole,Poor,424000
Ring Road,Self Contained,1,1,30,522,1994,Unfurnished,Borehole,Moderate,381000
Agbowo,Mini Flat,1,2,58,566,2001,Unfurnished,Borehole,Moderate,548000
Agbowo,2 Bedroom Flat,2,2,87,360,2005,Semi-Furnished,Well,Poor,588000
Challenge,Mini Flat,1,2,52,561,2005,Unfurnished,Well,Stable,396000
Agbowo,Room,1,1,24,365,2010,Unfurnished,Borehole,Stable,223000
Ajibode,Self Contained,1,1,37,392,2022,Semi-Furnished,Borehole,Poor,362000
Agbowo,Self Contained,1,1,36,477,2015,Semi-Furnished,Public,Poor,350000
Ajibode,Room,1,1,22,630,1992,Unfurnished,Borehole,Moderate,155000
Apata,Self Contained,1,1,25,649,2012,Unfurnished,Well,Stable,238000
Challenge,Mini Flat,1,2,64,654,2014,Unfurnished,Public,Poor,458000
Akobo,2 Bedroom Flat,2,2,73,264,2009,Unfurnished,Well,Stable,907000
Ring Road,3 Bedroom Flat,3,3,136,548,2022,Semi-Furnished,Public,Poor,1016000
Challenge,Room,1,1,19,514,1994,Unfurnished,Borehole,Moderate,154000
Ajibode,Room,1,1,19,274,1993,Semi-Furnished,Well,Moderate,198000
Ring Road,Mini Flat,1,2,46,552,1997,Fully Furnished,Well,Moderate,587000
Bodija,Room,1,1,26,504,2000,Semi-Furnished,Borehole,Moderate,342000
Challenge,Room,1,1,27,642,2016,Unfurnished,Borehole,Moderate,191000
Ring Road,Self Contained,1,1,28,564,1999,Unfurnished,Well,Stable,278000
Agbowo,Room,1,1,20,451,2009,Unfurnished,Borehole,Moderate,202000
Ajibode,2 Bedroom Flat,2,2,87,716,2021,Unfurnished,Well,Stable,639000
Agbowo,2 Bedroom Flat,2,2,83,200,2016,Unfurnished,Public,Stable,641000
Agbowo,Room,1,1,24,538,2007,Unfurnished,Public,Moderate,211000
Mokola,Self Contained,1,1,35,232,2015,Fully Furnished,Borehole,Moderate,416000
Mokola,2 Bedroom Flat,2,2,90,385,2017,Fully Furnished,Borehole,Moderate,879000
Ajibode,3 Bedroom Flat,3,3,124,644,1990,Semi-Furnished,Borehole,Poor,1373000
Bodija,Room,1,1,23,320,2023,Unfurnished,Well,Moderate,245000
Agbowo,Room,1,1,26,293,2015,Semi-Furnished,Well,Moderate,235000
Agbowo,2 Bedroom Flat,2,2,94,978,1995,Semi-Furnished,Well,Moderate,916000
Ajibode,2 Bedroom Flat,2,2,75,305,2014,Semi-Furnished,Borehole,Moderate,950000
Agbowo,Room,1,1,19,847,2006,Unfurnished,Well,Moderate,201000
Apata,Self Contained,1,1,29,519,2015,Unfurnished,Borehole,Moderate,257000
Agbowo,Mini Flat,1,2,60,455,2010,Unfurnished,Borehole,Moderate,454000
Bodija,2 Bedroom Flat,2,2,75,652,2021,Unfurnished,Borehole,Moderate,993000
Oluyole,Room,1,1,23,790,2014,Semi-Furnished,Borehole,Stable,316000
Agbowo,Mini Flat,1,2,51,343,2021,Fully Furnished,Borehole,Moderate,737000
Ologuneru,2 Bedroom Flat,2,2,73,458,2008,Fully Furnished,Borehole,Moderate,745000
Ologuneru,Self Contained,1,1,35,702,1991,Unfurnished,Borehole,Moderate,302000
Agbowo,Room,1,1,23,601,2005,Fully Furnished,Well,Stable,313000
Bodija,Room,1,1,29,748,2005,Semi-Furnished,Borehole,Poor,338000
Agbowo,Room,1,1,24,642,2022,Unfurnished,Public,Stable,232000
Agbowo,2 Bedroom Flat,2,2,89,875,2013,Unfurnished,Borehole,Poor,890000
Ajibode,Room,1,1,25,582,2020,Semi-Furnished,Well,Stable,194000
Akobo,Room,1,1,26,589,2012,Unfurnished,Public,Moderate,312000
Bodija,Self Contained,1,1,27,607,2006,Unfurnished,Borehole,Poor,429000
Ajibode,Room,1,1,26,524,2022,Unfurnished,Well,Moderate,239000
Agbowo,Room,1,1,24,702,2008,Unfurnished,Borehole,Poor,111000
Ring Road,Room,1,1,24,592,2010,Unfurnished,Borehole,Moderate,222000
Agbowo,Self Contained,1,1,39,691,2008,Semi-Furnished,Borehole,Stable,358000
Ajibode,Mini Flat,1,2,49,720,1997,Fully Furnished,Borehole,Moderate,571000
Bodija,Self Contained,1,1,28,627,2015,Fully Furnished,Borehole,Stable,677000
Ologuneru,Room,1,1,19,640,2007,Unfurnished,Borehole,Stable,183000
Agbowo,Self Contained,1,1,34,368,2003,Semi-Furnished,Borehole,Stable,304000
Oluyole,Self Contained,1,1,31,450,2007,Semi-Furnished,Well,Stable,416000
Challenge,3 Bedroom Flat,3,3,117,701,2017,Unfurnished,Borehole,Moderate,1019000
Agbowo,Duplex,4,4,217,806,2022,Unfurnished,Borehole,Moderate,1517000
Oluyole,Room,1,1,20,200,1995,Unfurnished,Borehole,Poor,232000
Agbowo,Room,1,1,20,447,1996,Semi-Furnished,Borehole,Moderate,227000
Akobo,2 Bedroom Flat,2,2,99,554,1994,Unfurnished,Borehole,Poor,943000
Akobo,3 Bedroom Flat,3,3,138,391,2016,Semi-Furnished,Well,Stable,1230000
Bodija,Self Contained,1,1,37,401,1997,Fully Furnished,Well,Moderate,713000
Ajibode,Mini Flat,1,2,57,635,2022,Fully Furnished,Well,Stable,576000
Mokola,2 Bedroom Flat,2,2,86,834,2001,Unfurnished,Borehole,Stable,579000
Agbowo,Mini Flat,1,2,51,200,2004,Unfurnished,Well,Stable,512000
Ajibode,2 Bedroom Flat,2,2,83,519,2006,Unfurnished,Public,Poor,695000
Ajibode,Room,1,1,22,633,2018,Semi-Furnished,Public,Moderate,230000
Akobo,Room,1,1,18,690,1992,Semi-Furnished,Borehole,Moderate,295000
Oluyole,Room,1,1,21,607,2000,Semi-Furnished,Borehole,Moderate,336000
Ajibode,Room,1,1,21,867,2015,Unfurnished,Borehole,Stable,171000
Bodija,2 Bedroom Flat,2,2,78,555,1995,Unfurnished,Borehole,Poor,1329000
Agbowo,Room,1,1,29,786,2013,Semi-Furnished,Well,Moderate,196000
Akobo,Mini Flat,1,2,61,433,2023,Unfurnished,Borehole,Moderate,698000
Ajibode,Room,1,1,18,560,2013,Unfurnished,Borehole,Stable,204000
Oluyole,Self Contained,1,1,38,331,2008,Unfurnished,Public,Moderate,333000
Agbowo,Self Contained,1,1,38,712,2002,Unfurnished,Borehole,Poor,278000
Apata,Room,1,1,21,528,1998,Fully Furnished,Borehole,Moderate,217000
Ajibode,Self Contained,1,1,26,614,2008,Fully Furnished,Borehole,Moderate,356000
Agbowo,Self Contained,1,1,26,493,2021,Semi-Furnished,Borehole,Poor,350000
Ajibode,Room,1,1,29,655,2010,Semi-Furnished,Borehole,Poor,238000
Apata,Mini Flat,1,2,48,621,2021,Unfurnished,Public,Moderate,523000
Ring Road,Room,1,1,23,370,2001,Unfurnished,Borehole,Stable,209000
Agbowo,Room,1,1,20,381,2018,Unfurnished,Borehole,Stable,229000
Akobo,Self Contained,1,1,32,545,2022,Unfurnished,Well,Poor,425000
Mokola,Self Contained,1,1,35,668,1990,Semi-Furnished,Well,Poor,291000
Bodija,Room,1,1,20,885,1993,Unfurnished,Borehole,Moderate,332000
Bodija,2 Bedroom Flat,2,2,98,604,2002,Unfurnished,Borehole,Poor,964000
Agbowo,2 Bedroom Flat,2,2,96,731,2012,Semi-Furnished,Borehole,Stable,917000
Ajibode,Room,1,1,28,259,2017,Semi-Furnished,Borehole,Stable,239000
Ring Road,Self Contained,1,1,35,912,2001,Semi-Furnished,Borehole,Stable,328000
Ring Road,Room,1,1,24,659,2008,Unfurnished,Public,Poor,227000
Akobo,Self Contained,1,1,25,541,2022,Fully Furnished,Public,Moderate,609000
Agbowo,Room,1,1,20,520,2007,Unfurnished,Well,Stable,215000
Agbowo,Self Contained,1,1,30,350,2023,Unfurnished,Well,Moderate,295000
Oluyole,3 Bedroom Flat,3,3,111,402,2019,Fully Furnished,Borehole,Stable,1453000
Ring Road,Self Contained,1,1,34,893,1995,Unfurnished,Borehole,Moderate,305000
Ring Road,Mini Flat,1,2,57,371,1993,Unfurnished,Borehole,Moderate,537000
Challenge,Self Contained,1,1,27,368,2001,Unfurnished,Well,Moderate,275000
Akobo,Mini Flat,1,2,57,423,2012,Unfurnished,Borehole,Moderate,746000
Ajibode,Room,1,1,18,334,2017,Semi-Furnished,Well,Poor,261000
Ajibode,Mini Flat,1,2,64,552,2000,Unfurnished,Well,Stable,431000
Ring Road,3 Bedroom Flat,3,3,155,746,2017,Unfurnished,Public,Moderate,882000
Akobo,Mini Flat,1,2,54,440,2023,Unfurnished,Borehole,Stable,570000
Ajibode,Room,1,1,23,302,2023,Unfurnished,Borehole,Poor,272000
Ajibode,Mini Flat,1,2,56,602,2010,Unfurnished,Borehole,Moderate,437000
Oluyole,Mini Flat,1,2,49,539,2017,Semi-Furnished,Well,Stable,713000
Ajibode,Mini Flat,1,2,61,730,2023,Unfurnished,Well,Poor,430000
Ajibode,Room,1,1,22,468,2018,Semi-Furnished,Public,Poor,211000
Bodija,3 Bedroom Flat,3,3,151,503,2015,Unfurnished,Borehole,Poor,1686000
Oluyole,3 Bedroom Flat,3,3,151,523,2002,Semi-Furnished,Borehole,Moderate,1150000
Akobo,Self Contained,1,1,35,566,2023,Fully Furnished,Borehole,Moderate,605000
Agbowo,Self Contained,1,1,35,479,2008,Unfurnished,Borehole,Moderate,350000
Oluyole,Room,1,1,27,450,1997,Semi-Furnished,Borehole,Moderate,259000
Agbowo,Duplex,4,4,243,216,2018,Unfurnished,Borehole,Stable,2399000
Agbowo,2 Bedroom Flat,2,2,77,448,2005,Semi-Furnished,Public,Moderate,874000
Challenge,Mini Flat,1,2,52,678,2017,Unfurnished,Public,Poor,433000
Akobo,Mini Flat,1,2,56,703,2019,Unfurnished,Well,Moderate,750000
Mokola,Room,1,1,21,465,2012,Unfurnished,Well,Stable,182000
Akobo,Room,1,1,23,783,2018,Unfurnished,Well,Moderate,288000
Akobo,Room,1,1,26,544,2009,Unfurnished,Borehole,Moderate,298000
Ajibode,Self Contained,1,1,30,309,2006,Semi-Furnished,Borehole,Moderate,360000
Agbowo,Room,1,1,27,252,2015,Unfurnished,Well,Poor,214000
Agbowo,2 Bedroom Flat,2,2,80,769,2022,Semi-Furnished,Well,Moderate,797000
Agbowo,Self Contained,1,1,33,482,2003,Semi-Furnished,Borehole,Moderate,364000
Ologuneru,Self Contained,1,1,31,331,2020,Fully Furnished,Public,Moderate,348000
Agbowo,Room,1,1,25,200,2005,Unfurnished,Borehole,Stable,176000
Ring Road,Mini Flat,1,2,59,478,2010,Semi-Furnished,Borehole,Moderate,560000
Akobo,2 Bedroom Flat,2,2,71,622,2008,Unfurnished,Well,Poor,793000
Challenge,Mini Flat,1,2,52,424,1995,Unfurnished,Borehole,Moderate,338000
Bodija,Room,1,1,23,360,2012,Unfurnished,Borehole,Moderate,272000
Akobo,2 Bedroom Flat,2,2,97,451,2015,Semi-Furnished,Well,Moderate,1170000
Bodija,Room,1,1,20,773,1998,Semi-Furnished,Well,Poor,228000
Ajibode,2 Bedroom Flat,2,2,70,299,2002,Unfurnished,Borehole,Poor,711000
Oluyole,Self Contained,1,1,36,434,2004,Unfurnished,Borehole,Stable,358000
Agbowo,Room,1,1,18,767,2021,Fully Furnished,Borehole,Poor,294000
Ajibode,Self Contained,1,1,31,638,2006,Unfurnished,Borehole,Stable,370000
Akobo,Mini Flat,1,2,49,582,2018,Semi-Furnished,Well,Moderate,730000
Ajibode,Room,1,1,23,433,2007,Unfurnished,Well,Stable,155000
Apata,2 Bedroom Flat,2,2,76,555,2023,Fully Furnished,Well,Poor,829000
Apata,Self Contained,1,1,28,453,2014,Unfurnished,Borehole,Poor,258000
Ring Road,2 Bedroom Flat,2,2,73,395,2001,Unfurnished,Borehole,Moderate,628000
Agbowo,2 Bedroom Flat,2,2,86,355,2004,Unfurnished,Borehole,Moderate,531000
Ajibode,Room,1,1,21,691,2013,Unfurnished,Borehole,Moderate,178000
Apata,Mini Flat,1,2,51,539,1998,Unfurnished,Borehole,Stable,395000
Agbowo,Room,1,1,18,606,2009,Unfurnished,Public,Stable,129000
Ologuneru,Mini Flat,1,2,59,577,2014,Unfurnished,Well,Poor,462000
Ologuneru,Self Contained,1,1,31,629,2013,Fully Furnished,Well,Moderate,429000
Mokola,Self Contained,1,1,33,504,2015,Fully Furnished,Well,Stable,322000
Agbowo,2 Bedroom Flat,2,2,84,463,2003,Unfurnished,Well,Stable,690000
Agbowo,Room,1,1,28,403,1994,Unfurnished,Well,Poor,226000
Mokola,Self Contained,1,1,37,295,2018,Semi-Furnished,Well,Poor,321000
Agbowo,Self Contained,1,1,32,348,1997,Unfurnished,Well,Poor,366000
Ajibode,Room,1,1,26,484,2006,Unfurnished,Borehole,Moderate,199000
Bodija,Mini Flat,1,2,48,261,2011,Unfurnished,Borehole,Moderate,851000
Apata,Self Contained,1,1,31,301,2007,Semi-Furnished,Borehole,Moderate,287000
Oluyole,2 Bedroom Flat,2,2,90,737,2016,Semi-Furnished,Well,Poor,1077000
Akobo,Self Contained,1,1,27,590,1991,Unfurnished,Borehole,Poor,459000
Ajibode,Self Contained,1,1,30,468,1990,Unfurnished,Well,Moderate,295000
Akobo,Duplex,4,4,183,958,1997,Unfurnished,Well,Stable,3372000
Ologuneru,Room,1,1,19,253,2010,Semi-Furnished,Well,Moderate,220000
Ajibode,Room,1,1,21,725,2013,Unfurnished,Borehole,Moderate,192000
Bodija,Mini Flat,1,2,47,529,1991,Semi-Furnished,Borehole,Stable,961000
Ring Road,Self Contained,1,1,28,691,2017,Unfurnished,Borehole,Stable,278000
Challenge,Self Contained,1,1,37,569,2023,Semi-Furnished,Borehole,Poor,338000
Oluyole,2 Bedroom Flat,2,2,73,212,2001,Unfurnished,Borehole,Poor,1028000
Oluyole,Self Contained,1,1,27,567,1994,Unfurnished,Well,Moderate,414000
Agbowo,2 Bedroom Flat,2,2,87,610,1997,Semi-Furnished,Borehole,Moderate,865000
Agbowo,Mini Flat,1,2,58,200,2019,Unfurnished,Borehole,Moderate,555000
Challenge,Self Contained,1,1,34,899,1999,Unfurnished,Borehole,Poor,254000
Mokola,Room,1,1,24,606,2010,Semi-Furnished,Borehole,Poor,227000
Mokola,Room,1,1,27,670,2023,Unfurnished,Borehole,Stable,180000
Ring Road,3 Bedroom Flat,3,3,122,340,2023,Unfurnished,Well,Moderate,989000
Bodija,Self Contained,1,1,28,674,1993,Unfurnished,Borehole,Moderate,554000
Bodija,Room,1,1,21,746,2000,Fully Furnished,Borehole,Moderate,453000
Challenge,Room,1,1,25,595,2011,Unfurnished,Well,Poor,194000
Akobo,2 Bedroom Flat,2,2,97,548,2012,Semi-Furnished,Well,Poor,1073000
Oluyole,Room,1,1,18,389,2023,Unfurnished,Well,Moderate,190000
Challenge,Mini Flat,1,2,55,511,2019,Unfurnished,Well,Poor,483000
Ring Road,Room,1,1,23,457,2014,Unfurnished,Well,Stable,178000
Agbowo,3 Bedroom Flat,3,3,156,652,2013,Semi-Furnished,Borehole,Stable,1091000
Agbowo,Self Contained,1,1,39,397,2014,Fully Furnished,Well,Moderate,392000
Ajibode,Room,1,1,21,651,2019,Unfurnished,Well,Moderate,223000
Akobo,3 Bedroom Flat,3,3,132,398,2005,Semi-Furnished,Borehole,Poor,1430000
Ajibode,Self Contained,1,1,38,502,1999,Unfurnished,Public,Stable,303000
Bodija,Mini Flat,1,2,62,660,2020,Fully Furnished,Public,Moderate,1211000
Bodija,Self Contained,1,1,27,423,2000,Unfurnished,Well,Moderate,410000
Agbowo,Room,1,1,24,667,1998,Fully Furnished,Well,Moderate,279000
Akobo,Room,1,1,23,649,2008,Unfurnished,Borehole,Poor,272000
Ajibode,Room,1,1,21,501,1994,Fully Furnished,Borehole,Moderate,330000
Ajibode,Room,1,1,20,759,2001,Semi-Furnished,Well,Moderate,235000
Mokola,Room,1,1,19,564,1999,Fully Furnished,Borehole,Moderate,254000
Agbowo,Room,1,1,27,748,2003,Semi-Furnished,Public,Stable,208000
Ajibode,3 Bedroom Flat,3,3,129,872,2009,Unfurnished,Well,Moderate,725000
Bodija,Room,1,1,23,506,2009,Unfurnished,Well,Moderate,311000
Challenge,Self Contained,1,1,36,666,2014,Unfurnished,Well,Moderate,312000
Ajibode,Room,1,1,23,435,1994,Semi-Furnished,Borehole,Stable,246000
Akobo,Room,1,1,27,364,2016,Unfurnished,Borehole,Moderate,287000
Ajibode,Mini Flat,1,2,50,514,1991,Unfurnished,Public,Moderate,410000
Ajibode,3 Bedroom Flat,3,3,148,304,2001,Semi-Furnished,Well,Moderate,1182000
Bodija,Self Contained,1,1,36,381,2017,Unfurnished,Well,Moderate,415000
Bodija,Room,1,1,28,656,2002,Unfurnished,Borehole,Moderate,282000
Akobo,Duplex,4,4,294,457,2010,Unfurnished,Public,Stable,2861000
Oluyole,Room,1,1,22,677,1997,Fully Furnished,Borehole,Stable,249000
Ologuneru,Self Contained,1,1,31,603,2001,Unfurnished,Borehole,Poor,200000
Bodija,Self Contained,1,1,38,883,2000,Semi-Furnished,Borehole,Poor,624000
Agbowo,2 Bedroom Flat,2,2,80,644,2008,Unfurnished,Well,Moderate,746000
Challenge,2 Bedroom Flat,2,2,72,750,1997,Fully Furnished,Borehole,Moderate,910000
Agbowo,Mini Flat,1,2,64,622,2016,Unfurnished,Borehole,Stable,530000
Agbowo,Self Contained,1,1,31,606,1996,Unfurnished,Borehole,Poor,284000
Ajibode,2 Bedroom Flat,2,2,88,759,2010,Unfurnished,Borehole,Poor,684000
Ajibode,2 Bedroom Flat,2,2,80,670,2016,Semi-Furnished,Well,Moderate,773000
Ologuneru,2 Bedroom Flat,2,2,72,587,2003,Semi-Furnished,Borehole,Stable,594000
Mokola,Mini Flat,1,2,55,587,2021,Unfurnished,Public,Stable,506000
Oluyole,Room,1,1,21,646,2018,Unfurnished,Borehole,Moderate,234000
Agbowo,Room,1,1,18,429,2013,Fully Furnished,Well,Poor,258000
Ajibode,Self Contained,1,1,31,421,2017,Unfurnished,Well,Poor,339000
Ajibode,Self Contained,1,1,33,806,2013,Unfurnished,Borehole,Poor,295000
Agbowo,2 Bedroom Flat,2,2,77,885,1991,Unfurnished,Borehole,Poor,639000
Bodija,Room,1,1,28,382,2020,Semi-Furnished,Borehole,Moderate,348000
Oluyole,Mini Flat,1,2,60,429,2001,Unfurnished,Well,Moderate,483000
Oluyole,Self Contained,1,1,29,755,1990,Unfurnished,Well,Moderate,369000
Agbowo,Mini Flat,1,2,61,646,2010,Unfurnished,Borehole,Stable,522000
Apata,Room,1,1,18,671,2018,Semi-Furnished,Borehole,Poor,190000
Oluyole,Self Contained,1,1,32,711,2019,Unfurnished,Borehole,Moderate,367000
Bodija,Room,1,1,25,506,1990,Unfurnished,Well,Poor,370000
Akobo,Room,1,1,22,609,2011,Unfurnished,Public,Poor,245000
Agbowo,3 Bedroom Flat,3,3,134,595,1997,Unfurnished,Borehole,Stable,1138000
Agbowo,Room,1,1,27,395,2002,Semi-Furnished,Borehole,Moderate,239000
Agbowo,2 Bedroom Flat,2,2,87,606,2003,Unfurnished,Public,Poor,587000
Challenge,Self Contained,1,1,39,772,1990,Fully Furnished,Borehole,Poor,306000
Ajibode,Room,1,1,25,489,2021,Fully Furnished,Well,Stable,243000
Ajibode,2 Bedroom Flat,2,2,71,577,2001,Unfurnished,Borehole,Poor,798000
Ajibode,Room,1,1,21,587,2005,Unfurnished,Well,Moderate,176000
Ajibode,2 Bedroom Flat,2,2,76,498,2013,Semi-Furnished,Well,Moderate,903000
Mokola,Room,1,1,23,671,2009,Unfurnished,Well,Moderate,192000
Oluyole,Mini Flat,1,2,55,427,2021,Semi-Furnished,Well,Stable,792000
Bodija,Room,1,1,18,789,2016,Semi-Furnished,Borehole,Stable,333000
Ajibode,Self Contained,1,1,28,662,2023,Unfurnished,Borehole,Poor,343000
Bodija,3 Bedroom Flat,3,3,119,381,2011,Semi-Furnished,Well,Stable,1916000
Bodija,Self Contained,1,1,33,855,1992,Unfurnished,Borehole,Moderate,406000
Ajibode,Mini Flat,1,2,64,580,2006,Semi-Furnished,Public,Stable,541000
Agbowo,Mini Flat,1,2,50,419,2003,Semi-Furnished,Well,Stable,644000
Agbowo,Room,1,1,18,748,2016,Semi-Furnished,Borehole,Moderate,227000
Akobo,2 Bedroom Flat,2,2,72,639,2009,Unfurnished,Borehole,Moderate,1135000
Akobo,2 Bedroom Flat,2,2,91,231,2020,Unfurnished,Well,Moderate,747000
Ajibode,Room,1,1,27,455,2020,Unfurnished,Borehole,Moderate,144000
Agbowo,Self Contained,1,1,35,600,2018,Unfurnished,Well,Moderate,279000
Akobo,Room,1,1,18,200,2021,Fully Furnished,Well,Moderate,427000
Bodija,Mini Flat,1,2,50,565,2019,Semi-Furnished,Well,Moderate,773000
Mokola,Room,1,1,28,578,2016,Semi-Furnished,Public,Poor,190000
Akobo,Self Contained,1,1,38,336,2008,Semi-Furnished,Borehole,Stable,470000
Ajibode,2 Bedroom Flat,2,2,74,598,2017,Semi-Furnished,Borehole,Moderate,585000
Ajibode,Mini Flat,1,2,63,551,1999,Semi-Furnished,Borehole,Moderate,707000
Akobo,Room,1,1,24,335,2005,Unfurnished,Well,Poor,302000
Ajibode,2 Bedroom Flat,2,2,92,715,2020,Fully Furnished,Well,Moderate,1107000
Akobo,Room,1,1,27,700,1999,Unfurnished,Borehole,Moderate,372000
Apata,2 Bedroom Flat,2,2,81,497,1999,Unfurnished,Borehole,Moderate,432000
Akobo,Self Contained,1,1,28,514,2017,Fully Furnished,Well,Poor,544000
Agbowo,Room,1,1,18,680,2001,Semi-Furnished,Well,Moderate,287000
Akobo,Mini Flat,1,2,64,513,2022,Unfurnished,Borehole,Stable,503000
Bodija,2 Bedroom Flat,2,2,90,202,2017,Unfurnished,Borehole,Moderate,1172000
Bodija,Mini Flat,1,2,52,637,2007,Unfurnished,Borehole,Moderate,662000
Apata,3 Bedroom Flat,3,3,142,403,2017,Unfurnished,Borehole,Poor,905000
Agbowo,Room,1,1,29,479,2017,Semi-Furnished,Public,Stable,293000
Ologuneru,Room,1,1,28,812,2003,Semi-Furnished,Public,Stable,235000
Ring Road,Room,1,1,23,525,1997,Unfurnished,Borehole,Moderate,190000
Ajibode,Self Contained,1,1,29,550,2019,Semi-Furnished,Borehole,Stable,316000
Ajibode,Self Contained,1,1,34,641,1992,Fully Furnished,Public,Poor,517000
Ajibode,Self Contained,1,1,31,640,1999,Unfurnished,Borehole,Poor,327000
Ajibode,Self Contained,1,1,34,384,1998,Semi-Furnished,Well,Poor,330000
Ajibode,Room,1,1,20,539,2002,Unfurnished,Borehole,Moderate,251000
Oluyole,Room,1,1,23,556,2011,Unfurnished,Well,Stable,220000
Ajibode,Self Contained,1,1,26,598,2013,Semi-Furnished,Borehole,Moderate,370000
Agbowo,Room,1,1,19,602,1996,Unfurnished,Borehole,Stable,145000
Mokola,Self Contained,1,1,27,1015,2002,Semi-Furnished,Well,Stable,295000
Ajibode,3 Bedroom Flat,3,3,111,338,1995,Semi-Furnished,Borehole,Stable,1100000
Mokola,Room,1,1,29,726,1999,Semi-Furnished,Borehole,Stable,213000
Agbowo,Mini Flat,1,2,45,763,2000,Unfurnished,Borehole,Poor,565000
Ajibode,Mini Flat,1,2,51,638,2018,Unfurnished,Borehole,Moderate,417000
Oluyole,Room,1,1,18,432,2005,Unfurnished,Public,Moderate,259000
Akobo,Self Contained,1,1,27,849,2009,Unfurnished,Borehole,Stable,498000
Ring Road,3 Bedroom Flat,3,3,129,200,2010,Unfurnished,Borehole,Moderate,1095000
Oluyole,Self Contained,1,1,37,427,2018,Semi-Furnished,Public,Moderate,440000
Challenge,Mini Flat,1,2,57,760,2003,Fully Furnished,Public,Stable,428000
Agbowo,2 Bedroom Flat,2,2,89,483,2005,Fully Furnished,Well,Stable,1150000
Ajibode,Self Contained,1,1,39,837,1998,Unfurnished,Public,Moderate,261000
Challenge,Duplex,4,4,270,277,1995,Semi-Furnished,Well,Moderate,2298000
Challenge,Mini Flat,1,2,54,349,2018,Unfurnished,Public,Moderate,451000
Ologuneru,Self Contained,1,1,36,454,2007,Semi-Furnished,Well,Moderate,274000
Agbowo,Mini Flat,1,2,55,625,2013,Fully Furnished,Borehole,Stable,740000
Agbowo,Self Contained,1,1,31,510,2006,Semi-Furnished,Well,Moderate,408000
Challenge,Mini Flat,1,2,59,461,2010,Fully Furnished,Well,Stable,562000
Agbowo,Room,1,1,29,805,2008,Unfurnished,Public,Poor,230000
Apata,3 Bedroom Flat,3,3,122,822,2012,Unfurnished,Borehole,Stable,911000
Mokola,Self Contained,1,1,36,475,2016,Unfurnished,Borehole,Stable,308000
Agbowo,Room,1,1,25,242,2000,Unfurnished,Borehole,Stable,163000
Challenge,Self Contained,1,1,32,200,2015,Unfurnished,Borehole,Stable,256000
Challenge,2 Bedroom Flat,2,2,93,593,2000,Unfurnished,Borehole,Stable,558000
Ajibode,2 Bedroom Flat,2,2,70,668,2011,Fully Furnished,Well,Moderate,984000
Ring Road,Self Contained,1,1,37,561,2008,Unfurnished,Well,Stable,318000
Bodija,Self Contained,1,1,33,537,1997,Unfurnished,Well,Stable,393000
Mokola,Self Contained,1,1,37,405,2012,Unfurnished,Borehole,Moderate,298000
Agbowo,Duplex,4,4,207,667,2012,Semi-Furnished,Public,Moderate,2367000
Ring Road,Room,1,1,27,852,1998,Unfurnished,Borehole,Stable,209000
Agbowo,2 Bedroom Flat,2,2,93,200,2013,Unfurnished,Well,Poor,810000
Ajibode,2 Bedroom Flat,2,2,98,536,2001,Semi-Furnished,Borehole,Stable,857000
Ring Road,Room,1,1,20,375,2001,Fully Furnished,Public,Moderate,284000
Ajibode,Self Contained,1,1,35,281,2021,Semi-Furnished,Borehole,Stable,338000
Agbowo,Self Contained,1,1,27,346,1991,Semi-Furnished,Borehole,Moderate,301000
Apata,2 Bedroom Flat,2,2,80,618,1995,Semi-Furnished,Borehole,Stable,692000
Apata,3 Bedroom Flat,3,3,156,622,1993,Semi-Furnished,Borehole,Moderate,727000
Akobo,Duplex,4,4,222,812,2002,Unfurnished,Borehole,Moderate,2838000
Akobo,Room,1,1,19,551,2007,Unfurnished,Public,Moderate,236000
Bodija,Room,1,1,28,233,2004,Semi-Furnished,Public,Stable,270000
Agbowo,Self Contained,1,1,37,507,2022,Fully Furnished,Well,Stable,456000
Agbowo,Self Contained,1,1,38,300,2019,Unfurnished,Public,Moderate,376000
Oluyole,Mini Flat,1,2,48,332,2014,Semi-Furnished,Public,Stable,701000
Challenge,Room,1,1,22,654,1993,Semi-Furnished,Borehole,Moderate,213000
Challenge,Mini Flat,1,2,45,584,2007,Unfurnished,Well,Stable,423000
Challenge,3 Bedroom Flat,3,3,113,655,2022,Fully Furnished,Borehole,Stable,1114000
Ajibode,2 Bedroom Flat,2,2,94,485,2009,Unfurnished,Public,Moderate,715000
Bodija,3 Bedroom Flat,3,3,138,692,2010,Unfurnished,Borehole,Stable,1566000
Ajibode,3 Bedroom Flat,3,3,129,475,1990,Semi-Furnished,Borehole,Moderate,1181000
Bodija,3 Bedroom Flat,3,3,114,751,2023,Unfurnished,Well,Poor,1583000
Bodija,Room,1,1,21,612,1998,Semi-Furnished,Borehole,Stable,376000
Ring Road,2 Bedroom Flat,2,2,95,512,1990,Unfurnished,Borehole,Moderate,723000
Agbowo,Room,1,1,21,588,2016,Unfurnished,Borehole,Stable,219000
Ajibode,Self Contained,1,1,29,546,2004,Unfurnished,Borehole,Poor,256000
Ajibode,Self Contained,1,1,34,837,2013,Unfurnished,Borehole,Stable,346000
Challenge,3 Bedroom Flat,3,3,125,594,2014,Fully Furnished,Public,Moderate,1379000
Akobo,Mini Flat,1,2,54,549,2023,Unfurnished,Well,Moderate,604000
Ajibode,Self Contained,1,1,39,507,1999,Unfurnished,Well,Poor,305000
Ajibode,Self Contained,1,1,25,701,2019,Fully Furnished,Well,Moderate,506000
Oluyole,2 Bedroom Flat,2,2,85,677,2014,Unfurnished,Borehole,Stable,871000
Ajibode,2 Bedroom Flat,2,2,87,500,1992,Unfurnished,Borehole,Poor,892000
Mokola,Room,1,1,23,341,2011,Semi-Furnished,Well,Moderate,214000
Oluyole,Room,1,1,24,387,2013,Fully Furnished,Well,Moderate,287000
Ajibode,Self Contained,1,1,38,516,2016,Semi-Furnished,Public,Poor,403000
Ajibode,Room,1,1,29,792,2015,Unfurnished,Borehole,Moderate,193000
Ologuneru,Self Contained,1,1,39,504,2005,Semi-Furnished,Borehole,Moderate,321000
Agbowo,Room,1,1,18,443,1993,Semi-Furnished,Borehole,Moderate,232000
Agbowo,Self Contained,1,1,31,233,2012,Unfurnished,Well,Poor,382000
Mokola,3 Bedroom Flat,3,3,137,822,2008,Semi-Furnished,Borehole,Moderate,1138000
Apata,2 Bedroom Flat,2,2,75,652,2004,Semi-Furnished,Well,Stable,594000
Ologuneru,Room,1,1,19,693,2020,Unfurnished,Well,Moderate,154000
Challenge,Room,1,1,23,723,2013,Semi-Furnished,Well,Moderate,160000
Agbowo,Self Contained,1,1,35,520,2000,Fully Furnished,Borehole,Moderate,470000
Ajibode,Mini Flat,1,2,58,565,1999,Unfurnished,Borehole,Moderate,596000
Challenge,Self Contained,1,1,29,817,1997,Semi-Furnished,Borehole,Moderate,328000
Bodija,Room,1,1,27,582,1992,Unfurnished,Borehole,Moderate,276000
Agbowo,Self Contained,1,1,36,655,2008,Semi-Furnished,Well,Stable,375000
Ring Road,Room,1,1,27,706,1993,Unfurnished,Borehole,Moderate,201000
Ajibode,2 Bedroom Flat,2,2,92,665,2018,Unfurnished,Borehole,Stable,479000
Bodija,Mini Flat,1,2,63,526,2010,Fully Furnished,Public,Moderate,834000
Ajibode,Self Contained,1,1,35,543,1998,Unfurnished,Borehole,Poor,330000
Bodija,Mini Flat,1,2,50,689,2007,Unfurnished,Borehole,Stable,817000
Ajibode,Self Contained,1,1,34,689,2008,Unfurnished,Borehole,Stable,295000
Ajibode,Self Contained,1,1,26,760,2006,Unfurnished,Well,Poor,278000
Ajibode,Self Contained,1,1,39,649,2013,Unfurnished,Borehole,Poor,334000
Akobo,Self Contained,1,1,25,657,1995,Unfurnished,Borehole,Poor,402000
Challenge,Duplex,4,4,250,469,2020,Unfurnished,Well,Moderate,1745000
Akobo,2 Bedroom Flat,2,2,85,445,2016,Unfurnished,Well,Moderate,1153000
Ologuneru,2 Bedroom Flat,2,2,89,690,2023,Unfurnished,Well,Moderate,498000
Agbowo,Room,1,1,23,446,2016,Unfurnished,Borehole,Poor,198000
Agbowo,Self Contained,1,1,33,546,2016,Unfurnished,Borehole,Moderate,350000
Mokola,Self Contained,1,1,29,798,2001,Unfurnished,Well,Moderate,308000
Agbowo,Room,1,1,18,769,2018,Semi-Furnished,Borehole,Poor,238000
Ologuneru,Self Contained,1,1,34,604,1995,Semi-Furnished,Well,Moderate,206000
Ajibode,Room,1,1,21,496,1996,Unfurnished,Well,Stable,223000
Ologuneru,Room,1,1,23,527,1995,Semi-Furnished,Borehole,Stable,166000
Ajibode,2 Bedroom Flat,2,2,86,706,2008,Unfurnished,Borehole,Stable,686000
Ring Road,Mini Flat,1,2,56,543,2003,Unfurnished,Borehole,Stable,496000
Bodija,Mini Flat,1,2,50,449,2010,Semi-Furnished,Borehole,Moderate,793000
Ologuneru,Room,1,1,27,768,2003,Semi-Furnished,Borehole,Moderate,172000
Ajibode,Room,1,1,21,582,2003,Unfurnished,Well,Poor,189000
Bodija,Room,1,1,19,446,2021,Semi-Furnished,Borehole,Moderate,390000
Ologuneru,Room,1,1,18,636,2015,Unfurnished,Borehole,Moderate,178000
Bodija,Room,1,1,20,724,1992,Unfurnished,Borehole,Moderate,294000
Akobo,3 Bedroom Flat,3,3,130,368,2004,Unfurnished,Borehole,Moderate,1412000
Oluyole,2 Bedroom Flat,2,2,92,513,2010,Fully Furnished,Well,Moderate,1226000
Bodija,Room,1,1,23,505,2019,Unfurnished,Public,Moderate,265000
Akobo,Room,1,1,28,631,2003,Unfurnished,Borehole,Stable,286000
Akobo,3 Bedroom Flat,3,3,143,663,2017,Unfurnished,Borehole,Stable,1488000
Ring Road,Self Contained,1,1,26,450,1991,Unfurnished,Public,Moderate,249000
Ajibode,Self Contained,1,1,39,281,2011,Unfurnished,Well,Poor,263000
Agbowo,Self Contained,1,1,26,735,1996,Unfurnished,Borehole,Moderate,376000
Apata,Room,1,1,21,348,2021,Unfurnished,Well,Poor,164000
Ring Road,Self Contained,1,1,28,598,2005,Fully Furnished,Borehole,Stable,405000
Bodija,Mini Flat,1,2,62,526,1991,Unfurnished,Borehole,Moderate,615000
Akobo,Self Contained,1,1,34,579,2006,Unfurnished,Borehole,Stable,458000
Agbowo,2 Bedroom Flat,2,2,73,847,1992,Unfurnished,Borehole,Moderate,814000
Ajibode,Room,1,1,25,1096,2012,Unfurnished,Well,Stable,160000
Bodija,Mini Flat,1,2,55,255,2017,Unfurnished,Borehole,Poor,809000
Agbowo,Duplex,4,4,274,727,1997,Semi-Furnished,Borehole,Stable,2096000
Akobo,Room,1,1,24,521,2022,Fully Furnished,Well,Poor,356000
Ajibode,Self Contained,1,1,25,738,1993,Unfurnished,Borehole,Moderate,274000
Ologuneru,Mini Flat,1,2,47,722,1996,Semi-Furnished,Public,Moderate,452000
Ologuneru,Self Contained,1,1,25,803,2000,Fully Furnished,Borehole,Poor,318000
Oluyole,3 Bedroom Flat,3,3,130,601,1997,Unfurnished,Borehole,Moderate,1202000
Bodija,Self Contained,1,1,39,389,2009,Fully Furnished,Well,Poor,615000
Agbowo,Self Contained,1,1,30,716,2017,Unfurnished,Borehole,Poor,369000
Mokola,2 Bedroom Flat,2,2,90,571,2000,Semi-Furnished,Borehole,Poor,691000
Oluyole,Room,1,1,19,507,2011,Fully Furnished,Borehole,Stable,326000
Ajibode,2 Bedroom Flat,2,2,95,464,1995,Unfurnished,Borehole,Poor,677000
Ring Road,Room,1,1,23,731,1996,Unfurnished,Borehole,Stable,231000
Mokola,Self Contained,1,1,26,838,1999,Unfurnished,Borehole,Stable,302000
Apata,Self Contained,1,1,27,334,1993,Unfurnished,Well,Stable,250000
Oluyole,Self Contained,1,1,28,661,1998,Unfurnished,Public,Moderate,329000
Akobo,Room,1,1,29,482,2008,Semi-Furnished,Public,Moderate,316000
Agbowo,Room,1,1,22,285,2022,Fully Furnished,Well,Moderate,233000
Apata,Self Contained,1,1,31,576,2011,Semi-Furnished,Borehole,Poor,279000
Mokola,3 Bedroom Flat,3,3,155,400,1990,Semi-Furnished,Well,Moderate,1086000
Ajibode,2 Bedroom Flat,2,2,75,266,2010,Unfurnished,Well,Stable,614000
Ajibode,Self Contained,1,1,35,409,1996,Fully Furnished,Well,Moderate,401000
Agbowo,3 Bedroom Flat,3,3,125,365,1996,Fully Furnished,Borehole,Poor,1437000
Mokola,2 Bedroom Flat,2,2,87,433,2011,Unfurnished,Well,Poor,538000
Ologuneru,Self Contained,1,1,36,311,2002,Semi-Furnished,Borehole,Moderate,359000
Ajibode,Room,1,1,26,478,2012,Unfurnished,Borehole,Moderate,162000
Akobo,Mini Flat,1,2,64,421,2011,Fully Furnished,Borehole,Poor,916000
Agbowo,Self Contained,1,1,29,617,2015,Unfurnished,Borehole,Stable,324000
Ologuneru,Room,1,1,18,656,2007,Unfurnished,Borehole,Stable,181000
Mokola,Duplex,4,4,225,596,1996,Unfurnished,Public,Moderate,1579000
Mokola,3 Bedroom Flat,3,3,113,507,1991,Fully Furnished,Borehole,Moderate,1224000
Bodija,Self Contained,1,1,38,502,2008,Semi-Furnished,Well,Moderate,557000
Agbowo,Mini Flat,1,2,46,399,2003,Semi-Furnished,Borehole,Stable,683000
Agbowo,Mini Flat,1,2,55,403,2014,Semi-Furnished,Well,Stable,644000
Ajibode,3 Bedroom Flat,3,3,141,676,2022,Unfurnished,Borehole,Stable,1210000
Mokola,Self Contained,1,1,35,233,2009,Unfurnished,Borehole,Moderate,302000
Mokola,Self Contained,1,1,39,535,1994,Unfurnished,Borehole,Moderate,305000
Ologuneru,Room,1,1,21,491,2010,Unfurnished,Borehole,Poor,152000
Ologuneru,Room,1,1,18,657,2002,Unfurnished,Borehole,Stable,103000
Bodija,Self Contained,1,1,29,293,2003,Fully Furnished,Well,Poor,618000
Challenge,Room,1,1,19,552,2005,Unfurnished,Public,Poor,148000
Apata,Room,1,1,19,611,2017,Unfurnished,Borehole,Stable,167000
Mokola,Self Contained,1,1,26,207,1990,Semi-Furnished,Public,Stable,299000
Agbowo,Mini Flat,1,2,64,356,1991,Unfurnished,Borehole,Poor,473000
Bodija,Room,1,1,21,533,1997,Unfurnished,Borehole,Moderate,263000
Ajibode,2 Bedroom Flat,2,2,96,642,2002,Fully Furnished,Well,Poor,871000
Apata,Mini Flat,1,2,57,582,2008,Fully Furnished,Borehole,Poor,626000
Akobo,Mini Flat,1,2,61,650,1991,Semi-Furnished,Public,Poor,793000
Agbowo,2 Bedroom Flat,2,2,87,355,2020,Unfurnished,Public,Moderate,843000
Oluyole,Room,1,1,18,264,1999,Semi-Furnished,Borehole,Moderate,330000
Akobo,Room,1,1,23,565,1994,Semi-Furnished,Borehole,Stable,246000
Agbowo,2 Bedroom Flat,2,2,95,328,2012,Unfurnished,Borehole,Moderate,778000
Ajibode,2 Bedroom Flat,2,2,98,394,2019,Fully Furnished,Well,Moderate,984000
Oluyole,Room,1,1,26,717,2021,Semi-Furnished,Borehole,Stable,274000
Bodija,Mini Flat,1,2,46,584,1990,Semi-Furnished,Borehole,Moderate,701000
Challenge,Room,1,1,28,447,1992,Unfurnished,Borehole,Poor,185000
Bodija,Room,1,1,29,424,2019,Unfurnished,Well,Poor,288000
Mokola,Room,1,1,26,661,2017,Fully Furnished,Borehole,Stable,252000
Bodija,Room,1,1,28,588,2010,Semi-Furnished,Borehole,Moderate,313000
Akobo,Self Contained,1,1,25,331,2002,Unfurnished,Borehole,Poor,461000
Ring Road,2 Bedroom Flat,2,2,90,200,2015,Unfurnished,Borehole,Poor,699000
Agbowo,Self Contained,1,1,35,888,2019,Semi-Furnished,Borehole,Stable,396000
Ajibode,Room,1,1,23,329,2013,Unfurnished,Borehole,Moderate,159000
Ajibode,Room,1,1,22,644,1994,Semi-Furnished,Borehole,Stable,250000
Challenge,Room,1,1,28,821,2005,Semi-Furnished,Well,Stable,172000
Akobo,Room,1,1,29,576,2005,Unfurnished,Borehole,Moderate,257000
Oluyole,Self Contained,1,1,35,441,1999,Semi-Furnished,Borehole,Poor,432000
Ajibode,Self Contained,1,1,30,293,2007,Semi-Furnished,Borehole,Poor,360000
Ajibode,Room,1,1,21,290,2006,Unfurnished,Borehole,Stable,181000
Ajibode,Self Contained,1,1,27,617,2020,Semi-Furnished,Borehole,Moderate,389000
Agbowo,Room,1,1,24,811,2015,Unfurnished,Borehole,Poor,200000
Akobo,Mini Flat,1,2,63,478,2015,Unfurnished,Well,Poor,690000
Agbowo,Self Contained,1,1,31,449,2001,Semi-Furnished,Borehole,Stable,366000
Agbowo,Room,1,1,28,675,2007,Unfurnished,Well,Moderate,231000
Ring Road,Self Contained,1,1,30,426,2023,Fully Furnished,Borehole,Poor,393000
Agbowo,Room,1,1,18,599,2000,Unfurnished,Borehole,Moderate,250000
Bodija,Room,1,1,19,557,2019,Unfurnished,Well,Moderate,294000
Challenge,Room,1,1,18,476,2000,Fully Furnished,Public,Poor,207000
Agbowo,2 Bedroom Flat,2,2,91,547,1993,Unfurnished,Well,Moderate,626000
Akobo,Room,1,1,25,867,1999,Unfurnished,Public,Moderate,268000
Mokola,3 Bedroom Flat,3,3,110,658,2023,Semi-Furnished,Well,Moderate,1220000
Apata,Self Contained,1,1,37,746,2020,Unfurnished,Borehole,Moderate,259000
Ajibode,Room,1,1,25,384,2021,Semi-Furnished,Public,Poor,238000
Apata,Mini Flat,1,2,55,747,2017,Unfurnished,Well,Poor,409000
Bodija,Mini Flat,1,2,56,665,2021,Unfurnished,Well,Poor,752000
Agbowo,2 Bedroom Flat,2,2,74,280,2021,Fully Furnished,Borehole,Moderate,1042000
Bodija,Room,1,1,18,647,2006,Unfurnished,Well,Poor,289000
Ologuneru,2 Bedroom Flat,2,2,86,457,2023,Semi-Furnished,Borehole,Stable,747000
Bodija,2 Bedroom Flat,2,2,95,271,2010,Unfurnished,Well,Poor,976000
Agbowo,Room,1,1,19,573,2021,Unfurnished,Well,Stable,218000
Akobo,Self Contained,1,1,35,647,2023,Semi-Furnished,Borehole,Moderate,488000
Agbowo,Mini Flat,1,2,51,577,2023,Unfurnished,Well,Poor,573000
Ajibode,Room,1,1,29,530,1997,Semi-Furnished,Borehole,Moderate,269000
Ajibode,2 Bedroom Flat,2,2,70,490,2005,Unfurnished,Well,Poor,686000
Ajibode,Mini Flat,1,2,60,993,2012,Unfurnished,Public,Poor,522000
Ajibode,2 Bedroom Flat,2,2,96,337,2011,Unfurnished,Borehole,Stable,777000
Ajibode,Self Contained,1,1,34,707,2020,Semi-Furnished,Borehole,Moderate,348000
Akobo,Self Contained,1,1,39,552,2018,Fully Furnished,Well,Moderate,519000
Ajibode,Room,1,1,20,396,2008,Fully Furnished,Borehole,Stable,235000
Agbowo,Room,1,1,18,541,1998,Semi-Furnished,Borehole,Poor,263000
Ring Road,Mini Flat,1,2,62,299,1990,Unfurnished,Borehole,Moderate,502000
Bodija,3 Bedroom Flat,3,3,136,442,2022,Fully Furnished,Well,Moderate,1785000
Oluyole,Room,1,1,20,541,2006,Unfurnished,Well,Moderate,267000
Ajibode,Room,1,1,18,270,2015,Semi-Furnished,Borehole,Poor,227000
Ajibode,Room,1,1,21,641,2002,Unfurnished,Borehole,Stable,214000
Ajibode,Self Contained,1,1,27,376,1994,Unfurnished,Borehole,Moderate,293000
Ajibode,2 Bedroom Flat,2,2,86,288,2008,Unfurnished,Borehole,Poor,881000
Agbowo,Room,1,1,22,355,1998,Unfurnished,Public,Moderate,243000
Ajibode,Self Contained,1,1,36,941,1995,Semi-Furnished,Borehole,Poor,442000
Ajibode,Self Contained,1,1,25,200,2010,Fully Furnished,Well,Moderate,542000
Ajibode,2 Bedroom Flat,2,2,87,628,2011,Unfurnished,Well,Moderate,680000
Bodija,Room,1,1,18,414,1994,Semi-Furnished,Borehole,Moderate,350000
Ajibode,Room,1,1,23,486,2011,Fully Furnished,Borehole,Poor,248000
Agbowo,Self Contained,1,1,39,658,1996,Semi-Furnished,Borehole,Moderate,266000
Bodija,Self Contained,1,1,36,649,2015,Unfurnished,Public,Moderate,610000
Oluyole,Room,1,1,24,427,2014,Unfurnished,Well,Poor,244000
Ajibode,Mini Flat,1,2,60,305,1994,Unfurnished,Borehole,Stable,512000
Challenge,Mini Flat,1,2,48,661,2021,Unfurnished,Public,Stable,431000
Akobo,Room,1,1,18,649,1997,Semi-Furnished,Well,Moderate,260000
Ajibode,Self Contained,1,1,36,498,1998,Semi-Furnished,Borehole,Stable,412000
Ring Road,2 Bedroom Flat,2,2,83,629,2017,Unfurnished,Borehole,Poor,700000
Apata,2 Bedroom Flat,2,2,74,469,2009,Semi-Furnished,Borehole,Stable,694000
Ajibode,Room,1,1,29,401,1993,Semi-Furnished,Borehole,Stable,245000
Agbowo,2 Bedroom Flat,2,2,75,550,1992,Semi-Furnished,Borehole,Stable,1100000
Challenge,Room,1,1,25,643,2000,Unfurnished,Public,Moderate,181000
Challenge,Mini Flat,1,2,47,605,2018,Unfurnished,Public,Moderate,408000
Ajibode,Self Contained,1,1,36,641,2011,Unfurnished,Public,Stable,288000
Ajibode,3 Bedroom Flat,3,3,117,413,1997,Unfurnished,Well,Moderate,1171000
Agbowo,Mini Flat,1,2,46,834,2023,Semi-Furnished,Public,Poor,564000
Bodija,Room,1,1,22,488,2020,Unfurnished,Borehole,Moderate,303000
Akobo,Mini Flat,1,2,59,528,1993,Semi-Furnished,Borehole,Moderate,730000
Agbowo,Room,1,1,23,312,2004,Unfurnished,Public,Moderate,194000
Bodija,2 Bedroom Flat,2,2,83,515,2007,Unfurnished,Well,Moderate,893000
Challenge,Room,1,1,21,645,2000,Unfurnished,Well,Moderate,193000
Ajibode,Self Contained,1,1,39,687,2016,Semi-Furnished,Borehole,Poor,331000
Agbowo,Mini Flat,1,2,59,831,2008,Unfurnished,Borehole,Moderate,499000
Oluyole,Room,1,1,18,643,1998,Unfurnished,Well,Moderate,258000
Ring Road,Mini Flat,1,2,49,599,2014,Unfurnished,Public,Poor,550000
Bodija,Mini Flat,1,2,63,469,2011,Unfurnished,Well,Stable,686000
Bodija,Mini Flat,1,2,50,430,2012,Semi-Furnished,Public,Poor,842000
Ajibode,2 Bedroom Flat,2,2,91,724,1999,Unfurnished,Public,Moderate,812000
Bodija,Self Contained,1,1,27,721,2006,Unfurnished,Borehole,Stable,483000
Bodija,Room,1,1,23,356,2002,Unfurnished,Borehole,Poor,295000
Agbowo,Room,1,1,24,680,1993,Unfurnished,Well,Moderate,187000
Agbowo,Self Contained,1,1,34,667,2021,Semi-Furnished,Public,Poor,284000
Agbowo,Room,1,1,27,349,2017,Unfurnished,Well,Poor,257000
Ajibode,Mini Flat,1,2,56,647,2019,Fully Furnished,Borehole,Moderate,800000
Agbowo,Room,1,1,26,361,2010,Unfurnished,Well,Poor,208000
Ajibode,Room,1,1,18,200,2004,Unfurnished,Borehole,Moderate,221000
Agbowo,3 Bedroom Flat,3,3,159,521,1992,Unfurnished,Borehole,Poor,865000
Ajibode,2 Bedroom Flat,2,2,86,596,2006,Fully Furnished,Well,Poor,1029000
Ring Road,Room,1,1,18,529,2004,Unfurnished,Borehole,Poor,195000
Akobo,Self Contained,1,1,36,1066,2022,Unfurnished,Borehole,Poor,428000
Oluyole,2 Bedroom Flat,2,2,86,618,1994,Fully Furnished,Well,Moderate,1151000
Challenge,Mini Flat,1,2,50,576,1997,Fully Furnished,Borehole,Moderate,455000
Bodija,Room,1,1,29,627,1998,Semi-Furnished,Borehole,Moderate,344000
Ajibode,Self Contained,1,1,34,470,2015,Unfurnished,Well,Moderate,349000
Bodija,2 Bedroom Flat,2,2,90,717,1991,Semi-Furnished,Borehole,Stable,1049000
Akobo,Room,1,1,21,614,2001,Semi-Furnished,Borehole,Stable,299000
Challenge,Duplex,4,4,237,606,2008,Unfurnished,Well,Stable,1627000
Agbowo,Self Contained,1,1,34,437,2016,Unfurnished,Well,Moderate,402000
Ajibode,Room,1,1,26,268,2013,Unfurnished,Well,Stable,204000
Agbowo,2 Bedroom Flat,2,2,91,459,1991,Unfurnished,Borehole,Moderate,713000
Agbowo,Room,1,1,21,600,2005,Unfurnished,Borehole,Poor,220000
Akobo,Self Contained,1,1,36,469,1991,Unfurnished,Borehole,Stable,438000
Akobo,Self Contained,1,1,30,602,2010,Unfurnished,Borehole,Poor,370000
Agbowo,Room,1,1,23,508,1999,Semi-Furnished,Well,Moderate,265000
Ologuneru,2 Bedroom Flat,2,2,89,627,2006,Unfurnished,Borehole,Moderate,497000
Akobo,Mini Flat,1,2,52,374,2001,Unfurnished,Well,Stable,587000
Agbowo,Room,1,1,29,584,1996,Unfurnished,Well,Moderate,224000
Ajibode,Room,1,1,22,434,1998,Unfurnished,Borehole,Stable,175000
Ajibode,Room,1,1,26,273,1999,Fully Furnished,Well,Moderate,279000
Agbowo,Self Contained,1,1,28,520,2005,Unfurnished,Well,Poor,353000
Ajibode,Room,1,1,25,826,1990,Semi-Furnished,Borehole,Moderate,186000
Ajibode,Self Contained,1,1,36,287,1998,Semi-Furnished,Borehole,Stable,352000
Agbowo,2 Bedroom Flat,2,2,92,571,2002,Semi-Furnished,Borehole,Moderate,897000
Ajibode,2 Bedroom Flat,2,2,76,693,2005,Semi-Furnished,Public,Stable,920000
Ring Road,Room,1,1,29,964,2023,Fully Furnished,Well,Moderate,284000
Ajibode,Self Contained,1,1,33,461,2019,Unfurnished,Well,Stable,255000
Bodija,Self Contained,1,1,26,436,2002,Unfurnished,Well,Moderate,500000
Agbowo,Self Contained,1,1,26,339,1997,Semi-Furnished,Public,Poor,290000
Ologuneru,Self Contained,1,1,32,755,2000,Semi-Furnished,Well,Moderate,242000
Ajibode,Self Contained,1,1,26,393,2020,Semi-Furnished,Borehole,Stable,378000
Agbowo,Mini Flat,1,2,56,483,2000,Semi-Furnished,Public,Stable,704000
Ologuneru,Room,1,1,25,217,1996,Unfurnished,Borehole,Stable,195000
Mokola,Self Contained,1,1,30,709,1990,Semi-Furnished,Borehole,Poor,366000
Mokola,Self Contained,1,1,37,758,2012,Unfurnished,Well,Stable,293000
Agbowo,Room,1,1,19,702,2021,Unfurnished,Well,Stable,187000
Ajibode,Mini Flat,1,2,54,261,2004,Unfurnished,Public,Moderate,500000
Oluyole,Self Contained,1,1,37,659,2007,Unfurnished,Borehole,Poor,399000
Apata,2 Bedroom Flat,2,2,94,248,2017,Unfurnished,Public,Moderate,560000
Bodija,2 Bedroom Flat,2,2,79,560,2003,Semi-Furnished,Public,Poor,1071000
Akobo,Room,1,1,23,586,2002,Semi-Furnished,Borehole,Moderate,259000
Agbowo,Room,1,1,21,605,2023,Semi-Furnished,Borehole,Poor,265000
Challenge,2 Bedroom Flat,2,2,95,646,2009,Semi-Furnished,Public,Stable,822000
Ajibode,Self Contained,1,1,29,548,2013,Unfurnished,Borehole,Moderate,248000
Agbowo,Room,1,1,18,200,2017,Unfurnished,Public,Stable,197000
Agbowo,Mini Flat,1,2,58,646,2000,Semi-Furnished,Borehole,Stable,583000
Bodija,Self Contained,1,1,34,567,2017,Unfurnished,Well,Stable,488000
Agbowo,2 Bedroom Flat,2,2,87,387,2011,Unfurnished,Borehole,Stable,754000
Ajibode,Mini Flat,1,2,56,267,2019,Fully Furnished,Borehole,Moderate,666000
Akobo,3 Bedroom Flat,3,3,120,827,2006,Semi-Furnished,Well,Stable,1383000
Agbowo,Mini Flat,1,2,61,771,2011,Unfurnished,Public,Poor,442000
Akobo,2 Bedroom Flat,2,2,90,677,1990,Semi-Furnished,Borehole,Poor,1141000
Ajibode,Room,1,1,21,428,2009,Semi-Furnished,Borehole,Stable,236000
Bodija,Self Contained,1,1,31,200,1994,Unfurnished,Well,Stable,464000
Bodija,Room,1,1,19,687,2022,Semi-Furnished,Well,Stable,325000
Ajibode,2 Bedroom Flat,2,2,85,616,1990,Unfurnished,Well,Poor,862000
Agbowo,Room,1,1,19,482,1998,Unfurnished,Well,Moderate,211000
Ajibode,Self Contained,1,1,27,752,2021,Unfurnished,Well,Moderate,275000
Ajibode,Self Contained,1,1,27,702,2015,Unfurnished,Well,Poor,297000
Ologuneru,2 Bedroom Flat,2,2,70,581,1995,Semi-Furnished,Well,Moderate,722000
Agbowo,Self Contained,1,1,34,556,2019,Unfurnished,Borehole,Poor,365000
Challenge,Room,1,1,23,559,2012,Semi-Furnished,Borehole,Stable,202000
Agbowo,Self Contained,1,1,25,672,2014,Unfurnished,Public,Stable,332000
Oluyole,Room,1,1,29,395,2014,Semi-Furnished,Borehole,Poor,264000
Challenge,Room,1,1,24,626,2002,Unfurnished,Borehole,Moderate,175000
Akobo,Mini Flat,1,2,53,384,2014,Unfurnished,Borehole,Moderate,714000
Bodija,Room,1,1,27,790,2006,Unfurnished,Borehole,Poor,244000
Agbowo,Duplex,4,4,276,645,2016,Unfurnished,Well,Stable,2399000
Agbowo,Self Contained,1,1,27,426,2000,Unfurnished,Public,Moderate,354000
Apata,Room,1,1,25,564,1995,Unfurnished,Public,Moderate,146000
Mokola,2 Bedroom Flat,2,2,85,396,2004,Unfurnished,Well,Moderate,647000
Ologuneru,Room,1,1,27,820,2021,Unfurnished,Borehole,Moderate,177000
Ajibode,Self Contained,1,1,33,842,2013,Unfurnished,Well,Moderate,302000
Oluyole,3 Bedroom Flat,3,3,122,675,2000,Semi-Furnished,Public,Moderate,1706000
Apata,Room,1,1,18,830,2018,Unfurnished,Borehole,Poor,175000
Ajibode,Mini Flat,1,2,46,577,1997,Semi-Furnished,Borehole,Stable,592000
Ajibode,Room,1,1,23,687,1999,Unfurnished,Public,Stable,213000
Challenge,Self Contained,1,1,39,770,1999,Unfurnished,Borehole,Moderate,194000
Akobo,Mini Flat,1,2,51,548,1990,Fully Furnished,Borehole,Moderate,1133000
Mokola,Room,1,1,19,562,2012,Unfurnished,Borehole,Moderate,156000
Ajibode,Self Contained,1,1,33,718,2007,Semi-Furnished,Borehole,Moderate,380000
Challenge,Self Contained,1,1,30,666,2012,Semi-Furnished,Borehole,Poor,306000
Ajibode,Self Contained,1,1,25,414,1994,Fully Furnished,Borehole,Moderate,429000
Ajibode,Room,1,1,18,200,2020,Unfurnished,Borehole,Poor,224000
Ajibode,Self Contained,1,1,36,518,2009,Semi-Furnished,Public,Poor,398000
Mokola,Duplex,4,4,252,200,2018,Unfurnished,Borehole,Poor,1604000
Oluyole,Self Contained,1,1,32,371,2022,Unfurnished,Borehole,Moderate,396000
Bodija,2 Bedroom Flat,2,2,76,392,2021,Unfurnished,Borehole,Moderate,1158000
Agbowo,Room,1,1,25,447,2014,Semi-Furnished,Borehole,Moderate,226000
Ring Road,Self Contained,1,1,39,697,2016,Semi-Furnished,Well,Stable,328000
Agbowo,Self Contained,1,1,36,736,2012,Fully Furnished,Borehole,Stable,392000
Mokola,Self Contained,1,1,30,641,1991,Fully Furnished,Well,Poor,391000
Agbowo,Mini Flat,1,2,58,663,1993,Unfurnished,Borehole,Moderate,543000
Agbowo,2 Bedroom Flat,2,2,81,668,2014,Semi-Furnished,Borehole,Moderate,858000
Bodija,Mini Flat,1,2,55,200,2012,Unfurnished,Borehole,Stable,621000
Agbowo,2 Bedroom Flat,2,2,84,551,2012,Semi-Furnished,Well,Moderate,763000
Challenge,2 Bedroom Flat,2,2,91,226,2022,Semi-Furnished,Borehole,Stable,676000
Bodija,Self Contained,1,1,33,641,2017,Unfurnished,Well,Moderate,416000
Agbowo,2 Bedroom Flat,2,2,99,200,1997,Semi-Furnished,Well,Poor,847000
Ring Road,Self Contained,1,1,25,517,2022,Unfurnished,Public,Moderate,270000
Agbowo,Room,1,1,25,648,2018,Unfurnished,Borehole,Moderate,215000
Bodija,Room,1,1,29,348,2004,Semi-Furnished,Well,Moderate,412000
Ring Road,Mini Flat,1,2,61,723,2004,Fully Furnished,Well,Moderate,638000
Akobo,Mini Flat,1,2,60,641,2008,Unfurnished,Well,Moderate,574000
Ajibode,Room,1,1,29,618,2010,Unfurnished,Well,Stable,189000
Apata,Self Contained,1,1,38,675,2015,Semi-Furnished,Borehole,Poor,309000
Akobo,Room,1,1,18,485,2017,Unfurnished,Public,Moderate,274000
Agbowo,Self Contained,1,1,31,577,2011,Unfurnished,Public,Stable,325000
Ajibode,Self Contained,1,1,31,551,2005,Fully Furnished,Well,Moderate,425000
Challenge,Mini Flat,1,2,57,547,2001,Unfurnished,Borehole,Moderate,418000
Akobo,Room,1,1,25,429,2017,Semi-Furnished,Well,Moderate,259000
Bodija,Room,1,1,28,326,1996,Fully Furnished,Borehole,Stable,430000
Ring Road,Self Contained,1,1,33,489,2022,Fully Furnished,Public,Poor,377000
Challenge,2 Bedroom Flat,2,2,96,479,2013,Fully Furnished,Well,Poor,897000
Ajibode,2 Bedroom Flat,2,2,76,417,2000,Unfurnished,Borehole,Stable,620000
Agbowo,Self Contained,1,1,38,703,2004,Semi-Furnished,Borehole,Moderate,424000
Agbowo,Self Contained,1,1,33,339,2008,Unfurnished,Well,Moderate,278000
Challenge,Mini Flat,1,2,59,519,2004,Unfurnished,Borehole,Moderate,397000
Ajibode,2 Bedroom Flat,2,2,74,759,1998,Semi-Furnished,Borehole,Moderate,966000
Akobo,Self Contained,1,1,32,713,2002,Unfurnished,Well,Moderate,356000
Challenge,2 Bedroom Flat,2,2,95,768,2018,Unfurnished,Borehole,Stable,641000
Ring Road,Room,1,1,27,443,2015,Unfurnished,Borehole,Stable,217000
Agbowo,Room,1,1,26,691,2012,Unfurnished,Borehole,Poor,160000
Mokola,Room,1,1,24,358,2006,Semi-Furnished,Well,Poor,208000
Ajibode,Mini Flat,1,2,55,500,1994,Semi-Furnished,Well,Stable,686000
Mokola,2 Bedroom Flat,2,2,72,517,2005,Unfurnished,Borehole,Poor,775000
Ajibode,Self Contained,1,1,37,446,2019,Unfurnished,Borehole,Moderate,279000
Agbowo,Mini Flat,1,2,49,484,2010,Semi-Furnished,Well,Poor,579000
Challenge,Room,1,1,28,461,1994,Fully Furnished,Borehole,Moderate,235000
Ajibode,Self Contained,1,1,25,373,2015,Unfurnished,Well,Poor,282000
Agbowo,Self Contained,1,1,25,704,2019,Unfurnished,Borehole,Moderate,269000
Oluyole,Self Contained,1,1,39,517,2011,Unfurnished,Borehole,Moderate,360000
Oluyole,Room,1,1,28,586,1991,Unfurnished,Public,Poor,245000
Akobo,Mini Flat,1,2,60,579,2001,Unfurnished,Borehole,Stable,645000
Oluyole,Mini Flat,1,2,56,559,2016,Fully Furnished,Borehole,Stable,699000
Bodija,Mini Flat,1,2,56,566,2015,Fully Furnished,Borehole,Stable,796000
Agbowo,Mini Flat,1,2,48,495,2014,Fully Furnished,Borehole,Moderate,636000
Agbowo,Self Contained,1,1,27,805,2008,Semi-Furnished,Well,Stable,332000
Ajibode,2 Bedroom Flat,2,2,75,686,2016,Fully Furnished,Borehole,Stable,911000
Ring Road,Self Contained,1,1,27,553,2006,Unfurnished,Borehole,Stable,308000
Akobo,2 Bedroom Flat,2,2,79,469,1995,Fully Furnished,Well,Moderate,1456000
Agbowo,Self Contained,1,1,25,528,2012,Unfurnished,Borehole,Moderate,355000
Bodija,Mini Flat,1,2,63,625,2007,Unfurnished,Borehole,Moderate,585000
Apata,Room,1,1,22,819,1991,Unfurnished,Borehole,Stable,171000
Ajibode,Room,1,1,25,302,2008,Semi-Furnished,Borehole,Stable,194000
Akobo,3 Bedroom Flat,3,3,111,668,1993,Semi-Furnished,Public,Moderate,1531000
Bodija,Self Contained,1,1,33,752,2022,Semi-Furnished,Borehole,Moderate,499000
Akobo,Room,1,1,18,282,2023,Unfurnished,Borehole,Poor,233000
Ajibode,Mini Flat,1,2,46,517,2021,Semi-Furnished,Public,Poor,602000
Ring Road,3 Bedroom Flat,3,3,126,358,2007,Fully Furnished,Borehole,Poor,1406000
Apata,Mini Flat,1,2,55,627,1998,Semi-Furnished,Borehole,Poor,453000
Akobo,Duplex,4,4,266,485,1992,Fully Furnished,Borehole,Stable,3954000
Oluyole,3 Bedroom Flat,3,3,121,526,2007,Semi-Furnished,Borehole,Poor,1444000
Apata,Self Contained,1,1,26,476,2014,Unfurnished,Borehole,Moderate,238000
Oluyole,Room,1,1,29,679,1991,Unfurnished,Borehole,Moderate,263000
Ajibode,Room,1,1,24,591,1990,Unfurnished,Well,Stable,199000
Akobo,Room,1,1,27,591,2013,Unfurnished,Borehole,Poor,272000
Akobo,Mini Flat,1,2,58,578,2013,Semi-Furnished,Well,Poor,741000
Agbowo,2 Bedroom Flat,2,2,95,653,1993,Fully Furnished,Borehole,Stable,947000
Oluyole,Room,1,1,21,502,2001,Unfurnished,Borehole,Moderate,253000
Apata,2 Bedroom Flat,2,2,88,856,2012,Semi-Furnished,Borehole,Poor,707000
Apata,Mini Flat,1,2,46,327,2011,Semi-Furnished,Borehole,Stable,371000
Bodija,Mini Flat,1,2,57,239,2015,Unfurnished,Public,Moderate,950000
Ajibode,Room,1,1,21,224,1993,Unfurnished,Borehole,Moderate,203000
Ologuneru,Room,1,1,21,200,1996,Unfurnished,Borehole,Stable,203000
Mokola,Mini Flat,1,2,61,671,2012,Unfurnished,Well,Moderate,451000
Ajibode,Mini Flat,1,2,59,649,2020,Unfurnished,Borehole,Stable,562000
Apata,Self Contained,1,1,27,767,1996,Unfurnished,Borehole,Stable,247000
Mokola,Self Contained,1,1,26,359,2011,Fully Furnished,Public,Stable,410000
Bodija,Room,1,1,21,684,2008,Unfurnished,Borehole,Moderate,287000
Akobo,Duplex,4,4,192,560,2019,Unfurnished,Public,Moderate,2786000
Agbowo,2 Bedroom Flat,2,2,88,579,2015,Semi-Furnished,Well,Stable,782000
Ajibode,3 Bedroom Flat,3,3,135,662,2011,Unfurnished,Borehole,Moderate,938000
Agbowo,2 Bedroom Flat,2,2,98,413,1998,Unfurnished,Well,Moderate,838000
Challenge,Self Contained,1,1,35,1015,2018,Fully Furnished,Public,Poor,412000
Ajibode,2 Bedroom Flat,2,2,70,789,2021,Fully Furnished,Public,Stable,1019000
Agbowo,Room,1,1,19,454,2007,Semi-Furnished,Public,Poor,266000
Agbowo,Mini Flat,1,2,53,353,2020,Fully Furnished,Borehole,Moderate,629000
Bodija,Room,1,1,27,534,2021,Semi-Furnished,Borehole,Moderate,261000
Ring Road,Self Contained,1,1,31,582,1998,Unfurnished,Well,Poor,258000
Agbowo,2 Bedroom Flat,2,2,77,741,2019,Semi-Furnished,Well,Moderate,773000
Agbowo,Self Contained,1,1,37,339,2021,Semi-Furnished,Borehole,Moderate,370000
Oluyole,2 Bedroom Flat,2,2,76,601,1997,Unfurnished,Borehole,Moderate,942000
Bodija,Self Contained,1,1,29,274,2013,Semi-Furnished,Public,Poor,516000
Agbowo,Room,1,1,19,628,1993,Fully Furnished,Borehole,Stable,307000
Bodija,Room,1,1,27,530,2006,Unfurnished,Well,Stable,286000
Ajibode,Room,1,1,23,898,2010,Semi-Furnished,Borehole,Poor,178000
Ajibode,Self Contained,1,1,29,271,1998,Unfurnished,Well,Stable,260000
Bodija,2 Bedroom Flat,2,2,96,796,1994,Fully Furnished,Borehole,Moderate,1579000
Agbowo,Room,1,1,28,243,1994,Semi-Furnished,Borehole,Stable,225000
Ring Road,Self Contained,1,1,36,311,2019,Fully Furnished,Borehole,Stable,342000
Agbowo,Duplex,4,4,252,248,1995,Unfurnished,Well,Stable,2338000
Akobo,Self Contained,1,1,31,595,1997,Unfurnished,Well,Moderate,388000
Akobo,3 Bedroom Flat,3,3,151,338,2022,Unfurnished,Borehole,Moderate,1537000
Ajibode,2 Bedroom Flat,2,2,96,307,2004,Semi-Furnished,Borehole,Moderate,933000
Oluyole,Self Contained,1,1,30,586,1998,Unfurnished,Borehole,Stable,404000
Ajibode,Mini Flat,1,2,64,631,1992,Unfurnished,Borehole,Stable,422000
Ologuneru,Room,1,1,23,557,2020,Unfurnished,Well,Poor,150000
Ajibode,Self Contained,1,1,37,520,1996,Unfurnished,Borehole,Stable,377000
Agbowo,Mini Flat,1,2,60,879,2005,Unfurnished,Well,Moderate,340000
Ajibode,Room,1,1,19,576,2017,Semi-Furnished,Borehole,Poor,232000
Ologuneru,Room,1,1,24,695,2004,Semi-Furnished,Borehole,Stable,239000
Bodija,Room,1,1,23,575,1996,Unfurnished,Well,Stable,338000
Akobo,Room,1,1,18,352,2020,Fully Furnished,Well,Moderate,335000
Ajibode,Room,1,1,21,648,1997,Semi-Furnished,Well,Poor,248000
Challenge,2 Bedroom Flat,2,2,73,431,2005,Unfurnished,Borehole,Stable,421000
Ajibode,Self Contained,1,1,25,533,2023,Unfurnished,Well,Poor,282000
Ring Road,Self Contained,1,1,28,604,1990,Unfurnished,Borehole,Poor,323000
Ajibode,Room,1,1,18,200,2008,Unfurnished,Well,Poor,209000
Ajibode,Room,1,1,19,260,2003,Unfurnished,Borehole,Moderate,195000
Ajibode,Self Contained,1,1,37,713,2008,Unfurnished,Well,Stable,336000
Bodija,Mini Flat,1,2,51,430,2012,Fully Furnished,Public,Poor,899000
Akobo,Room,1,1,28,439,1993,Unfurnished,Borehole,Poor,230000
Ajibode,Self Contained,1,1,35,579,2023,Semi-Furnished,Well,Moderate,320000
Challenge,Mini Flat,1,2,61,480,1991,Unfurnished,Borehole,Moderate,351000
Bodija,3 Bedroom Flat,3,3,119,625,2001,Semi-Furnished,Borehole,Moderate,1816000
Bodija,Room,1,1,21,540,2012,Unfurnished,Well,Moderate,262000
Bodija,Self Contained,1,1,33,585,2007,Unfurnished,Borehole,Moderate,436000
Agbowo,Self Contained,1,1,34,423,2021,Semi-Furnished,Borehole,Moderate,267000
Bodija,Room,1,1,26,584,2006,Semi-Furnished,Public,Moderate,353000
Ajibode,Mini Flat,1,2,63,748,2020,Fully Furnished,Borehole,Stable,666000
Ajibode,3 Bedroom Flat,3,3,126,447,2015,Unfurnished,Borehole,Moderate,956000
Mokola,Room,1,1,27,714,2001,Unfurnished,Well,Moderate,163000
Apata,Self Contained,1,1,29,540,2005,Unfurnished,Well,Stable,279000
Agbowo,Room,1,1,21,682,1993,Semi-Furnished,Borehole,Poor,218000
Agbowo,Self Contained,1,1,34,573,2017,Unfurnished,Borehole,Poor,383000
Akobo,3 Bedroom Flat,3,3,128,543,2022,Semi-Furnished,Borehole,Moderate,1434000
Agbowo,Self Contained,1,1,35,612,1999,Unfurnished,Well,Moderate,307000
Ajibode,Room,1,1,21,768,2020,Semi-Furnished,Borehole,Stable,247000
Ajibode,Room,1,1,28,592,2003,Unfurnished,Borehole,Stable,214000
Oluyole,Mini Flat,1,2,49,636,1994,Unfurnished,Well,Moderate,561000
Akobo,2 Bedroom Flat,2,2,94,483,1999,Semi-Furnished,Borehole,Moderate,1129000
Ajibode,Self Contained,1,1,27,832,2014,Unfurnished,Public,Moderate,254000
Agbowo,Self Contained,1,1,38,665,2006,Fully Furnished,Borehole,Stable,494000
Agbowo,2 Bedroom Flat,2,2,94,563,2009,Unfurnished,Borehole,Stable,825000
Oluyole,Room,1,1,26,527,2022,Fully Furnished,Well,Stable,273000
Ajibode,3 Bedroom Flat,3,3,118,726,1998,Unfurnished,Well,Poor,1032000
Ajibode,Self Contained,1,1,26,440,2020,Unfurnished,Well,Poor,363000
Challenge,Self Contained,1,1,27,229,1994,Fully Furnished,Borehole,Stable,383000
Ajibode,Mini Flat,1,2,52,563,2018,Unfurnished,Public,Poor,516000
Akobo,Room,1,1,26,764,1993,Semi-Furnished,Well,Poor,323000
Agbowo,Room,1,1,27,836,2020,Fully Furnished,Borehole,Stable,290000
Ajibode,Room,1,1,29,530,1993,Unfurnished,Well,Poor,188000
Agbowo,Mini Flat,1,2,50,557,2007,Unfurnished,Well,Moderate,431000
Oluyole,Room,1,1,23,643,2007,Fully Furnished,Well,Moderate,271000
Mokola,Self Contained,1,1,38,502,2023,Unfurnished,Well,Moderate,246000
Mokola,Room,1,1,27,642,2003,Unfurnished,Public,Poor,143000
Agbowo,Self Contained,1,1,39,534,2015,Unfurnished,Borehole,Moderate,306000
Oluyole,Room,1,1,25,732,2012,Unfurnished,Public,Poor,255000
Ajibode,Mini Flat,1,2,50,680,2022,Unfurnished,Public,Moderate,580000
Agbowo,3 Bedroom Flat,3,3,136,695,2006,Unfurnished,Borehole,Moderate,972000
Ring Road,Room,1,1,23,513,2021,Fully Furnished,Well,Stable,288000
Ajibode,Self Contained,1,1,30,896,2019,Fully Furnished,Public,Moderate,368000
Ajibode,Self Contained,1,1,35,637,2004,Semi-Furnished,Well,Poor,368000
Ajibode,Mini Flat,1,2,58,594,1996,Fully Furnished,Well,Moderate,774000
Ajibode,Room,1,1,18,413,1995,Unfurnished,Well,Moderate,168000
Ajibode,Mini Flat,1,2,52,532,1998,Unfurnished,Borehole,Moderate,579000
Akobo,2 Bedroom Flat,2,2,92,570,2002,Fully Furnished,Borehole,Stable,1195000
Agbowo,2 Bedroom Flat,2,2,95,408,2007,Fully Furnished,Borehole,Moderate,1176000
Ring Road,Self Contained,1,1,28,497,1990,Unfurnished,Borehole,Moderate,274000
Mokola,2 Bedroom Flat,2,2,99,520,2013,Unfurnished,Borehole,Poor,685000
Agbowo,Self Contained,1,1,26,560,2005,Semi-Furnished,Borehole,Stable,384000
Agbowo,Room,1,1,21,232,2007,Semi-Furnished,Borehole,Stable,229000
Agbowo,Room,1,1,23,525,1992,Unfurnished,Borehole,Stable,217000
Akobo,Self Contained,1,1,31,482,1997,Unfurnished,Public,Moderate,328000
Agbowo,Self Contained,1,1,32,546,2007,Unfurnished,Borehole,Moderate,355000
Akobo,2 Bedroom Flat,2,2,83,736,2018,Unfurnished,Public,Stable,796000
Agbowo,Mini Flat,1,2,62,919,2016,Unfurnished,Well,Moderate,503000
Bodija,Room,1,1,19,672,2018,Semi-Furnished,Public,Moderate,337000
Agbowo,Self Contained,1,1,26,327,1993,Unfurnished,Borehole,Moderate,299000
Agbowo,Mini Flat,1,2,63,487,2001,Unfurnished,Well,Moderate,463000
Apata,Self Contained,1,1,39,657,2002,Fully Furnished,Well,Moderate,288000
Challenge,Room,1,1,29,636,2003,Unfurnished,Borehole,Poor,153000
Ajibode,3 Bedroom Flat,3,3,110,727,2003,Unfurnished,Well,Moderate,913000
Mokola,Self Contained,1,1,36,532,1999,Semi-Furnished,Borehole,Stable,336000
Bodija,Room,1,1,22,484,2011,Fully Furnished,Borehole,Stable,414000
Ring Road,Self Contained,1,1,28,865,1998,Unfurnished,Well,Poor,331000
Challenge,Room,1,1,18,560,2013,Unfurnished,Public,Stable,200000
Agbowo,Room,1,1,26,366,2006,Unfurnished,Well,Poor,218000
Ajibode,Mini Flat,1,2,47,815,2013,Unfurnished,Well,Moderate,577000
Agbowo,2 Bedroom Flat,2,2,80,280,1994,Unfurnished,Well,Moderate,757000
Bodija,Self Contained,1,1,28,200,2023,Unfurnished,Borehole,Stable,441000
Akobo,Room,1,1,25,688,1990,Unfurnished,Public,Moderate,314000
Agbowo,Self Contained,1,1,35,713,2016,Semi-Furnished,Borehole,Moderate,367000
Ajibode,Self Contained,1,1,33,624,1997,Semi-Furnished,Well,Moderate,294000
Mokola,Self Contained,1,1,34,315,1995,Unfurnished,Borehole,Moderate,362000
Ologuneru,Room,1,1,27,539,1994,Unfurnished,Well,Moderate,174000
Bodija,Mini Flat,1,2,61,499,2007,Semi-Furnished,Borehole,Moderate,744000
Ajibode,Room,1,1,25,453,1996,Semi-Furnished,Borehole,Moderate,228000
Agbowo,Room,1,1,24,804,2022,Semi-Furnished,Well,Moderate,250000
Ajibode,Mini Flat,1,2,46,361,2023,Semi-Furnished,Public,Moderate,558000
Ring Road,Mini Flat,1,2,46,606,2021,Unfurnished,Well,Poor,416000
Ajibode,Room,1,1,25,764,1992,Unfurnished,Public,Stable,207000
Akobo,Room,1,1,27,618,1990,Fully Furnished,Borehole,Moderate,406000
Agbowo,Self Contained,1,1,39,773,2010,Unfurnished,Public,Poor,272000
Bodija,2 Bedroom Flat,2,2,80,651,2002,Fully Furnished,Borehole,Stable,1570000
Akobo,Room,1,1,22,627,1997,Unfurnished,Public,Stable,275000
Mokola,Self Contained,1,1,35,616,2019,Fully Furnished,Borehole,Poor,390000
Ajibode,Room,1,1,26,660,1997,Unfurnished,Borehole,Moderate,229000
Ajibode,Mini Flat,1,2,55,480,2016,Unfurnished,Well,Stable,554000
Ajibode,Self Contained,1,1,38,315,2012,Fully Furnished,Well,Poor,396000
Ring Road,Self Contained,1,1,38,721,1997,Semi-Furnished,Borehole,Stable,447000
Ring Road,Mini Flat,1,2,53,759,2004,Fully Furnished,Borehole,Stable,561000
Akobo,Self Contained,1,1,34,595,1996,Unfurnished,Borehole,Moderate,361000
Akobo,Room,1,1,24,451,2001,Semi-Furnished,Borehole,Moderate,331000
Oluyole,Self Contained,1,1,26,269,2019,Semi-Furnished,Well,Stable,324000
Ajibode,3 Bedroom Flat,3,3,141,565,1999,Unfurnished,Borehole,Moderate,1072000
Ring Road,2 Bedroom Flat,2,2,88,307,2008,Unfurnished,Public,Moderate,745000
Agbowo,Self Contained,1,1,26,281,2007,Unfurnished,Borehole,Stable,336000
Agbowo,Mini Flat,1,2,56,546,2009,Unfurnished,Public,Moderate,598000
Bodija,Room,1,1,25,412,1991,Unfurnished,Borehole,Moderate,328000
Ajibode,Self Contained,1,1,27,612,2019,Semi-Furnished,Borehole,Moderate,351000
Ajibode,2 Bedroom Flat,2,2,73,521,2000,Semi-Furnished,Borehole,Stable,857000
Oluyole,Room,1,1,29,440,2011,Fully Furnished,Borehole,Stable,367000
Ajibode,Duplex,4,4,215,243,2008,Unfurnished,Borehole,Moderate,1970000
Akobo,2 Bedroom Flat,2,2,85,396,1992,Unfurnished,Borehole,Moderate,1179000
Agbowo,Mini Flat,1,2,46,403,1993,Unfurnished,Borehole,Moderate,399000
Agbowo,Self Contained,1,1,38,329,1998,Semi-Furnished,Well,Moderate,345000
Agbowo,Room,1,1,18,490,1997,Unfurnished,Well,Poor,151000
Agbowo,Room,1,1,28,343,2023,Semi-Furnished,Public,Moderate,265000
Oluyole,Mini Flat,1,2,53,520,2020,Unfurnished,Borehole,Stable,665000
Agbowo,Self Contained,1,1,32,593,2008,Fully Furnished,Borehole,Moderate,417000
Akobo,2 Bedroom Flat,2,2,93,401,2021,Unfurnished,Well,Moderate,751000
Bodija,Room,1,1,22,626,2017,Unfurnished,Well,Stable,348000
Oluyole,2 Bedroom Flat,2,2,76,304,2007,Unfurnished,Borehole,Moderate,671000
Apata,2 Bedroom Flat,2,2,73,349,2014,Unfurnished,Public,Moderate,635000
Oluyole,Mini Flat,1,2,55,529,1999,Semi-Furnished,Borehole,Moderate,626000
Ajibode,Room,1,1,26,673,1994,Unfurnished,Borehole,Moderate,241000
Ajibode,Room,1,1,23,706,2004,Fully Furnished,Borehole,Stable,283000
Agbowo,Room,1,1,26,840,2014,Semi-Furnished,Borehole,Stable,243000
Akobo,Room,1,1,23,482,2009,Unfurnished,Well,Stable,234000
Ajibode,Mini Flat,1,2,59,527,1999,Unfurnished,Well,Poor,505000
Bodija,Self Contained,1,1,35,364,2017,Unfurnished,Borehole,Moderate,523000
Akobo,Mini Flat,1,2,54,324,1995,Unfurnished,Borehole,Stable,791000
Agbowo,Room,1,1,25,591,2000,Unfurnished,Borehole,Poor,265000
Challenge,Self Contained,1,1,31,410,2008,Fully Furnished,Borehole,Stable,339000
Ajibode,2 Bedroom Flat,2,2,78,771,2005,Semi-Furnished,Borehole,Stable,742000
Ajibode,Duplex,4,4,183,286,2021,Unfurnished,Borehole,Poor,2190000
Oluyole,Room,1,1,23,637,1991,Unfurnished,Borehole,Moderate,314000
Bodija,Mini Flat,1,2,49,368,2015,Unfurnished,Well,Moderate,634000
Oluyole,Self Contained,1,1,31,402,2010,Semi-Furnished,Borehole,Stable,339000
Agbowo,Room,1,1,28,647,2004,Semi-Furnished,Well,Moderate,205000
Agbowo,Mini Flat,1,2,50,428,2002,Semi-Furnished,Borehole,Poor,576000
Mokola,Room,1,1,29,457,1996,Unfurnished,Borehole,Stable,153000
Challenge,Self Contained,1,1,32,403,1992,Semi-Furnished,Public,Stable,300000
Oluyole,3 Bedroom Flat,3,3,124,871,2004,Unfurnished,Borehole,Moderate,1222000
Agbowo,Mini Flat,1,2,53,438,2009,Fully Furnished,Well,Stable,668000
Akobo,Room,1,1,18,559,1992,Unfurnished,Public,Poor,246000
Agbowo,Mini Flat,1,2,45,513,2016,Semi-Furnished,Well,Stable,492000
Ajibode,Room,1,1,26,589,2004,Unfurnished,Borehole,Moderate,177000
Ring Road,2 Bedroom Flat,2,2,75,439,1992,Semi-Furnished,Borehole,Moderate,742000
Ajibode,Self Contained,1,1,29,513,2017,Semi-Furnished,Borehole,Stable,410000
Apata,Mini Flat,1,2,49,620,1990,Semi-Furnished,Public,Moderate,492000
Bodija,Room,1,1,27,394,2009,Unfurnished,Well,Poor,250000
Ajibode,Room,1,1,25,746,2000,Unfurnished,Well,Moderate,210000
Bodija,Self Contained,1,1,35,763,2014,Unfurnished,Well,Moderate,495000
Ring Road,Self Contained,1,1,38,659,1993,Fully Furnished,Borehole,Moderate,378000
Oluyole,2 Bedroom Flat,2,2,70,562,2008,Semi-Furnished,Borehole,Stable,883000
Challenge,Room,1,1,20,200,2017,Unfurnished,Borehole,Stable,192000
Akobo,Self Contained,1,1,38,626,1999,Fully Furnished,Borehole,Moderate,650000
Oluyole,Room,1,1,27,479,2010,Semi-Furnished,Public,Stable,230000
Mokola,Self Contained,1,1,39,505,2005,Semi-Furnished,Borehole,Moderate,308000
Agbowo,3 Bedroom Flat,3,3,151,208,2022,Unfurnished,Well,Moderate,965000
Bodija,Room,1,1,25,638,2002,Unfurnished,Borehole,Moderate,335000
Agbowo,2 Bedroom Flat,2,2,80,289,2018,Unfurnished,Borehole,Poor,699000
Ologuneru,Room,1,1,24,571,1993,Semi-Furnished,Public,Poor,183000
Apata,2 Bedroom Flat,2,2,97,712,2016,Unfurnished,Borehole,Moderate,563000
Ajibode,Self Contained,1,1,38,465,1997,Unfurnished,Borehole,Stable,336000
Oluyole,Room,1,1,18,768,1997,Semi-Furnished,Borehole,Poor,294000
Apata,2 Bedroom Flat,2,2,81,415,2014,Unfurnished,Well,Moderate,539000
Ajibode,2 Bedroom Flat,2,2,75,658,2015,Semi-Furnished,Public,Stable,902000
Akobo,Room,1,1,19,315,1990,Unfurnished,Borehole,Moderate,248000
Ring Road,Room,1,1,19,735,2022,Fully Furnished,Public,Stable,286000
Ajibode,Room,1,1,19,707,2008,Unfurnished,Well,Poor,229000
Oluyole,Self Contained,1,1,37,634,2009,Semi-Furnished,Well,Poor,411000
Agbowo,3 Bedroom Flat,3,3,150,479,2007,Semi-Furnished,Public,Stable,1009000
Apata,2 Bedroom Flat,2,2,75,297,2015,Unfurnished,Borehole,Moderate,625000
Ologuneru,Self Contained,1,1,31,479,1998,Unfurnished,Well,Stable,262000
Apata,Room,1,1,29,749,2016,Semi-Furnished,Borehole,Moderate,133000
Bodija,Self Contained,1,1,33,573,1995,Fully Furnished,Borehole,Stable,475000
Mokola,Self Contained,1,1,29,270,2009,Semi-Furnished,Borehole,Moderate,291000
Mokola,Room,1,1,23,347,1990,Unfurnished,Borehole,Poor,148000
Agbowo,Mini Flat,1,2,57,775,2005,Semi-Furnished,Well,Moderate,541000
Mokola,Duplex,4,4,291,637,1993,Semi-Furnished,Borehole,Moderate,2170000
Ajibode,Room,1,1,28,327,1992,Unfurnished,Well,Stable,191000
Akobo,Room,1,1,25,232,2011,Unfurnished,Well,Poor,270000
Agbowo,2 Bedroom Flat,2,2,78,437,1998,Semi-Furnished,Borehole,Moderate,679000
Ajibode,Room,1,1,20,216,1997,Fully Furnished,Borehole,Moderate,259000
Ajibode,Room,1,1,29,521,1996,Semi-Furnished,Borehole,Stable,227000
Oluyole,Room,1,1,29,991,2001,Unfurnished,Borehole,Moderate,207000
Agbowo,Mini Flat,1,2,49,262,1990,Semi-Furnished,Public,Moderate,602000
Oluyole,Room,1,1,23,516,2001,Fully Furnished,Public,Moderate,347000
Ajibode,Room,1,1,26,786,2005,Unfurnished,Public,Moderate,188000
Agbowo,Mini Flat,1,2,55,684,2003,Semi-Furnished,Public,Poor,606000
Bodija,Mini Flat,1,2,63,523,2019,Semi-Furnished,Borehole,Moderate,688000
Challenge,Mini Flat,1,2,55,523,2008,Unfurnished,Borehole,Moderate,449000
Agbowo,Self Contained,1,1,28,341,2008,Semi-Furnished,Borehole,Moderate,437000
Akobo,2 Bedroom Flat,2,2,81,501,2002,Unfurnished,Borehole,Moderate,1014000
Ring Road,Room,1,1,25,593,1999,Semi-Furnished,Well,Moderate,199000
Akobo,Self Contained,1,1,25,748,2018,Fully Furnished,Public,Moderate,558000
Agbowo,Self Contained,1,1,34,438,2017,Unfurnished,Well,Moderate,345000
Ajibode,Self Contained,1,1,32,515,2002,Unfurnished,Borehole,Poor,335000
Ring Road,Room,1,1,18,379,2004,Unfurnished,Borehole,Moderate,210000
Ajibode,Room,1,1,25,590,2006,Unfurnished,Well,Moderate,210000
Ring Road,Duplex,4,4,261,691,2012,Unfurnished,Borehole,Poor,1839000
Bodija,Room,1,1,21,663,1999,Semi-Furnished,Borehole,Moderate,337000
Apata,Self Contained,1,1,32,339,2003,Unfurnished,Public,Poor,260000
Challenge,2 Bedroom Flat,2,2,75,576,2021,Semi-Furnished,Borehole,Stable,618000
Ologuneru,Room,1,1,29,428,2023,Semi-Furnished,Borehole,Stable,198000
Agbowo,Self Contained,1,1,30,731,2020,Semi-Furnished,Borehole,Stable,407000
Challenge,Self Contained,1,1,29,520,2021,Semi-Furnished,Borehole,Moderate,345000
Agbowo,Room,1,1,28,276,2005,Semi-Furnished,Well,Stable,178000
Bodija,Room,1,1,22,510,2015,Unfurnished,Borehole,Stable,222000
Akobo,Mini Flat,1,2,52,632,2006,Semi-Furnished,Well,Moderate,791000
Ring Road,Self Contained,1,1,28,593,2011,Fully Furnished,Borehole,Poor,462000
Ologuneru,Room,1,1,27,457,2012,Unfurnished,Well,Moderate,186000
Challenge,Room,1,1,20,444,2014,Unfurnished,Well,Moderate,184000
Agbowo,Mini Flat,1,2,52,372,1994,Unfurnished,Public,Moderate,516000
Agbowo,Mini Flat,1,2,47,478,1995,Semi-Furnished,Borehole,Moderate,712000
Oluyole,Self Contained,1,1,36,395,2015,Semi-Furnished,Well,Moderate,370000
Agbowo,Room,1,1,22,724,1995,Unfurnished,Borehole,Moderate,186000
Ajibode,2 Bedroom Flat,2,2,84,387,2008,Fully Furnished,Borehole,Moderate,1174000
Agbowo,Room,1,1,25,572,2008,Unfurnished,Borehole,Stable,173000
Agbowo,Mini Flat,1,2,56,559,2020,Unfurnished,Borehole,Poor,536000
Agbowo,Room,1,1,19,720,2012,Semi-Furnished,Borehole,Poor,264000
Agbowo,3 Bedroom Flat,3,3,153,746,2001,Fully Furnished,Well,Stable,1641000
Ajibode,Mini Flat,1,2,56,675,2002,Unfurnished,Borehole,Stable,423000
Ajibode,Self Contained,1,1,29,613,2011,Semi-Furnished,Borehole,Poor,406000
Ologuneru,Self Contained,1,1,28,361,1992,Unfurnished,Borehole,Moderate,234000
Agbowo,Self Contained,1,1,33,357,2001,Unfurnished,Borehole,Stable,385000
Agbowo,Mini Flat,1,2,48,397,2020,Unfurnished,Borehole,Moderate,455000
Oluyole,Self Contained,1,1,28,685,2002,Unfurnished,Well,Stable,401000
Ajibode,Mini Flat,1,2,62,563,2012,Unfurnished,Borehole,Stable,391000
Apata,Room,1,1,22,706,2002,Semi-Furnished,Well,Poor,202000
Challenge,Self Contained,1,1,27,730,1995,Fully Furnished,Well,Moderate,322000
Ajibode,Mini Flat,1,2,47,419,1992,Fully Furnished,Borehole,Moderate,757000
Agbowo,Self Contained,1,1,33,555,1996,Unfurnished,Well,Moderate,338000
Ring Road,3 Bedroom Flat,3,3,139,547,1999,Unfurnished,Borehole,Moderate,1072000
Apata,Self Contained,1,1,25,490,2020,Fully Furnished,Borehole,Moderate,315000
Bodija,Room,1,1,28,453,1993,Fully Furnished,Borehole,Stable,371000
Akobo,2 Bedroom Flat,2,2,75,763,1995,Semi-Furnished,Public,Moderate,1179000
Ajibode,Self Contained,1,1,38,559,2007,Semi-Furnished,Borehole,Poor,376000
Ologuneru,Self Contained,1,1,35,552,1996,Unfurnished,Public,Moderate,300000
Agbowo,Mini Flat,1,2,48,405,2023,Semi-Furnished,Borehole,Stable,661000
Apata,2 Bedroom Flat,2,2,72,671,2012,Unfurnished,Borehole,Stable,571000
Akobo,Room,1,1,25,369,1997,Semi-Furnished,Public,Poor,261000
Akobo,2 Bedroom Flat,2,2,72,631,2013,Semi-Furnished,Borehole,Stable,906000
Bodija,Self Contained,1,1,35,636,2017,Unfurnished,Borehole,Stable,510000
Agbowo,Self Contained,1,1,25,475,1992,Fully Furnished,Well,Stable,458000
Ajibode,Self Contained,1,1,25,607,2002,Unfurnished,Borehole,Stable,407000
Agbowo,Duplex,4,4,279,583,2022,Semi-Furnished,Borehole,Moderate,2463000
Ajibode,3 Bedroom Flat,3,3,135,542,2005,Unfurnished,Borehole,Moderate,896000
Challenge,Self Contained,1,1,26,552,2000,Unfurnished,Well,Moderate,262000
Agbowo,Self Contained,1,1,32,561,2018,Unfurnished,Borehole,Moderate,368000
Ajibode,3 Bedroom Flat,3,3,132,573,2014,Semi-Furnished,Borehole,Moderate,993000
Ologuneru,Room,1,1,26,560,2006,Semi-Furnished,Well,Stable,206000
Ring Road,Room,1,1,29,351,1995,Fully Furnished,Borehole,Stable,258000
Apata,Self Contained,1,1,31,522,2003,Semi-Furnished,Public,Stable,266000
Ologuneru,Self Contained,1,1,33,597,2008,Semi-Furnished,Borehole,Moderate,291000
Ajibode,Room,1,1,29,567,2001,Semi-Furnished,Well,Stable,209000
Agbowo,Room,1,1,24,721,2008,Semi-Furnished,Borehole,Moderate,272000
Challenge,Room,1,1,29,661,2010,Unfurnished,Well,Moderate,161000
Oluyole,Room,1,1,28,393,2018,Unfurnished,Well,Stable,221000
Ajibode,Room,1,1,27,520,2017,Unfurnished,Borehole,Poor,186000
Mokola,Room,1,1,24,493,2006,Semi-Furnished,Well,Moderate,193000
Agbowo,Room,1,1,24,549,1991,Semi-Furnished,Borehole,Moderate,238000
Agbowo,Self Contained,1,1,25,549,1995,Unfurnished,Borehole,Moderate,307000
Bodija,Room,1,1,18,660,2014,Unfurnished,Borehole,Moderate,294000
Akobo,Mini Flat,1,2,53,581,2008,Unfurnished,Borehole,Poor,634000
Akobo,Self Contained,1,1,37,771,1995,Semi-Furnished,Public,Stable,485000
Ajibode,Room,1,1,29,593,1990,Semi-Furnished,Public,Stable,268000
Ring Road,Mini Flat,1,2,49,400,2023,Fully Furnished,Well,Stable,713000
Agbowo,2 Bedroom Flat,2,2,81,465,2010,Fully Furnished,Public,Poor,917000
Ajibode,Self Contained,1,1,30,658,2010,Unfurnished,Borehole,Moderate,317000
Ring Road,Room,1,1,23,259,2016,Semi-Furnished,Borehole,Poor,216000
Apata,Mini Flat,1,2,63,307,2012,Semi-Furnished,Borehole,Poor,451000
Mokola,Mini Flat,1,2,48,551,2021,Unfurnished,Borehole,Moderate,429000
Challenge,2 Bedroom Flat,2,2,94,721,2006,Unfurnished,Borehole,Moderate,606000
Akobo,Mini Flat,1,2,63,785,2003,Semi-Furnished,Well,Stable,821000
Bodija,Self Contained,1,1,30,510,2011,Unfurnished,Well,Stable,478000
Ajibode,Self Contained,1,1,30,740,2006,Fully Furnished,Borehole,Poor,428000
Agbowo,Room,1,1,26,563,2018,Semi-Furnished,Public,Stable,229000
Agbowo,Room,1,1,22,274,2015,Semi-Furnished,Borehole,Poor,254000
Agbowo,2 Bedroom Flat,2,2,88,548,2020,Unfurnished,Borehole,Stable,590000
Oluyole,Self Contained,1,1,38,438,2023,Unfurnished,Borehole,Poor,395000
Bodija,Room,1,1,21,715,2016,Unfurnished,Borehole,Moderate,356000
Ajibode,Room,1,1,22,545,2006,Unfurnished,Borehole,Stable,220000
Agbowo,Room,1,1,29,319,2012,Fully Furnished,Borehole,Poor,311000
Oluyole,Mini Flat,1,2,59,280,2023,Fully Furnished,Borehole,Stable,680000
Ajibode,Room,1,1,18,546,2007,Semi-Furnished,Borehole,Moderate,229000
Mokola,Room,1,1,21,200,2010,Unfurnished,Well,Moderate,169000
Bodija,Self Contained,1,1,27,456,2009,Semi-Furnished,Borehole,Poor,503000
Bodija,Self Contained,1,1,27,591,2021,Unfurnished,Well,Moderate,365000
Akobo,Mini Flat,1,2,56,359,2001,Semi-Furnished,Well,Poor,769000
Mokola,Self Contained,1,1,26,728,1993,Semi-Furnished,Borehole,Poor,304000
Agbowo,Self Contained,1,1,25,764,1998,Semi-Furnished,Well,Stable,420000
Oluyole,3 Bedroom Flat,3,3,129,366,2000,Semi-Furnished,Well,Stable,1433000
Akobo,2 Bedroom Flat,2,2,94,496,2019,Unfurnished,Well,Moderate,985000
Agbowo,Room,1,1,24,729,2015,Semi-Furnished,Well,Stable,216000
Ring Road,Room,1,1,26,549,2021,Semi-Furnished,Well,Moderate,213000
Challenge,Self Contained,1,1,30,298,2017,Unfurnished,Public,Moderate,281000
Akobo,Room,1,1,24,524,2005,Semi-Furnished,Borehole,Moderate,359000
Mokola,Mini Flat,1,2,59,396,1997,Semi-Furnished,Borehole,Stable,543000
Mokola,Mini Flat,1,2,54,749,1992,Semi-Furnished,Borehole,Stable,506000
Oluyole,Room,1,1,28,659,1992,Fully Furnished,Public,Moderate,330000
Mokola,2 Bedroom Flat,2,2,79,493,1999,Unfurnished,Borehole,Moderate,688000
Oluyole,Self Contained,1,1,33,575,2001,Fully Furnished,Borehole,Poor,503000
Oluyole,Room,1,1,28,314,2004,Fully Furnished,Borehole,Stable,373000
Akobo,Mini Flat,1,2,59,414,2016,Unfurnished,Borehole,Poor,518000
Challenge,Mini Flat,1,2,60,829,2000,Unfurnished,Borehole,Moderate,336000
Ajibode,Mini Flat,1,2,61,559,1995,Unfurnished,Well,Stable,414000
Ring Road,3 Bedroom Flat,3,3,146,717,2001,Unfurnished,Well,Moderate,880000
Ring Road,2 Bedroom Flat,2,2,72,591,2007,Unfurnished,Public,Poor,667000
Ajibode,Self Contained,1,1,28,786,2014,Semi-Furnished,Well,Poor,399000
Mokola,Self Contained,1,1,32,200,2023,Fully Furnished,Borehole,Stable,452000
Ajibode,Room,1,1,25,516,2015,Unfurnished,Well,Poor,230000
Agbowo,Self Contained,1,1,26,846,2013,Semi-Furnished,Well,Stable,403000
Challenge,Room,1,1,19,722,2005,Fully Furnished,Well,Stable,252000
Ajibode,Room,1,1,28,788,2010,Unfurnished,Borehole,Poor,193000
Mokola,2 Bedroom Flat,2,2,72,548,2019,Unfurnished,Borehole,Stable,682000
Mokola,Room,1,1,24,453,2009,Semi-Furnished,Borehole,Moderate,227000
Bodija,Room,1,1,22,365,2008,Semi-Furnished,Well,Poor,391000
Ajibode,Mini Flat,1,2,59,352,2000,Unfurnished,Public,Stable,487000
Agbowo,Self Contained,1,1,36,695,2003,Fully Furnished,Borehole,Poor,474000
Akobo,Self Contained,1,1,39,642,2005,Unfurnished,Borehole,Poor,435000
Ologuneru,2 Bedroom Flat,2,2,81,538,1992,Semi-Furnished,Well,Moderate,676000
Akobo,Room,1,1,27,641,2011,Unfurnished,Borehole,Moderate,294000
Agbowo,Room,1,1,27,575,1994,Unfurnished,Borehole,Poor,283000
Akobo,Self Contained,1,1,39,723,1991,Unfurnished,Well,Poor,349000
Bodija,Room,1,1,21,721,2001,Unfurnished,Borehole,Poor,341000
Challenge,Mini Flat,1,2,59,358,1991,Fully Furnished,Borehole,Moderate,608000
Ajibode,3 Bedroom Flat,3,3,118,599,2008,Unfurnished,Borehole,Moderate,1029000
Challenge,2 Bedroom Flat,2,2,92,249,2013,Semi-Furnished,Well,Moderate,636000
Bodija,2 Bedroom Flat,2,2,70,573,1994,Unfurnished,Borehole,Moderate,1283000
Ologuneru,Room,1,1,18,658,2015,Fully Furnished,Public,Poor,233000
Agbowo,Self Contained,1,1,28,313,2017,Unfurnished,Well,Stable,309000
Akobo,2 Bedroom Flat,2,2,98,475,2008,Unfurnished,Borehole,Stable,1037000
Apata,2 Bedroom Flat,2,2,97,551,2020,Semi-Furnished,Borehole,Poor,674000
Ajibode,Self Contained,1,1,38,592,2008,Semi-Furnished,Public,Moderate,369000
Apata,Mini Flat,1,2,61,499,2008,Semi-Furnished,Public,Stable,445000
Oluyole,Room,1,1,22,338,2009,Unfurnished,Well,Moderate,294000
Ajibode,Room,1,1,21,540,2006,Semi-Furnished,Borehole,Moderate,243000
Agbowo,Room,1,1,23,252,2001,Semi-Furnished,Public,Moderate,184000
Oluyole,2 Bedroom Flat,2,2,93,508,2015,Unfurnished,Well,Stable,766000
Ajibode,Room,1,1,29,470,1997,Fully Furnished,Borehole,Stable,313000
Akobo,Duplex,4,4,189,525,2014,Unfurnished,Borehole,Moderate,2564000
Agbowo,Room,1,1,26,449,2014,Unfurnished,Borehole,Moderate,241000
Akobo,2 Bedroom Flat,2,2,87,278,2011,Semi-Furnished,Well,Moderate,862000
Ajibode,Self Contained,1,1,34,484,2002,Unfurnished,Well,Poor,318000
Ring Road,Room,1,1,29,717,2004,Semi-Furnished,Well,Stable,262000
Ologuneru,Mini Flat,1,2,55,777,2012,Unfurnished,Public,Moderate,419000
Ologuneru,Mini Flat,1,2,63,989,2017,Unfurnished,Borehole,Stable,384000
Challenge,Mini Flat,1,2,55,854,2002,Unfurnished,Borehole,Moderate,371000
Ajibode,Mini Flat,1,2,62,334,2021,Unfurnished,Well,Moderate,627000
Challenge,Mini Flat,1,2,62,476,2000,Semi-Furnished,Well,Moderate,418000
Ajibode,Mini Flat,1,2,55,545,2003,Unfurnished,Well,Moderate,473000
Ajibode,Self Contained,1,1,32,534,2012,Semi-Furnished,Well,Moderate,351000
Agbowo,3 Bedroom Flat,3,3,137,562,2002,Unfurnished,Public,Moderate,1012000
Bodija,Self Contained,1,1,36,983,1995,Unfurnished,Borehole,Poor,444000
Challenge,Room,1,1,28,355,2018,Unfurnished,Well,Moderate,142000
Oluyole,Duplex,4,4,258,421,2004,Semi-Furnished,Borehole,Moderate,2793000
Bodija,Room,1,1,29,845,1994,Unfurnished,Borehole,Poor,281000
Agbowo,Self Contained,1,1,39,439,2022,Unfurnished,Well,Moderate,358000
Ologuneru,Mini Flat,1,2,58,620,1991,Semi-Furnished,Well,Poor,506000
Agbowo,2 Bedroom Flat,2,2,84,736,2022,Unfurnished,Borehole,Poor,831000
Bodija,Room,1,1,24,637,2014,Unfurnished,Borehole,Poor,223000
Ajibode,Room,1,1,23,584,2016,Unfurnished,Well,Moderate,149000
Challenge,Self Contained,1,1,31,718,2014,Fully Furnished,Borehole,Moderate,332000
Oluyole,Self Contained,1,1,31,389,1994,Unfurnished,Public,Moderate,455000
Agbowo,Mini Flat,1,2,61,460,1993,Fully Furnished,Borehole,Stable,717000
Ajibode,Room,1,1,27,646,2003,Semi-Furnished,Borehole,Stable,250000
Oluyole,2 Bedroom Flat,2,2,94,200,2006,Unfurnished,Well,Moderate,1002000
Akobo,Mini Flat,1,2,48,804,2016,Unfurnished,Public,Stable,689000
Agbowo,2 Bedroom Flat,2,2,73,604,2023,Unfurnished,Borehole,Stable,775000
Apata,Mini Flat,1,2,63,577,1999,Semi-Furnished,Public,Stable,459000
Ajibode,Mini Flat,1,2,64,256,2011,Unfurnished,Borehole,Stable,485000
Agbowo,Self Contained,1,1,38,318,2011,Unfurnished,Borehole,Stable,312000
Apata,2 Bedroom Flat,2,2,87,478,2017,Unfurnished,Borehole,Moderate,680000
Agbowo,Room,1,1,28,695,2009,Semi-Furnished,Well,Poor,260000
Akobo,Mini Flat,1,2,58,200,1991,Unfurnished,Well,Stable,678000
Agbowo,2 Bedroom Flat,2,2,88,691,2012,Semi-Furnished,Well,Stable,844000
Agbowo,Mini Flat,1,2,59,485,2023,Unfurnished,Well,Stable,447000
Ologuneru,Room,1,1,27,509,2005,Unfurnished,Borehole,Moderate,137000
Agbowo,Room,1,1,18,595,2017,Fully Furnished,Borehole,Moderate,313000
Ring Road,3 Bedroom Flat,3,3,152,598,2003,Semi-Furnished,Borehole,Stable,1235000
Agbowo,Mini Flat,1,2,45,421,1990,Semi-Furnished,Borehole,Moderate,533000
Ajibode,Room,1,1,26,662,2004,Fully Furnished,Public,Stable,275000
Ajibode,Self Contained,1,1,36,200,2004,Fully Furnished,Public,Stable,486000
Akobo,2 Bedroom Flat,2,2,97,468,2014,Unfurnished,Well,Stable,1000000
Agbowo,2 Bedroom Flat,2,2,94,577,1994,Semi-Furnished,Well,Moderate,891000
Mokola,Self Contained,1,1,27,487,1997,Semi-Furnished,Borehole,Moderate,354000
Bodija,Room,1,1,18,221,2011,Semi-Furnished,Well,Stable,346000
Ologuneru,Room,1,1,21,686,2003,Unfurnished,Borehole,Moderate,163000
Ajibode,Room,1,1,29,325,2008,Semi-Furnished,Well,Stable,231000
Mokola,Room,1,1,28,537,2015,Unfurnished,Well,Stable,175000
Challenge,Room,1,1,28,577,2022,Unfurnished,Borehole,Stable,200000
Challenge,Mini Flat,1,2,52,553,2001,Unfurnished,Borehole,Stable,390000
Mokola,Mini Flat,1,2,64,760,2018,Unfurnished,Borehole,Stable,531000
Challenge,Self Contained,1,1,33,540,2001,Unfurnished,Borehole,Poor,179000
Akobo,2 Bedroom Flat,2,2,74,626,2018,Unfurnished,Well,Poor,815000
Ajibode,Room,1,1,28,539,2009,Fully Furnished,Borehole,Poor,280000
Ajibode,Room,1,1,20,660,2023,Fully Furnished,Well,Poor,247000
Apata,Mini Flat,1,2,49,800,2019,Semi-Furnished,Borehole,Stable,513000
Akobo,Self Contained,1,1,31,574,2018,Unfurnished,Borehole,Moderate,325000
Challenge,Room,1,1,21,690,1991,Fully Furnished,Borehole,Moderate,236000
Bodija,2 Bedroom Flat,2,2,87,811,2015,Semi-Furnished,Borehole,Moderate,1248000
Ajibode,Mini Flat,1,2,45,794,1990,Semi-Furnished,Public,Stable,654000
Ajibode,Mini Flat,1,2,52,480,2017,Unfurnished,Well,Stable,448000
Oluyole,Self Contained,1,1,25,736,1997,Unfurnished,Public,Moderate,368000
Agbowo,Mini Flat,1,2,62,594,2020,Unfurnished,Borehole,Poor,450000
Ajibode,Room,1,1,21,751,2008,Unfurnished,Borehole,Poor,221000
Bodija,Room,1,1,23,652,2002,Semi-Furnished,Borehole,Moderate,351000
Ajibode,Mini Flat,1,2,50,599,2005,Semi-Furnished,Borehole,Stable,481000
Akobo,Self Contained,1,1,36,628,2012,Unfurnished,Well,Stable,359000
Agbowo,Self Contained,1,1,30,595,2000,Semi-Furnished,Public,Stable,329000
Challenge,Room,1,1,28,602,2013,Semi-Furnished,Well,Poor,214000
Agbowo,Self Contained,1,1,36,521,1999,Semi-Furnished,Public,Moderate,472000
Bodija,Duplex,4,4,215,504,1994,Unfurnished,Public,Stable,2652000
Ajibode,3 Bedroom Flat,3,3,135,867,2001,Unfurnished,Borehole,Poor,1043000
Ajibode,2 Bedroom Flat,2,2,77,635,2015,Semi-Furnished,Borehole,Poor,846000
Agbowo,Room,1,1,29,446,2017,Semi-Furnished,Well,Poor,285000
Bodija,Room,1,1,26,500,2005,Fully Furnished,Borehole,Poor,460000
Akobo,Room,1,1,24,740,1991,Unfurnished,Borehole,Poor,229000
Agbowo,2 Bedroom Flat,2,2,73,417,2015,Unfurnished,Borehole,Moderate,775000
Oluyole,Room,1,1,29,283,1993,Fully Furnished,Borehole,Stable,286000
Mokola,Room,1,1,29,296,2018,Fully Furnished,Borehole,Moderate,196000
Challenge,Room,1,1,26,238,2005,Semi-Furnished,Borehole,Moderate,215000
Ajibode,Mini Flat,1,2,53,316,2011,Semi-Furnished,Well,Moderate,546000
Bodija,Self Contained,1,1,36,337,1995,Semi-Furnished,Borehole,Moderate,506000
Ajibode,2 Bedroom Flat,2,2,89,799,2017,Semi-Furnished,Borehole,Poor,800000
Agbowo,Room,1,1,23,541,2000,Unfurnished,Borehole,Stable,185000
Ologuneru,Room,1,1,23,484,2010,Unfurnished,Borehole,Stable,155000
Ajibode,2 Bedroom Flat,2,2,77,290,2015,Unfurnished,Well,Poor,754000
Bodija,Room,1,1,21,524,2011,Semi-Furnished,Borehole,Stable,390000
Akobo,Mini Flat,1,2,62,237,2019,Unfurnished,Borehole,Moderate,694000
Oluyole,Mini Flat,1,2,50,483,2019,Unfurnished,Well,Stable,770000
Bodija,Room,1,1,19,921,2022,Unfurnished,Borehole,Poor,323000
Ajibode,Room,1,1,24,669,2019,Unfurnished,Borehole,Moderate,227000
Agbowo,Mini Flat,1,2,46,512,2019,Fully Furnished,Well,Stable,637000
Bodija,Room,1,1,23,675,2015,Unfurnished,Public,Moderate,219000
Ajibode,3 Bedroom Flat,3,3,157,456,1995,Unfurnished,Borehole,Poor,985000
Agbowo,Room,1,1,23,405,1993,Unfurnished,Borehole,Stable,175000
Ajibode,Room,1,1,25,856,2004,Semi-Furnished,Public,Stable,222000
Ajibode,Mini Flat,1,2,55,344,1992,Semi-Furnished,Borehole,Moderate,578000
Agbowo,Room,1,1,25,486,2005,Fully Furnished,Borehole,Moderate,228000
Ajibode,Duplex,4,4,251,605,2005,Semi-Furnished,Borehole,Stable,1964000
Akobo,Self Contained,1,1,26,381,2016,Semi-Furnished,Borehole,Moderate,480000
Oluyole,Room,1,1,24,667,1995,Semi-Furnished,Public,Poor,322000
Challenge,Room,1,1,20,494,2010,Semi-Furnished,Borehole,Moderate,208000
Ajibode,Self Contained,1,1,27,669,2002,Unfurnished,Borehole,Stable,211000
Ajibode,2 Bedroom Flat,2,2,77,655,1998,Semi-Furnished,Borehole,Poor,488000
Ajibode,Room,1,1,20,506,1997,Unfurnished,Borehole,Poor,245000
Akobo,Self Contained,1,1,29,857,2017,Unfurnished,Borehole,Moderate,408000
Oluyole,Self Contained,1,1,27,430,2008,Semi-Furnished,Borehole,Moderate,522000
Ajibode,Mini Flat,1,2,61,792,2018,Semi-Furnished,Borehole,Moderate,625000
Apata,Mini Flat,1,2,62,761,2020,Semi-Furnished,Public,Stable,528000
Ajibode,Self Contained,1,1,39,868,2022,Semi-Furnished,Borehole,Stable,317000
Bodija,Self Contained,1,1,37,581,1995,Unfurnished,Borehole,Moderate,511000
Oluyole,2 Bedroom Flat,2,2,85,408,1993,Unfurnished,Borehole,Poor,870000
Ring Road,2 Bedroom Flat,2,2,71,923,2005,Semi-Furnished,Public,Stable,796000
Oluyole,Self Contained,1,1,35,489,1992,Semi-Furnished,Well,Moderate,481000
Challenge,Duplex,4,4,238,403,2014,Unfurnished,Well,Stable,1492000
Agbowo,Room,1,1,18,515,2006,Unfurnished,Well,Moderate,219000
Mokola,2 Bedroom Flat,2,2,83,373,2011,Semi-Furnished,Well,Moderate,673000
Ajibode,2 Bedroom Flat,2,2,76,644,2007,Semi-Furnished,Borehole,Stable,642000
Ring Road,Self Contained,1,1,34,440,2021,Unfurnished,Well,Poor,267000
Bodija,Mini Flat,1,2,62,498,2007,Unfurnished,Borehole,Moderate,637000
Mokola,Room,1,1,29,724,2015,Fully Furnished,Well,Stable,226000
Bodija,2 Bedroom Flat,2,2,77,662,2014,Unfurnished,Well,Stable,1060000
Akobo,Mini Flat,1,2,51,552,2017,Unfurnished,Borehole,Stable,603000
Bodija,Self Contained,1,1,38,580,2012,Unfurnished,Borehole,Poor,409000
Oluyole,Self Contained,1,1,33,552,1997,Unfurnished,Well,Moderate,349000
Ajibode,Room,1,1,28,472,2002,Fully Furnished,Borehole,Moderate,279000
Ajibode,2 Bedroom Flat,2,2,73,549,1999,Semi-Furnished,Public,Moderate,776000
Agbowo,Self Contained,1,1,36,638,1992,Unfurnished,Public,Moderate,387000
Ajibode,Mini Flat,1,2,51,527,1999,Unfurnished,Borehole,Moderate,419000
Ring Road,Room,1,1,19,625,2004,Unfurnished,Borehole,Moderate,221000
Ajibode,Mini Flat,1,2,50,399,2013,Unfurnished,Borehole,Stable,433000
Ologuneru,Room,1,1,26,441,1999,Semi-Furnished,Well,Stable,153000
Agbowo,Mini Flat,1,2,58,417,2010,Unfurnished,Borehole,Poor,504000
Ajibode,Room,1,1,19,448,2017,Fully Furnished,Borehole,Moderate,357000
Challenge,Room,1,1,19,781,1991,Unfurnished,Well,Poor,152000
Akobo,Room,1,1,24,680,1993,Unfurnished,Borehole,Stable,250000
Bodija,Self Contained,1,1,30,356,1992,Unfurnished,Borehole,Moderate,492000
Bodija,2 Bedroom Flat,2,2,99,628,2021,Unfurnished,Borehole,Moderate,986000
Oluyole,Room,1,1,21,479,2023,Semi-Furnished,Borehole,Stable,275000
Agbowo,Self Contained,1,1,32,427,2005,Unfurnished,Well,Poor,325000
Ologuneru,Room,1,1,20,282,1993,Unfurnished,Borehole,Moderate,157000
Ologuneru,Self Contained,1,1,30,724,2007,Unfurnished,Borehole,Poor,283000
Akobo,Room,1,1,26,304,2017,Unfurnished,Borehole,Poor,279000
Ajibode,Room,1,1,26,540,1995,Semi-Furnished,Borehole,Stable,239000
Oluyole,Self Contained,1,1,36,379,1990,Unfurnished,Borehole,Moderate,297000
Ajibode,Self Contained,1,1,30,689,2005,Unfurnished,Public,Moderate,321000
Ajibode,Room,1,1,22,489,1998,Unfurnished,Public,Poor,149000
Agbowo,Mini Flat,1,2,64,525,2006,Unfurnished,Borehole,Moderate,533000
Bodija,Room,1,1,29,531,2023,Semi-Furnished,Borehole,Stable,351000
Mokola,3 Bedroom Flat,3,3,135,604,2020,Fully Furnished,Public,Poor,1415000
Oluyole,Room,1,1,19,552,2023,Semi-Furnished,Well,Stable,284000
Challenge,Duplex,4,4,204,542,2023,Semi-Furnished,Borehole,Stable,1861000
Agbowo,Room,1,1,25,456,1990,Semi-Furnished,Public,Moderate,210000
Agbowo,3 Bedroom Flat,3,3,112,266,2004,Semi-Furnished,Well,Stable,1270000
Agbowo,Room,1,1,28,348,2020,Fully Furnished,Public,Poor,298000
Ologuneru,Room,1,1,18,679,2003,Unfurnished,Borehole,Poor,152000
Ajibode,Room,1,1,29,494,2023,Unfurnished,Public,Moderate,286000
Mokola,Mini Flat,1,2,62,430,1990,Semi-Furnished,Well,Moderate,509000
Akobo,Room,1,1,19,296,2000,Unfurnished,Public,Poor,201000
Agbowo,Room,1,1,24,240,2006,Semi-Furnished,Borehole,Poor,210000
Oluyole,Mini Flat,1,2,48,423,1994,Fully Furnished,Borehole,Moderate,659000
Bodija,Room,1,1,23,709,2006,Fully Furnished,Borehole,Poor,397000
Ring Road,Self Contained,1,1,28,449,2007,Unfurnished,Borehole,Stable,306000
Ring Road,Self Contained,1,1,28,622,2014,Unfurnished,Well,Poor,267000
Agbowo,Room,1,1,24,441,2005,Unfurnished,Borehole,Moderate,201000
Agbowo,2 Bedroom Flat,2,2,98,664,2012,Fully Furnished,Well,Stable,987000
Akobo,Self Contained,1,1,38,486,2010,Semi-Furnished,Borehole,Moderate,462000
Ring Road,Room,1,1,21,328,2018,Semi-Furnished,Borehole,Moderate,249000
Ajibode,Mini Flat,1,2,54,501,1999,Semi-Furnished,Public,Stable,521000
Akobo,2 Bedroom Flat,2,2,89,880,2009,Unfurnished,Public,Poor,1051000
Akobo,Room,1,1,27,872,1996,Unfurnished,Well,Moderate,281000
Oluyole,Room,1,1,28,637,2019,Unfurnished,Well,Moderate,216000
Ajibode,3 Bedroom Flat,3,3,145,525,2018,Unfurnished,Public,Moderate,1111000
Oluyole,Self Contained,1,1,34,604,1990,Unfurnished,Borehole,Moderate,394000
Ring Road,Self Contained,1,1,25,607,2010,Unfurnished,Well,Poor,285000
Ajibode,Self Contained,1,1,26,542,1996,Unfurnished,Borehole,Poor,295000
Agbowo,2 Bedroom Flat,2,2,95,629,1993,Semi-Furnished,Public,Poor,743000
Ologuneru,Self Contained,1,1,33,587,2004,Semi-Furnished,Borehole,Moderate,356000
Ajibode,Mini Flat,1,2,46,493,2023,Unfurnished,Borehole,Stable,585000
Mokola,Self Contained,1,1,31,334,1991,Unfurnished,Borehole,Poor,291000
Bodija,Room,1,1,26,467,1992,Fully Furnished,Public,Moderate,336000
Agbowo,Self Contained,1,1,26,693,1993,Unfurnished,Borehole,Moderate,299000
Ring Road,2 Bedroom Flat,2,2,99,544,2016,Fully Furnished,Public,Moderate,827000
Bodija,Self Contained,1,1,25,604,1993,Semi-Furnished,Borehole,Moderate,528000
Bodija,Self Contained,1,1,26,499,2008,Unfurnished,Well,Stable,398000
Agbowo,Room,1,1,22,359,2023,Semi-Furnished,Borehole,Poor,250000
Akobo,Mini Flat,1,2,56,507,2005,Semi-Furnished,Borehole,Poor,930000
Ajibode,Self Contained,1,1,26,365,2011,Fully Furnished,Well,Moderate,421000
Agbowo,Self Contained,1,1,25,354,2021,Semi-Furnished,Borehole,Poor,359000
Ologuneru,Self Contained,1,1,29,767,1991,Unfurnished,Well,Moderate,298000
Agbowo,Self Contained,1,1,25,474,2006,Unfurnished,Public,Moderate,329000
Akobo,Self Contained,1,1,34,416,2012,Semi-Furnished,Well,Poor,334000
Agbowo,Room,1,1,24,841,2001,Semi-Furnished,Public,Moderate,219000
Challenge,Self Contained,1,1,30,696,2002,Semi-Furnished,Borehole,Moderate,298000
Ajibode,Room,1,1,26,483,1999,Semi-Furnished,Borehole,Stable,228000
Ologuneru,Room,1,1,19,626,1993,Fully Furnished,Public,Moderate,236000
Bodija,Self Contained,1,1,28,507,1996,Unfurnished,Borehole,Poor,505000
Agbowo,2 Bedroom Flat,2,2,93,425,1991,Unfurnished,Borehole,Stable,742000
Ajibode,Self Contained,1,1,32,635,2004,Fully Furnished,Well,Poor,397000
Ajibode,Self Contained,1,1,32,491,1998,Unfurnished,Borehole,Moderate,283000
Bodija,2 Bedroom Flat,2,2,86,563,2013,Unfurnished,Borehole,Moderate,987000
Agbowo,2 Bedroom Flat,2,2,93,733,1995,Semi-Furnished,Well,Poor,823000
Mokola,Mini Flat,1,2,49,714,1996,Unfurnished,Well,Moderate,457000
Agbowo,Mini Flat,1,2,47,450,2005,Semi-Furnished,Public,Stable,653000
Agbowo,Self Contained,1,1,38,637,2006,Semi-Furnished,Public,Poor,334000
Akobo,Room,1,1,27,346,2019,Unfurnished,Borehole,Poor,231000
Oluyole,Room,1,1,28,631,1997,Fully Furnished,Borehole,Stable,332000
Ajibode,Room,1,1,21,576,1992,Fully Furnished,Borehole,Moderate,282000
Ajibode,Room,1,1,24,618,2014,Unfurnished,Public,Moderate,177000
Ajibode,Mini Flat,1,2,45,496,2018,Unfurnished,Borehole,Moderate,512000
Oluyole,Mini Flat,1,2,53,925,2010,Unfurnished,Borehole,Stable,592000
Oluyole,Room,1,1,25,387,1995,Semi-Furnished,Borehole,Moderate,309000
Bodija,2 Bedroom Flat,2,2,97,724,2012,Semi-Furnished,Borehole,Moderate,1120000
Mokola,Self Contained,1,1,33,364,2000,Unfurnished,Borehole,Stable,280000
Challenge,Self Contained,1,1,39,640,1995,Unfurnished,Public,Moderate,273000
Akobo,Room,1,1,26,653,2016,Semi-Furnished,Borehole,Poor,322000
Mokola,2 Bedroom Flat,2,2,95,559,2016,Unfurnished,Well,Stable,593000
Ajibode,Room,1,1,25,460,2002,Semi-Furnished,Borehole,Stable,220000
Ajibode,Room,1,1,18,575,1998,Semi-Furnished,Borehole,Moderate,224000
Agbowo,Self Contained,1,1,29,598,1997,Unfurnished,Well,Moderate,340000
Ajibode,Self Contained,1,1,37,872,2016,Unfurnished,Borehole,Stable,335000
Bodija,Self Contained,1,1,31,392,2021,Fully Furnished,Borehole,Moderate,598000
Apata,3 Bedroom Flat,3,3,156,449,2018,Unfurnished,Borehole,Stable,810000
Ajibode,Room,1,1,19,601,2022,Unfurnished,Well,Moderate,224000
Ajibode,Mini Flat,1,2,57,503,1994,Semi-Furnished,Borehole,Moderate,592000
Bodija,Self Contained,1,1,25,531,1998,Semi-Furnished,Public,Stable,620000
Apata,2 Bedroom Flat,2,2,70,742,2002,Fully Furnished,Borehole,Stable,745000
Agbowo,Mini Flat,1,2,47,200,2022,Semi-Furnished,Borehole,Moderate,502000
Bodija,2 Bedroom Flat,2,2,95,442,2019,Unfurnished,Borehole,Poor,857000
Ajibode,2 Bedroom Flat,2,2,82,236,2014,Unfurnished,Borehole,Poor,552000
Ajibode,2 Bedroom Flat,2,2,99,334,1995,Unfurnished,Borehole,Stable,602000
Ologuneru,Room,1,1,19,982,1999,Unfurnished,Well,Poor,174000
Ologuneru,Self Contained,1,1,30,657,2008,Semi-Furnished,Borehole,Poor,266000
Ajibode,Mini Flat,1,2,48,721,2000,Unfurnished,Borehole,Moderate,482000
Apata,Mini Flat,1,2,50,535,2006,Unfurnished,Borehole,Moderate,550000
Akobo,3 Bedroom Flat,3,3,113,686,1991,Fully Furnished,Borehole,Moderate,1808000
Mokola,Self Contained,1,1,27,232,1996,Semi-Furnished,Borehole,Moderate,329000
Bodija,Room,1,1,26,736,2020,Fully Furnished,Borehole,Moderate,421000
Bodija,Mini Flat,1,2,54,402,2020,Fully Furnished,Borehole,Moderate,934000
Bodija,Room,1,1,28,454,2006,Semi-Furnished,Borehole,Stable,337000
Oluyole,Mini Flat,1,2,61,640,2004,Semi-Furnished,Borehole,Moderate,738000
Ajibode,Room,1,1,22,606,1996,Semi-Furnished,Borehole,Moderate,203000
Ajibode,Self Contained,1,1,32,565,2019,Fully Furnished,Well,Poor,470000
Agbowo,Mini Flat,1,2,49,304,2003,Semi-Furnished,Well,Stable,611000
Oluyole,Room,1,1,29,567,2020,Unfurnished,Borehole,Moderate,223000
Ajibode,Room,1,1,23,722,1998,Fully Furnished,Well,Moderate,320000
Oluyole,Room,1,1,23,454,1998,Unfurnished,Borehole,Moderate,210000
Ologuneru,2 Bedroom Flat,2,2,77,786,1991,Semi-Furnished,Well,Stable,766000
Ajibode,Mini Flat,1,2,56,392,2011,Unfurnished,Borehole,Poor,505000
Oluyole,Mini Flat,1,2,45,551,2005,Semi-Furnished,Borehole,Stable,783000
Bodija,Self Contained,1,1,38,826,1991,Unfurnished,Borehole,Moderate,370000
Mokola,3 Bedroom Flat,3,3,112,427,2004,Unfurnished,Borehole,Moderate,816000
Ajibode,Room,1,1,20,739,1995,Unfurnished,Borehole,Poor,215000
Oluyole,Mini Flat,1,2,58,905,2012,Unfurnished,Public,Poor,498000
Mokola,Room,1,1,26,580,2017,Fully Furnished,Borehole,Poor,193000
Apata,Mini Flat,1,2,49,455,2006,Unfurnished,Borehole,Moderate,394000
Oluyole,Room,1,1,26,410,2008,Semi-Furnished,Well,Moderate,290000
Bodija,Room,1,1,18,784,1994,Unfurnished,Borehole,Poor,292000
Akobo,2 Bedroom Flat,2,2,87,779,2012,Unfurnished,Borehole,Poor,749000
Mokola,Room,1,1,23,810,2008,Unfurnished,Public,Moderate,179000
Akobo,Duplex,4,4,292,544,1990,Semi-Furnished,Well,Stable,2636000
Ajibode,Mini Flat,1,2,60,736,2016,Unfurnished,Borehole,Stable,396000
Apata,Mini Flat,1,2,45,541,2014,Fully Furnished,Public,Stable,529000
Oluyole,Mini Flat,1,2,52,391,1995,Semi-Furnished,Well,Stable,780000
Oluyole,Duplex,4,4,208,752,2006,Semi-Furnished,Borehole,Moderate,2284000
Ajibode,Room,1,1,22,844,2001,Unfurnished,Borehole,Stable,206000
Akobo,Duplex,4,4,258,366,2014,Unfurnished,Well,Moderate,2598000
Agbowo,Self Contained,1,1,27,362,1999,Fully Furnished,Borehole,Poor,432000
Akobo,Room,1,1,29,557,2013,Fully Furnished,Well,Poor,355000
Ajibode,3 Bedroom Flat,3,3,120,722,2000,Semi-Furnished,Well,Poor,1123000
Akobo,Room,1,1,22,345,2013,Unfurnished,Borehole,Moderate,310000
Ologuneru,Self Contained,1,1,27,590,1992,Fully Furnished,Well,Poor,387000
Ajibode,2 Bedroom Flat,2,2,86,443,2009,Semi-Furnished,Borehole,Poor,1031000
Ologuneru,Room,1,1,25,676,2012,Unfurnished,Borehole,Stable,139000
Agbowo,Mini Flat,1,2,51,406,1994,Unfurnished,Public,Moderate,453000
Ring Road,Mini Flat,1,2,57,688,2002,Semi-Furnished,Borehole,Poor,521000
Challenge,Mini Flat,1,2,45,521,1995,Unfurnished,Borehole,Moderate,394000
Akobo,Room,1,1,29,381,1991,Semi-Furnished,Well,Moderate,314000
Oluyole,Mini Flat,1,2,61,561,2018,Unfurnished,Well,Poor,598000
Ring Road,2 Bedroom Flat,2,2,86,201,1994,Unfurnished,Borehole,Poor,614000
Agbowo,Room,1,1,23,449,2004,Semi-Furnished,Borehole,Moderate,266000
Agbowo,3 Bedroom Flat,3,3,135,610,1997,Semi-Furnished,Public,Moderate,1409000
Oluyole,3 Bedroom Flat,3,3,128,231,2023,Semi-Furnished,Borehole,Moderate,1322000
Challenge,Room,1,1,22,200,2015,Unfurnished,Borehole,Moderate,155000
Challenge,3 Bedroom Flat,3,3,118,200,1998,Unfurnished,Borehole,Poor,671000
Challenge,3 Bedroom Flat,3,3,136,788,1997,Unfurnished,Borehole,Moderate,1051000
Agbowo,Room,1,1,23,536,2003,Semi-Furnished,Well,Poor,241000
Mokola,Mini Flat,1,2,57,454,2014,Semi-Furnished,Well,Moderate,591000
Ajibode,3 Bedroom Flat,3,3,130,720,2023,Semi-Furnished,Borehole,Poor,1389000
Bodija,2 Bedroom Flat,2,2,90,477,1992,Semi-Furnished,Public,Moderate,1232000
Ajibode,Room,1,1,26,598,2021,Fully Furnished,Borehole,Poor,279000
Agbowo,Self Contained,1,1,31,554,1994,Unfurnished,Well,Stable,349000
Agbowo,Self Contained,1,1,31,465,2004,Semi-Furnished,Public,Moderate,295000
Agbowo,Self Contained,1,1,38,602,2017,Unfurnished,Borehole,Moderate,372000
Oluyole,Self Contained,1,1,39,689,2007,Semi-Furnished,Well,Moderate,413000
Agbowo,Room,1,1,22,516,2000,Semi-Furnished,Borehole,Stable,224000
Bodija,Room,1,1,19,467,1999,Unfurnished,Well,Stable,276000
Agbowo,Room,1,1,18,488,1993,Fully Furnished,Borehole,Moderate,271000
Agbowo,Self Contained,1,1,32,200,2009,Unfurnished,Borehole,Poor,330000
Agbowo,Self Contained,1,1,38,600,1994,Unfurnished,Borehole,Stable,297000
Ajibode,3 Bedroom Flat,3,3,138,332,1990,Unfurnished,Public,Stable,987000
Akobo,Room,1,1,24,663,2002,Unfurnished,Borehole,Poor,253000
Oluyole,Self Contained,1,1,32,533,2011,Fully Furnished,Borehole,Moderate,663000
Akobo,2 Bedroom Flat,2,2,88,568,2002,Fully Furnished,Borehole,Stable,1266000
Bodija,2 Bedroom Flat,2,2,72,676,2004,Fully Furnished,Well,Moderate,1160000
Agbowo,Room,1,1,18,383,1998,Unfurnished,Well,Poor,184000
Mokola,Mini Flat,1,2,54,616,1992,Semi-Furnished,Well,Moderate,437000
Bodija,Room,1,1,26,598,1991,Unfurnished,Well,Moderate,293000
Bodija,3 Bedroom Flat,3,3,125,516,2001,Unfurnished,Well,Moderate,2047000
Ajibode,Room,1,1,25,382,2013,Unfurnished,Well,Moderate,204000
Agbowo,Mini Flat,1,2,64,657,2007,Unfurnished,Well,Stable,526000
Agbowo,Self Contained,1,1,27,676,2014,Unfurnished,Well,Poor,273000
Agbowo,Self Contained,1,1,30,570,2004,Unfurnished,Borehole,Poor,367000
Akobo,Room,1,1,26,357,1990,Semi-Furnished,Well,Moderate,297000
Bodija,Self Contained,1,1,35,455,1997,Unfurnished,Borehole,Moderate,309000
Akobo,Room,1,1,29,539,1996,Semi-Furnished,Well,Moderate,322000
Challenge,Mini Flat,1,2,63,673,2005,Fully Furnished,Well,Stable,597000
Mokola,Self Contained,1,1,25,264,2006,Unfurnished,Public,Moderate,293000
Oluyole,Self Contained,1,1,37,448,2019,Semi-Furnished,Borehole,Stable,399000
Apata,Self Contained,1,1,39,477,2007,Semi-Furnished,Borehole,Poor,246000
Ajibode,Mini Flat,1,2,53,535,2001,Semi-Furnished,Public,Moderate,585000
Ajibode,3 Bedroom Flat,3,3,152,315,2017,Unfurnished,Borehole,Moderate,845000
Ajibode,Self Contained,1,1,34,510,2000,Semi-Furnished,Borehole,Poor,315000
Akobo,Self Contained,1,1,39,494,1995,Unfurnished,Borehole,Moderate,372000
Ring Road,Mini Flat,1,2,64,363,2015,Semi-Furnished,Well,Moderate,401000
Agbowo,Self Contained,1,1,30,528,2005,Semi-Furnished,Borehole,Moderate,406000
Apata,Self Contained,1,1,39,452,1998,Unfurnished,Well,Stable,184000
Ajibode,Room,1,1,21,639,2007,Unfurnished,Borehole,Moderate,256000
Apata,Self Contained,1,1,36,390,2022,Semi-Furnished,Well,Stable,279000
Agbowo,Room,1,1,18,566,2008,Unfurnished,Borehole,Moderate,210000
Ajibode,Mini Flat,1,2,63,404,1998,Unfurnished,Borehole,Moderate,431000
Bodija,2 Bedroom Flat,2,2,84,442,1998,Semi-Furnished,Borehole,Stable,1188000
Agbowo,2 Bedroom Flat,2,2,96,603,1994,Semi-Furnished,Borehole,Moderate,840000
Agbowo,2 Bedroom Flat,2,2,97,592,2012,Unfurnished,Borehole,Moderate,826000
Agbowo,Room,1,1,27,474,2023,Semi-Furnished,Borehole,Stable,301000
Challenge,Room,1,1,20,501,2011,Fully Furnished,Borehole,Stable,196000
Bodija,Room,1,1,24,288,1994,Unfurnished,Borehole,Moderate,292000
Agbowo,Self Contained,1,1,25,802,1990,Unfurnished,Borehole,Poor,315000
Akobo,Room,1,1,21,673,2015,Semi-Furnished,Borehole,Moderate,329000
Oluyole,Room,1,1,21,667,2007,Unfurnished,Borehole,Stable,238000
Agbowo,Duplex,4,4,271,262,2015,Unfurnished,Borehole,Moderate,1858000
Agbowo,Self Contained,1,1,32,442,2004,Unfurnished,Borehole,Stable,296000
Ajibode,Room,1,1,20,489,1991,Fully Furnished,Borehole,Poor,256000
Ajibode,Self Contained,1,1,31,202,2004,Unfurnished,Borehole,Moderate,268000
Oluyole,Mini Flat,1,2,50,710,2000,Unfurnished,Borehole,Stable,438000
Ajibode,Self Contained,1,1,39,811,2009,Semi-Furnished,Borehole,Moderate,363000
Bodija,Room,1,1,23,921,2006,Unfurnished,Borehole,Poor,326000
Oluyole,Self Contained,1,1,35,361,1994,Fully Furnished,Borehole,Stable,569000
Ajibode,Room,1,1,22,571,2022,Unfurnished,Borehole,Stable,184000
Akobo,Mini Flat,1,2,46,788,2014,Semi-Furnished,Borehole,Moderate,917000
Agbowo,3 Bedroom Flat,3,3,125,504,1996,Unfurnished,Public,Stable,1078000
Ologuneru,Room,1,1,22,447,2023,Unfurnished,Borehole,Moderate,116000
Bodija,Self Contained,1,1,30,214,2004,Unfurnished,Well,Moderate,474000
Challenge,2 Bedroom Flat,2,2,88,753,2002,Semi-Furnished,Well,Stable,776000
Bodija,Mini Flat,1,2,57,546,2021,Semi-Furnished,Well,Poor,797000
Ajibode,Room,1,1,19,418,2003,Unfurnished,Borehole,Poor,207000
Akobo,Room,1,1,22,601,2009,Semi-Furnished,Borehole,Stable,252000
Apata,Self Contained,1,1,31,577,2005,Semi-Furnished,Well,Stable,276000
Akobo,Room,1,1,19,580,2019,Semi-Furnished,Borehole,Poor,283000
Mokola,2 Bedroom Flat,2,2,90,510,2008,Unfurnished,Borehole,Stable,701000
Ring Road,Self Contained,1,1,26,842,2011,Semi-Furnished,Well,Poor,321000
Agbowo,Room,1,1,22,525,1999,Unfurnished,Borehole,Moderate,228000
Ajibode,Mini Flat,1,2,55,841,1997,Unfurnished,Borehole,Moderate,439000
Akobo,Room,1,1,29,651,2018,Semi-Furnished,Public,Moderate,314000
Agbowo,Self Contained,1,1,33,613,2003,Unfurnished,Well,Stable,326000
Mokola,Self Contained,1,1,25,529,2000,Semi-Furnished,Borehole,Moderate,318000
Ring Road,Room,1,1,24,725,2019,Semi-Furnished,Public,Stable,230000
Agbowo,2 Bedroom Flat,2,2,96,570,2022,Unfurnished,Public,Poor,724000
Agbowo,Mini Flat,1,2,49,382,2023,Unfurnished,Well,Poor,580000
Challenge,Room,1,1,26,376,1994,Unfurnished,Borehole,Stable,174000
Agbowo,Self Contained,1,1,29,626,1994,Semi-Furnished,Public,Poor,426000
Mokola,Room,1,1,21,386,2006,Semi-Furnished,Public,Stable,176000
Agbowo,3 Bedroom Flat,3,3,116,538,2008,Unfurnished,Borehole,Moderate,1062000
Oluyole,Mini Flat,1,2,57,740,2015,Fully Furnished,Well,Moderate,859000
Ajibode,3 Bedroom Flat,3,3,113,604,1991,Unfurnished,Borehole,Moderate,1053000
Akobo,Mini Flat,1,2,51,420,2003,Semi-Furnished,Borehole,Poor,765000
Bodija,2 Bedroom Flat,2,2,77,803,2017,Unfurnished,Public,Moderate,1199000
Akobo,Room,1,1,23,648,1993,Fully Furnished,Borehole,Stable,335000
Ajibode,2 Bedroom Flat,2,2,98,733,1992,Semi-Furnished,Well,Poor,1010000
Oluyole,Self Contained,1,1,26,200,2004,Unfurnished,Borehole,Stable,364000
Mokola,2 Bedroom Flat,2,2,95,609,2011,Semi-Furnished,Borehole,Poor,806000
Ajibode,Mini Flat,1,2,52,701,2008,Semi-Furnished,Well,Poor,491000
Ajibode,Self Contained,1,1,35,856,2023,Semi-Furnished,Borehole,Moderate,308000
Ajibode,Room,1,1,24,286,1999,Fully Furnished,Borehole,Stable,252000
Akobo,Mini Flat,1,2,53,767,2023,Semi-Furnished,Public,Moderate,982000
Akobo,Mini Flat,1,2,54,845,2005,Unfurnished,Borehole,Stable,716000
Bodija,Mini Flat,1,2,61,200,2011,Semi-Furnished,Borehole,Poor,973000
Agbowo,Room,1,1,24,636,2021,Semi-Furnished,Well,Poor,270000
Agbowo,Room,1,1,18,661,2006,Fully Furnished,Well,Stable,323000
Akobo,Self Contained,1,1,36,491,1998,Unfurnished,Well,Moderate,490000
Bodija,2 Bedroom Flat,2,2,72,461,2022,Fully Furnished,Borehole,Moderate,1235000
Ologuneru,Room,1,1,22,670,2022,Semi-Furnished,Borehole,Poor,166000
Ajibode,2 Bedroom Flat,2,2,76,439,1991,Unfurnished,Borehole,Stable,749000
Oluyole,3 Bedroom Flat,3,3,149,510,2003,Semi-Furnished,Borehole,Moderate,1150000
Agbowo,Room,1,1,18,696,2022,Unfurnished,Well,Stable,217000
Agbowo,Mini Flat,1,2,64,865,1990,Semi-Furnished,Borehole,Moderate,521000
Oluyole,Self Contained,1,1,29,646,2011,Unfurnished,Well,Poor,411000
Oluyole,Room,1,1,25,574,2019,Unfurnished,Borehole,Poor,226000
Ologuneru,Room,1,1,20,457,2016,Fully Furnished,Well,Poor,234000
Ajibode,Self Contained,1,1,36,368,2022,Semi-Furnished,Well,Stable,354000
Ajibode,Room,1,1,25,749,2005,Semi-Furnished,Well,Poor,216000
Oluyole,Mini Flat,1,2,59,522,1999,Unfurnished,Borehole,Moderate,726000
Akobo,Self Contained,1,1,31,757,2016,Unfurnished,Well,Stable,420000
Agbowo,Self Contained,1,1,25,490,1991,Semi-Furnished,Well,Stable,354000
Ajibode,2 Bedroom Flat,2,2,74,433,2019,Semi-Furnished,Borehole,Poor,1031000
Ajibode,3 Bedroom Flat,3,3,137,625,2008,Unfurnished,Public,Moderate,923000
Ring Road,Self Contained,1,1,31,536,2008,Unfurnished,Borehole,Moderate,312000
Ajibode,Room,1,1,21,333,2000,Unfurnished,Public,Stable,215000
Agbowo,Mini Flat,1,2,49,877,2021,Unfurnished,Well,Stable,552000
Agbowo,Self Contained,1,1,30,437,2005,Fully Furnished,Well,Poor,482000
Agbowo,2 Bedroom Flat,2,2,80,716,2006,Semi-Furnished,Well,Poor,933000
Ajibode,Room,1,1,29,701,2018,Unfurnished,Borehole,Moderate,173000
Bodija,Room,1,1,19,323,2009,Fully Furnished,Borehole,Poor,356000
Ajibode,Room,1,1,28,369,2013,Unfurnished,Borehole,Stable,158000
Challenge,Room,1,1,24,495,1993,Fully Furnished,Well,Moderate,232000
Agbowo,Room,1,1,24,394,1994,Fully Furnished,Borehole,Poor,317000
Bodija,2 Bedroom Flat,2,2,98,860,2008,Unfurnished,Public,Moderate,842000
Ring Road,Mini Flat,1,2,46,513,2013,Unfurnished,Well,Moderate,506000
Akobo,Self Contained,1,1,32,710,1990,Unfurnished,Borehole,Moderate,381000
Bodija,3 Bedroom Flat,3,3,134,642,1991,Semi-Furnished,Borehole,Stable,1741000
Agbowo,Mini Flat,1,2,45,597,1999,Unfurnished,Well,Poor,595000
Agbowo,Mini Flat,1,2,57,557,1995,Fully Furnished,Borehole,Stable,723000
Oluyole,Room,1,1,26,772,2009,Fully Furnished,Borehole,Moderate,282000
Ologuneru,Room,1,1,28,401,2008,Semi-Furnished,Borehole,Moderate,196000
Oluyole,Mini Flat,1,2,61,860,2018,Semi-Furnished,Borehole,Poor,757000
Bodija,2 Bedroom Flat,2,2,96,318,2013,Unfurnished,Borehole,Stable,1091000
Oluyole,Room,1,1,28,690,1998,Unfurnished,Well,Poor,197000
Bodija,Self Contained,1,1,28,297,2021,Semi-Furnished,Borehole,Moderate,516000
Ajibode,Room,1,1,25,493,1994,Unfurnished,Borehole,Moderate,219000
Akobo,Room,1,1,24,566,2010,Semi-Furnished,Well,Stable,278000
Apata,Self Contained,1,1,36,462,2006,Unfurnished,Well,Stable,245000
Ajibode,2 Bedroom Flat,2,2,75,517,2013,Fully Furnished,Well,Stable,1244000
Oluyole,3 Bedroom Flat,3,3,136,300,2016,Semi-Furnished,Public,Moderate,1553000
Ajibode,Self Contained,1,1,39,372,2007,Unfurnished,Well,Moderate,274000
Bodija,Room,1,1,23,639,2011,Unfurnished,Well,Moderate,261000
Ajibode,Room,1,1,29,555,1995,Fully Furnished,Borehole,Moderate,248000
Bodija,Mini Flat,1,2,50,425,2017,Unfurnished,Borehole,Poor,789000
Challenge,3 Bedroom Flat,3,3,115,788,2009,Semi-Furnished,Well,Poor,1134000
Agbowo,Room,1,1,26,330,2005,Fully Furnished,Borehole,Stable,291000
Oluyole,2 Bedroom Flat,2,2,86,484,2008,Unfurnished,Borehole,Moderate,835000
Challenge,2 Bedroom Flat,2,2,89,458,1997,Unfurnished,Well,Poor,688000
Apata,Room,1,1,18,660,2007,Semi-Furnished,Borehole,Stable,156000
Agbowo,2 Bedroom Flat,2,2,92,558,2020,Fully Furnished,Borehole,Poor,970000
Agbowo,Self Contained,1,1,31,530,1991,Unfurnished,Borehole,Stable,328000
Ajibode,2 Bedroom Flat,2,2,81,218,2021,Fully Furnished,Borehole,Moderate,828000
Ologuneru,Mini Flat,1,2,49,705,2004,Unfurnished,Borehole,Moderate,392000
Apata,Mini Flat,1,2,47,510,2000,Semi-Furnished,Well,Poor,501000
Bodija,2 Bedroom Flat,2,2,71,570,1994,Unfurnished,Well,Poor,1278000
Mokola,Mini Flat,1,2,46,415,2018,Unfurnished,Borehole,Moderate,565000
Bodija,Self Contained,1,1,30,386,2009,Fully Furnished,Public,Stable,599000
Akobo,Self Contained,1,1,28,819,2009,Unfurnished,Well,Moderate,391000
Ajibode,3 Bedroom Flat,3,3,143,230,2007,Unfurnished,Public,Moderate,1056000
Challenge,Room,1,1,27,360,2001,Semi-Furnished,Borehole,Stable,199000
Ajibode,Self Contained,1,1,38,816,2006,Unfurnished,Borehole,Stable,267000
Mokola,Room,1,1,26,665,1993,Semi-Furnished,Borehole,Stable,229000
Challenge,Self Contained,1,1,36,491,2008,Unfurnished,Borehole,Moderate,258000
Oluyole,Self Contained,1,1,39,774,2012,Semi-Furnished,Well,Moderate,381000
Ajibode,Room,1,1,28,630,2016,Fully Furnished,Well,Stable,244000
Agbowo,Self Contained,1,1,36,591,2003,Semi-Furnished,Well,Moderate,297000
Agbowo,Mini Flat,1,2,59,590,1993,Semi-Furnished,Well,Moderate,597000
Agbowo,Self Contained,1,1,37,633,1993,Unfurnished,Borehole,Moderate,309000
Ajibode,Mini Flat,1,2,54,641,2013,Unfurnished,Borehole,Poor,549000
Apata,Self Contained,1,1,33,945,2012,Semi-Furnished,Borehole,Moderate,329000
Bodija,Self Contained,1,1,26,514,2000,Unfurnished,Borehole,Stable,412000
Agbowo,Mini Flat,1,2,56,520,2022,Unfurnished,Borehole,Stable,587000
Agbowo,Self Contained,1,1,27,327,1994,Unfurnished,Borehole,Poor,282000
Bodija,Self Contained,1,1,37,540,2016,Semi-Furnished,Well,Moderate,516000
Akobo,Room,1,1,20,885,2016,Unfurnished,Well,Moderate,267000
Bodija,Duplex,4,4,229,727,2020,Unfurnished,Well,Moderate,2986000
Ring Road,Room,1,1,20,452,2001,Semi-Furnished,Well,Moderate,258000
Bodija,Self Contained,1,1,34,555,1995,Semi-Furnished,Borehole,Moderate,535000
Ologuneru,Self Contained,1,1,28,316,2001,Unfurnished,Borehole,Moderate,270000
Mokola,3 Bedroom Flat,3,3,132,375,2003,Semi-Furnished,Borehole,Stable,940000
Ajibode,Room,1,1,23,576,2011,Semi-Furnished,Well,Moderate,258000
Apata,Room,1,1,22,460,2000,Unfurnished,Public,Poor,164000
Ajibode,Mini Flat,1,2,47,361,2002,Unfurnished,Borehole,Moderate,509000
Mokola,3 Bedroom Flat,3,3,111,638,1995,Unfurnished,Well,Poor,1071000
Agbowo,Self Contained,1,1,38,535,2009,Unfurnished,Well,Stable,286000
Ring Road,Duplex,4,4,223,267,1991,Unfurnished,Well,Poor,1688000
Mokola,Self Contained,1,1,31,200,2000,Fully Furnished,Borehole,Moderate,346000
Challenge,2 Bedroom Flat,2,2,99,447,1997,Semi-Furnished,Well,Moderate,651000
Challenge,Room,1,1,22,264,2019,Fully Furnished,Borehole,Poor,265000
Agbowo,Mini Flat,1,2,59,213,2016,Unfurnished,Borehole,Moderate,542000
Ajibode,2 Bedroom Flat,2,2,88,753,1993,Unfurnished,Borehole,Stable,716000
Agbowo,Room,1,1,25,532,1996,Fully Furnished,Borehole,Stable,254000
Ajibode,2 Bedroom Flat,2,2,70,502,2013,Unfurnished,Borehole,Stable,778000
Oluyole,Self Contained,1,1,28,516,2021,Unfurnished,Well,Moderate,335000
Agbowo,Self Contained,1,1,34,345,2008,Semi-Furnished,Borehole,Stable,348000
Ologuneru,Room,1,1,24,623,1992,Semi-Furnished,Borehole,Moderate,146000
Akobo,Mini Flat,1,2,48,526,2007,Semi-Furnished,Well,Stable,650000
Mokola,Self Contained,1,1,39,413,2011,Unfurnished,Public,Moderate,307000
Ajibode,Self Contained,1,1,39,440,2022,Unfurnished,Well,Moderate,350000
Mokola,Room,1,1,18,329,2023,Unfurnished,Borehole,Moderate,153000
Apata,Room,1,1,24,476,2012,Unfurnished,Borehole,Stable,187000
Bodija,Room,1,1,29,506,2018,Unfurnished,Borehole,Stable,315000
Akobo,Mini Flat,1,2,52,472,1991,Unfurnished,Borehole,Moderate,684000
Challenge,Room,1,1,28,559,2003,Unfurnished,Well,Poor,148000
Ajibode,Room,1,1,19,535,1997,Semi-Furnished,Borehole,Moderate,298000
Bodija,Self Contained,1,1,34,591,1990,Fully Furnished,Borehole,Stable,548000
Agbowo,Room,1,1,21,719,2017,Unfurnished,Borehole,Moderate,165000
Ajibode,Self Contained,1,1,37,656,1992,Semi-Furnished,Borehole,Moderate,393000
Agbowo,Self Contained,1,1,37,721,1996,Semi-Furnished,Borehole,Poor,376000
Ajibode,Mini Flat,1,2,51,397,2023,Unfurnished,Well,Moderate,453000
Ajibode,Self Contained,1,1,35,458,2021,Semi-Furnished,Borehole,Moderate,337000
Ajibode,Room,1,1,19,667,1998,Unfurnished,Well,Stable,192000
Ologuneru,Duplex,4,4,218,670,2008,Semi-Furnished,Well,Moderate,1797000
Bodija,Room,1,1,27,427,2004,Unfurnished,Well,Poor,245000
Ologuneru,Mini Flat,1,2,45,660,2020,Semi-Furnished,Borehole,Moderate,509000
Agbowo,Mini Flat,1,2,54,380,2005,Fully Furnished,Well,Moderate,696000
Agbowo,Self Contained,1,1,38,636,1996,Unfurnished,Well,Stable,297000
Bodija,Mini Flat,1,2,61,545,2018,Unfurnished,Public,Stable,773000
Agbowo,Mini Flat,1,2,61,300,1991,Fully Furnished,Well,Moderate,753000
Ajibode,Self Contained,1,1,25,471,2023,Unfurnished,Borehole,Stable,358000
Akobo,Self Contained,1,1,32,942,2020,Semi-Furnished,Well,Moderate,341000
Ajibode,Room,1,1,26,586,2001,Unfurnished,Well,Poor,224000
Akobo,2 Bedroom Flat,2,2,71,964,1990,Semi-Furnished,Well,Poor,1090000
Akobo,Duplex,4,4,225,290,2018,Unfurnished,Borehole,Poor,3154000
Ajibode,Room,1,1,26,685,1990,Semi-Furnished,Well,Stable,211000
Ajibode,Self Contained,1,1,37,200,1990,Semi-Furnished,Well,Stable,324000
Challenge,Mini Flat,1,2,45,549,2004,Semi-Furnished,Well,Moderate,513000
Bodija,Mini Flat,1,2,52,663,1992,Semi-Furnished,Borehole,Moderate,975000
Ajibode,2 Bedroom Flat,2,2,84,700,2003,Unfurnished,Borehole,Poor,841000
Ologuneru,Mini Flat,1,2,64,406,1999,Unfurnished,Public,Stable,421000
Ajibode,Mini Flat,1,2,54,737,1992,Semi-Furnished,Public,Stable,487000
Oluyole,Mini Flat,1,2,57,453,2009,Unfurnished,Well,Moderate,763000
Ologuneru,Room,1,1,20,520,2016,Unfurnished,Well,Poor,148000
Agbowo,Self Contained,1,1,28,472,2000,Unfurnished,Public,Moderate,343000
Ajibode,Mini Flat,1,2,57,345,1992,Semi-Furnished,Borehole,Moderate,611000
Ajibode,Room,1,1,19,832,2013,Unfurnished,Borehole,Poor,163000
Agbowo,Room,1,1,20,558,1999,Semi-Furnished,Borehole,Stable,220000
Ajibode,Self Contained,1,1,36,745,2015,Unfurnished,Borehole,Moderate,316000
Oluyole,Self Contained,1,1,30,738,2021,Unfurnished,Well,Poor,354000
Ajibode,Room,1,1,25,375,1997,Unfurnished,Borehole,Moderate,159000
Bodija,Mini Flat,1,2,57,768,2002,Fully Furnished,Borehole,Poor,973000
Ologuneru,Mini Flat,1,2,53,640,1992,Unfurnished,Public,Moderate,425000
Mokola,Room,1,1,28,362,2004,Unfurnished,Well,Poor,181000
Akobo,Room,1,1,20,630,2010,Unfurnished,Borehole,Poor,251000
Agbowo,Room,1,1,29,365,2018,Semi-Furnished,Well,Moderate,239000
Akobo,Self Contained,1,1,26,839,2016,Fully Furnished,Well,Moderate,557000
Bodija,3 Bedroom Flat,3,3,113,696,2019,Unfurnished,Well,Moderate,1411000
Agbowo,Self Contained,1,1,36,537,2003,Unfurnished,Well,Stable,343000
Ajibode,3 Bedroom Flat,3,3,121,777,2004,Semi-Furnished,Borehole,Stable,1258000
Ring Road,Room,1,1,29,265,2003,Unfurnished,Well,Stable,209000
Bodija,Room,1,1,26,415,2014,Unfurnished,Well,Moderate,248000
Ajibode,Self Contained,1,1,38,504,2016,Unfurnished,Well,Moderate,297000
Agbowo,Room,1,1,19,952,1991,Semi-Furnished,Borehole,Stable,247000
Agbowo,Room,1,1,24,357,2006,Fully Furnished,Borehole,Poor,330000
Mokola,Mini Flat,1,2,50,242,2004,Unfurnished,Well,Stable,441000
Oluyole,Self Contained,1,1,30,290,2016,Unfurnished,Borehole,Poor,404000
Challenge,Mini Flat,1,2,59,713,1999,Fully Furnished,Borehole,Stable,514000
Ajibode,Room,1,1,20,443,1998,Unfurnished,Borehole,Poor,229000
Agbowo,Room,1,1,29,521,1992,Fully Furnished,Well,Stable,298000
Bodija,2 Bedroom Flat,2,2,84,687,2013,Fully Furnished,Borehole,Stable,1459000
Ajibode,Self Contained,1,1,34,521,1990,Unfurnished,Borehole,Stable,302000
Agbowo,Room,1,1,21,586,1995,Unfurnished,Borehole,Stable,200000
Challenge,Self Contained,1,1,27,646,1994,Semi-Furnished,Borehole,Poor,341000
Ajibode,Room,1,1,26,472,1993,Unfurnished,Well,Moderate,192000
Bodija,Room,1,1,25,520,1992,Unfurnished,Borehole,Stable,274000
Ajibode,Self Contained,1,1,35,593,2019,Semi-Furnished,Public,Stable,407000
Ajibode,Room,1,1,24,706,2012,Unfurnished,Borehole,Moderate,181000
Agbowo,Room,1,1,28,407,1996,Unfurnished,Well,Poor,189000
Ologuneru,Room,1,1,23,200,2021,Fully Furnished,Well,Stable,223000
Challenge,Room,1,1,29,672,1999,Semi-Furnished,Borehole,Moderate,206000
Apata,Self Contained,1,1,26,716,2022,Semi-Furnished,Borehole,Moderate,287000
Bodija,Room,1,1,18,586,2015,Semi-Furnished,Public,Stable,286000
Ajibode,Room,1,1,19,598,2020,Unfurnished,Well,Poor,189000
Bodija,Self Contained,1,1,31,448,2019,Semi-Furnished,Well,Poor,614000
Bodija,Room,1,1,18,640,2012,Unfurnished,Borehole,Moderate,306000
Mokola,Room,1,1,26,703,2018,Unfurnished,Well,Stable,147000
Ajibode,Room,1,1,23,560,1997,Unfurnished,Borehole,Poor,166000
Bodija,3 Bedroom Flat,3,3,126,998,2005,Unfurnished,Borehole,Moderate,1422000
Ajibode,Self Contained,1,1,36,268,1998,Semi-Furnished,Public,Moderate,365000
Agbowo,Self Contained,1,1,36,579,1993,Semi-Furnished,Public,Moderate,340000
Oluyole,Mini Flat,1,2,56,338,2008,Semi-Furnished,Well,Stable,628000
Bodija,2 Bedroom Flat,2,2,95,708,2002,Unfurnished,Borehole,Moderate,1044000
Agbowo,Mini Flat,1,2,63,265,2001,Semi-Furnished,Borehole,Stable,551000
Agbowo,2 Bedroom Flat,2,2,95,309,1998,Unfurnished,Borehole,Poor,628000
Bodija,Self Contained,1,1,26,436,2001,Semi-Furnished,Borehole,Moderate,609000
Challenge,Room,1,1,26,597,2013,Fully Furnished,Borehole,Stable,181000
Ring Road,Mini Flat,1,2,47,442,2002,Unfurnished,Well,Poor,411000
Apata,Self Contained,1,1,32,444,2021,Unfurnished,Well,Poor,188000
Challenge,2 Bedroom Flat,2,2,99,517,2003,Unfurnished,Well,Stable,689000
Agbowo,Room,1,1,22,506,1991,Semi-Furnished,Borehole,Stable,227000
Oluyole,Mini Flat,1,2,63,817,2010,Unfurnished,Public,Stable,582000
Agbowo,Room,1,1,19,673,2020,Unfurnished,Well,Moderate,236000
Agbowo,Self Contained,1,1,35,491,2005,Fully Furnished,Borehole,Moderate,442000
Mokola,Self Contained,1,1,36,927,2015,Unfurnished,Borehole,Moderate,268000
Ajibode,Room,1,1,28,638,1992,Semi-Furnished,Borehole,Poor,272000
Ring Road,2 Bedroom Flat,2,2,72,375,1991,Unfurnished,Public,Poor,732000
Bodija,2 Bedroom Flat,2,2,82,596,2011,Unfurnished,Borehole,Stable,790000
Akobo,Room,1,1,27,646,1992,Unfurnished,Borehole,Stable,301000
Akobo,Mini Flat,1,2,53,426,2015,Semi-Furnished,Borehole,Stable,712000
Ring Road,2 Bedroom Flat,2,2,96,360,2016,Unfurnished,Well,Stable,653000
Akobo,Self Contained,1,1,26,565,1997,Semi-Furnished,Borehole,Stable,392000
Akobo,Self Contained,1,1,38,485,2012,Semi-Furnished,Well,Moderate,451000
Ajibode,Mini Flat,1,2,47,816,1995,Semi-Furnished,Borehole,Moderate,513000
Bodija,Self Contained,1,1,27,683,2014,Unfurnished,Borehole,Moderate,483000
Ajibode,Self Contained,1,1,28,434,2005,Unfurnished,Borehole,Moderate,323000
Oluyole,Mini Flat,1,2,60,626,2015,Semi-Furnished,Well,Stable,606000
Bodija,Room,1,1,26,778,2004,Semi-Furnished,Borehole,Stable,363000
Oluyole,Mini Flat,1,2,58,299,2021,Unfurnished,Borehole,Moderate,596000
Ajibode,Self Contained,1,1,35,365,2008,Semi-Furnished,Well,Poor,327000
Ajibode,Self Contained,1,1,36,547,2003,Semi-Furnished,Borehole,Stable,347000
Oluyole,Room,1,1,21,556,2015,Semi-Furnished,Well,Moderate,255000
Ajibode,Mini Flat,1,2,61,540,2002,Unfurnished,Well,Poor,497000
Ajibode,Room,1,1,20,494,1997,Semi-Furnished,Borehole,Moderate,257000
Ajibode,Self Contained,1,1,26,491,2003,Unfurnished,Borehole,Stable,346000
Apata,Self Contained,1,1,35,619,2015,Unfurnished,Borehole,Stable,167000
Oluyole,Room,1,1,24,754,2019,Semi-Furnished,Well,Stable,281000
Agbowo,2 Bedroom Flat,2,2,79,463,2002,Semi-Furnished,Borehole,Stable,674000
Agbowo,Self Contained,1,1,36,988,2000,Semi-Furnished,Well,Poor,358000
Agbowo,Room,1,1,19,902,1991,Unfurnished,Public,Stable,201000
Challenge,2 Bedroom Flat,2,2,79,789,2019,Unfurnished,Borehole,Poor,547000
Oluyole,Mini Flat,1,2,53,662,2013,Unfurnished,Well,Moderate,650000
Ajibode,2 Bedroom Flat,2,2,89,911,2007,Unfurnished,Well,Moderate,796000
Ajibode,Mini Flat,1,2,51,497,2012,Semi-Furnished,Public,Stable,595000
Ajibode,Self Contained,1,1,26,400,1995,Unfurnished,Borehole,Stable,283000
Oluyole,2 Bedroom Flat,2,2,81,455,2000,Unfurnished,Public,Stable,785000
Challenge,Self Contained,1,1,28,369,1996,Semi-Furnished,Borehole,Moderate,381000
Agbowo,Self Contained,1,1,38,571,2022,Unfurnished,Borehole,Poor,324000
Ajibode,Self Contained,1,1,36,603,1999,Fully Furnished,Borehole,Poor,391000
Ajibode,Self Contained,1,1,32,586,2010,Semi-Furnished,Borehole,Stable,309000
Ologuneru,3 Bedroom Flat,3,3,127,547,1998,Unfurnished,Borehole,Poor,976000
Agbowo,Self Contained,1,1,38,573,2019,Semi-Furnished,Borehole,Stable,351000
Challenge,Self Contained,1,1,27,862,2014,Semi-Furnished,Borehole,Moderate,345000
Akobo,Self Contained,1,1,37,661,2014,Unfurnished,Borehole,Stable,470000
Agbowo,Self Contained,1,1,33,716,2013,Semi-Furnished,Borehole,Stable,405000
Ajibode,Room,1,1,25,584,2001,Semi-Furnished,Borehole,Poor,225000
Ajibode,3 Bedroom Flat,3,3,115,259,1996,Fully Furnished,Well,Stable,1404000
Akobo,Mini Flat,1,2,56,223,2023,Semi-Furnished,Borehole,Moderate,792000
Challenge,Self Contained,1,1,36,924,1992,Fully Furnished,Borehole,Moderate,399000
Akobo,Self Contained,1,1,35,454,1995,Unfurnished,Well,Poor,404000
Bodija,2 Bedroom Flat,2,2,88,438,2016,Semi-Furnished,Well,Moderate,944000
Ajibode,Self Contained,1,1,27,594,2008,Unfurnished,Borehole,Moderate,339000
Ologuneru,Room,1,1,21,649,1997,Semi-Furnished,Borehole,Stable,151000
Challenge,Self Contained,1,1,36,671,2007,Fully Furnished,Borehole,Moderate,313000
Agbowo,Self Contained,1,1,26,869,1996,Unfurnished,Well,Moderate,370000
Ologuneru,2 Bedroom Flat,2,2,95,820,1990,Unfurnished,Well,Stable,579000
Akobo,2 Bedroom Flat,2,2,84,404,1994,Unfurnished,Well,Stable,935000
Akobo,2 Bedroom Flat,2,2,95,724,2003,Semi-Furnished,Public,Moderate,1164000
Challenge,Mini Flat,1,2,45,480,1990,Unfurnished,Well,Moderate,387000
Mokola,Self Contained,1,1,27,525,2001,Unfurnished,Borehole,Poor,285000
Akobo,Room,1,1,20,353,2008,Fully Furnished,Well,Poor,394000
Ajibode,3 Bedroom Flat,3,3,147,245,1991,Unfurnished,Borehole,Stable,1256000
Agbowo,2 Bedroom Flat,2,2,86,544,2003,Fully Furnished,Borehole,Moderate,1113000
Apata,Self Contained,1,1,33,377,1992,Unfurnished,Borehole,Moderate,292000
Agbowo,Mini Flat,1,2,53,717,2002,Unfurnished,Borehole,Moderate,518000
Agbowo,2 Bedroom Flat,2,2,87,499,1992,Semi-Furnished,Borehole,Stable,881000
Agbowo,Room,1,1,21,605,2003,Fully Furnished,Well,Moderate,285000
Agbowo,Self Contained,1,1,31,796,2023,Unfurnished,Borehole,Moderate,328000
Akobo,3 Bedroom Flat,3,3,139,282,1998,Unfurnished,Borehole,Moderate,1275000
Apata,Room,1,1,29,419,1999,Unfurnished,Borehole,Moderate,139000
Agbowo,Room,1,1,27,582,1997,Fully Furnished,Well,Stable,292000
Ajibode,3 Bedroom Flat,3,3,130,606,2018,Unfurnished,Well,Stable,865000
Ajibode,2 Bedroom Flat,2,2,95,748,2022,Unfurnished,Borehole,Stable,844000
Ring Road,Room,1,1,28,706,2012,Unfurnished,Borehole,Moderate,190000
Akobo,Self Contained,1,1,34,567,1997,Unfurnished,Well,Moderate,442000
Agbowo,Mini Flat,1,2,62,604,2012,Unfurnished,Borehole,Moderate,555000
Mokola,Mini Flat,1,2,56,609,2009,Semi-Furnished,Borehole,Stable,479000
Mokola,Mini Flat,1,2,46,285,2001,Semi-Furnished,Borehole,Moderate,674000
Mokola,Self Contained,1,1,30,521,1998,Semi-Furnished,Borehole,Moderate,281000
Ring Road,Mini Flat,1,2,56,594,2022,Unfurnished,Borehole,Stable,473000
Agbowo,Mini Flat,1,2,48,632,1995,Unfurnished,Borehole,Stable,513000
Challenge,Room,1,1,26,383,2021,Semi-Furnished,Well,Moderate,174000
Bodija,Room,1,1,21,321,1990,Unfurnished,Borehole,Poor,254000
Mokola,Room,1,1,29,507,2013,Fully Furnished,Borehole,Poor,236000
Oluyole,3 Bedroom Flat,3,3,128,904,2018,Unfurnished,Borehole,Stable,1092000
Challenge,Self Contained,1,1,25,402,1997,Semi-Furnished,Borehole,Moderate,439000
Akobo,Mini Flat,1,2,62,761,2002,Fully Furnished,Borehole,Moderate,915000
Ajibode,3 Bedroom Flat,3,3,134,835,2014,Semi-Furnished,Well,Moderate,1168000
Bodija,Room,1,1,21,558,2018,Unfurnished,Borehole,Stable,315000
Ologuneru,Room,1,1,28,427,2013,Unfurnished,Well,Moderate,170000
Apata,Room,1,1,20,642,2016,Semi-Furnished,Well,Poor,164000
Ajibode,2 Bedroom Flat,2,2,99,585,2015,Fully Furnished,Well,Moderate,755000
Ajibode,Mini Flat,1,2,63,395,2009,Unfurnished,Borehole,Moderate,540000
Ajibode,Room,1,1,21,431,1993,Unfurnished,Well,Moderate,152000
Oluyole,Room,1,1,28,631,2011,Fully Furnished,Public,Poor,315000
Mokola,Room,1,1,28,718,1996,Semi-Furnished,Borehole,Moderate,237000
Ajibode,2 Bedroom Flat,2,2,77,491,2007,Fully Furnished,Borehole,Moderate,896000
Bodija,Self Contained,1,1,39,537,1999,Unfurnished,Borehole,Moderate,404000
Mokola,2 Bedroom Flat,2,2,95,670,2020,Unfurnished,Well,Moderate,624000
Oluyole,2 Bedroom Flat,2,2,95,518,2015,Semi-Furnished,Well,Stable,879000
Bodija,3 Bedroom Flat,3,3,115,496,2015,Semi-Furnished,Borehole,Stable,1432000
Akobo,Self Contained,1,1,38,414,2014,Unfurnished,Borehole,Poor,403000
Bodija,Room,1,1,21,410,2007,Semi-Furnished,Well,Moderate,311000
Agbowo,Self Contained,1,1,37,1030,2013,Unfurnished,Public,Moderate,359000
Akobo,2 Bedroom Flat,2,2,84,514,2004,Fully Furnished,Borehole,Stable,1048000
Oluyole,3 Bedroom Flat,3,3,150,795,1997,Unfurnished,Public,Moderate,1323000
Ring Road,Self Contained,1,1,35,853,2014,Unfurnished,Well,Moderate,373000
Akobo,Self Contained,1,1,26,516,2013,Semi-Furnished,Borehole,Stable,450000
Challenge,2 Bedroom Flat,2,2,82,616,2010,Unfurnished,Borehole,Moderate,689000
Ajibode,Self Contained,1,1,39,568,1990,Semi-Furnished,Borehole,Poor,330000
Bodija,Room,1,1,29,259,2015,Unfurnished,Borehole,Stable,301000
Ajibode,Room,1,1,28,270,1999,Unfurnished,Borehole,Stable,159000
Agbowo,Self Contained,1,1,25,558,2015,Unfurnished,Borehole,Moderate,252000
Oluyole,Room,1,1,21,473,1991,Fully Furnished,Public,Poor,355000
Ologuneru,Mini Flat,1,2,51,890,2003,Semi-Furnished,Borehole,Moderate,479000
Ajibode,Mini Flat,1,2,54,507,2022,Unfurnished,Borehole,Moderate,461000
Agbowo,3 Bedroom Flat,3,3,142,901,1990,Unfurnished,Well,Moderate,1271000
Challenge,Mini Flat,1,2,45,464,2019,Unfurnished,Borehole,Poor,440000
Ajibode,Self Contained,1,1,25,894,2007,Unfurnished,Well,Moderate,323000
Bodija,Room,1,1,24,641,2019,Unfurnished,Well,Stable,290000
Oluyole,Room,1,1,28,651,2016,Unfurnished,Public,Stable,250000
Akobo,2 Bedroom Flat,2,2,95,457,2019,Unfurnished,Well,Moderate,959000
Ajibode,Mini Flat,1,2,45,653,2010,Unfurnished,Borehole,Moderate,624000
Agbowo,Room,1,1,26,854,2005,Semi-Furnished,Borehole,Moderate,284000
Challenge,Self Contained,1,1,37,523,2006,Unfurnished,Borehole,Poor,236000
Bodija,Mini Flat,1,2,64,488,2007,Unfurnished,Borehole,Stable,791000
Ajibode,2 Bedroom Flat,2,2,82,505,2023,Unfurnished,Public,Poor,681000
Challenge,2 Bedroom Flat,2,2,74,841,2010,Semi-Furnished,Well,Moderate,702000
Ajibode,2 Bedroom Flat,2,2,78,703,2001,Unfurnished,Public,Stable,744000
Challenge,Self Contained,1,1,33,810,2020,Unfurnished,Borehole,Poor,327000
Ajibode,Mini Flat,1,2,63,606,1999,Fully Furnished,Borehole,Moderate,634000
Apata,Room,1,1,18,557,1993,Unfurnished,Well,Stable,162000
Agbowo,Mini Flat,1,2,45,626,2004,Fully Furnished,Well,Poor,706000
Agbowo,Self Contained,1,1,30,742,2017,Semi-Furnished,Borehole,Moderate,417000
Ajibode,Room,1,1,28,505,1996,Semi-Furnished,Borehole,Moderate,295000
Agbowo,Room,1,1,27,796,2000,Unfurnished,Borehole,Stable,159000
Ring Road,Mini Flat,1,2,54,615,2018,Unfurnished,Well,Stable,366000
Ologuneru,Room,1,1,21,200,2023,Semi-Furnished,Well,Poor,170000
Agbowo,Self Contained,1,1,25,709,2019,Fully Furnished,Well,Moderate,500000
Bodija,Self Contained,1,1,29,320,2016,Unfurnished,Borehole,Stable,532000
Oluyole,Mini Flat,1,2,64,704,2014,Unfurnished,Well,Poor,380000
Ring Road,Room,1,1,29,712,2012,Unfurnished,Well,Stable,199000
Akobo,Room,1,1,29,609,2018,Unfurnished,Well,Poor,261000
Agbowo,Room,1,1,29,647,2000,Unfurnished,Borehole,Poor,229000
Agbowo,Mini Flat,1,2,59,747,1993,Semi-Furnished,Borehole,Moderate,608000
Oluyole,Room,1,1,21,460,2020,Fully Furnished,Well,Moderate,352000
Ajibode,Self Contained,1,1,37,692,1999,Semi-Furnished,Borehole,Poor,329000
Akobo,Self Contained,1,1,33,759,2005,Semi-Furnished,Well,Stable,440000
Agbowo,Self Contained,1,1,37,866,2019,Unfurnished,Well,Stable,384000
Challenge,Self Contained,1,1,39,350,2006,Semi-Furnished,Borehole,Moderate,253000
Ajibode,Self Contained,1,1,37,623,1994,Semi-Furnished,Borehole,Stable,294000
Akobo,Room,1,1,28,376,1992,Unfurnished,Public,Stable,192000
Bodija,Self Contained,1,1,30,369,2005,Unfurnished,Borehole,Moderate,377000
Akobo,Self Contained,1,1,37,614,1993,Unfurnished,Borehole,Stable,414000
Ajibode,Room,1,1,27,563,1998,Unfurnished,Well,Poor,197000
Akobo,Self Contained,1,1,34,756,1993,Semi-Furnished,Borehole,Moderate,465000
Akobo,Room,1,1,29,487,2010,Fully Furnished,Borehole,Stable,378000
Akobo,Room,1,1,22,525,1999,Semi-Furnished,Borehole,Moderate,218000
Akobo,Room,1,1,20,588,2020,Unfurnished,Borehole,Stable,267000
Oluyole,Self Contained,1,1,26,394,2006,Semi-Furnished,Well,Moderate,427000
Challenge,Mini Flat,1,2,56,419,2005,Semi-Furnished,Well,Moderate,574000
Agbowo,2 Bedroom Flat,2,2,79,750,1995,Fully Furnished,Borehole,Moderate,934000
Mokola,Self Contained,1,1,39,451,2019,Unfurnished,Well,Stable,247000
Bodija,Room,1,1,22,762,2004,Semi-Furnished,Well,Poor,352000
Ajibode,Mini Flat,1,2,55,659,2020,Unfurnished,Well,Stable,598000
Ajibode,2 Bedroom Flat,2,2,81,271,2019,Unfurnished,Well,Moderate,696000
Agbowo,Room,1,1,28,645,2005,Unfurnished,Public,Moderate,188000
Challenge,Self Contained,1,1,29,644,1991,Unfurnished,Borehole,Moderate,236000
Oluyole,Room,1,1,21,626,2017,Unfurnished,Borehole,Poor,252000
Challenge,Self Contained,1,1,28,524,2006,Fully Furnished,Borehole,Stable,320000
Bodija,Room,1,1,27,380,2021,Unfurnished,Well,Moderate,278000
Bodija,3 Bedroom Flat,3,3,143,792,2014,Semi-Furnished,Well,Moderate,2054000
Ajibode,Self Contained,1,1,37,531,2002,Unfurnished,Public,Moderate,218000
Agbowo,Mini Flat,1,2,53,390,2003,Unfurnished,Well,Moderate,560000
Agbowo,Self Contained,1,1,35,632,2014,Semi-Furnished,Borehole,Moderate,305000
Ajibode,Self Contained,1,1,26,416,2018,Semi-Furnished,Public,Poor,397000
Agbowo,Room,1,1,19,379,2004,Semi-Furnished,Borehole,Moderate,195000
Akobo,2 Bedroom Flat,2,2,77,482,2004,Semi-Furnished,Public,Stable,866000
Oluyole,Room,1,1,21,430,2006,Unfurnished,Public,Moderate,242000
Ologuneru,Room,1,1,19,385,2014,Unfurnished,Well,Moderate,176000
Apata,Self Contained,1,1,35,695,2012,Fully Furnished,Borehole,Moderate,314000
Akobo,Room,1,1,25,529,2021,Unfurnished,Public,Stable,263000
Agbowo,Room,1,1,24,775,2020,Fully Furnished,Borehole,Stable,255000
Akobo,Room,1,1,25,396,2012,Unfurnished,Borehole,Moderate,251000
Challenge,3 Bedroom Flat,3,3,135,239,2006,Unfurnished,Well,Moderate,810000
Ajibode,2 Bedroom Flat,2,2,72,576,2018,Unfurnished,Borehole,Moderate,599000
Agbowo,Room,1,1,20,884,1991,Semi-Furnished,Borehole,Moderate,299000
Mokola,2 Bedroom Flat,2,2,81,645,2000,Unfurnished,Public,Moderate,641000
Agbowo,Room,1,1,24,1128,2005,Unfurnished,Borehole,Moderate,175000
Akobo,Self Contained,1,1,38,609,2006,Unfurnished,Borehole,Moderate,401000
Akobo,2 Bedroom Flat,2,2,77,592,2010,Unfurnished,Borehole,Stable,1024000
Ajibode,Room,1,1,28,200,2010,Fully Furnished,Public,Moderate,269000
Agbowo,Room,1,1,27,627,1995,Unfurnished,Borehole,Stable,202000
Agbowo,2 Bedroom Flat,2,2,91,580,2012,Semi-Furnished,Borehole,Moderate,747000
Ajibode,Mini Flat,1,2,58,476,2021,Unfurnished,Well,Stable,553000
Ajibode,3 Bedroom Flat,3,3,132,525,2018,Semi-Furnished,Borehole,Moderate,873000
Mokola,Room,1,1,23,537,2020,Unfurnished,Borehole,Stable,228000
Agbowo,Room,1,1,21,517,2014,Unfurnished,Well,Stable,234000
Bodija,Room,1,1,19,926,1991,Fully Furnished,Borehole,Moderate,355000
Agbowo,Self Contained,1,1,26,483,2011,Semi-Furnished,Public,Poor,372000
Apata,Room,1,1,28,580,2004,Unfurnished,Borehole,Stable,172000
Agbowo,Mini Flat,1,2,47,477,1995,Unfurnished,Borehole,Stable,439000
Agbowo,Room,1,1,27,691,2022,Unfurnished,Public,Moderate,246000
Ring Road,Self Contained,1,1,34,581,2000,Unfurnished,Well,Moderate,293000
Mokola,Self Contained,1,1,26,499,2001,Unfurnished,Well,Moderate,288000
Ajibode,Room,1,1,22,203,2013,Unfurnished,Borehole,Moderate,168000
Challenge,Mini Flat,1,2,53,593,1992,Semi-Furnished,Public,Stable,531000
Bodija,Duplex,4,4,222,494,2019,Fully Furnished,Borehole,Moderate,4710000
Bodija,Self Contained,1,1,26,539,2008,Fully Furnished,Well,Moderate,621000
Ajibode,Self Contained,1,1,32,337,1996,Semi-Furnished,Borehole,Moderate,344000
Ajibode,Self Contained,1,1,32,807,2001,Unfurnished,Public,Moderate,375000
Oluyole,3 Bedroom Flat,3,3,150,704,2018,Unfurnished,Well,Stable,1201000
Bodija,2 Bedroom Flat,2,2,97,807,1997,Unfurnished,Public,Moderate,955000
Agbowo,3 Bedroom Flat,3,3,115,756,2010,Semi-Furnished,Public,Moderate,1223000
Oluyole,Self Contained,1,1,29,656,2002,Fully Furnished,Borehole,Moderate,491000
Challenge,Room,1,1,24,344,2016,Unfurnished,Borehole,Moderate,178000
Ajibode,Room,1,1,19,881,1993,Semi-Furnished,Well,Stable,205000
Akobo,Room,1,1,23,383,2021,Unfurnished,Borehole,Moderate,260000
Ajibode,3 Bedroom Flat,3,3,141,501,2013,Semi-Furnished,Well,Moderate,1411000
Challenge,Self Contained,1,1,37,677,1998,Fully Furnished,Public,Moderate,339000
Akobo,Self Contained,1,1,31,686,1999,Unfurnished,Well,Moderate,398000
Apata,Room,1,1,26,653,2000,Semi-Furnished,Borehole,Moderate,199000
Ajibode,3 Bedroom Flat,3,3,117,477,2022,Unfurnished,Well,Moderate,827000
Ajibode,Room,1,1,28,440,1996,Fully Furnished,Well,Moderate,319000
Agbowo,Mini Flat,1,2,61,1006,2000,Unfurnished,Borehole,Poor,613000
Agbowo,Self Contained,1,1,35,542,2017,Unfurnished,Borehole,Stable,325000
Agbowo,Mini Flat,1,2,45,520,2019,Semi-Furnished,Public,Moderate,440000
Ring Road,Mini Flat,1,2,46,421,1997,Unfurnished,Public,Moderate,541000
Agbowo,Mini Flat,1,2,61,594,2016,Semi-Furnished,Public,Poor,490000
Agbowo,Self Contained,1,1,27,585,2011,Unfurnished,Borehole,Stable,326000
Challenge,Self Contained,1,1,39,547,2021,Unfurnished,Borehole,Moderate,220000
Bodija,2 Bedroom Flat,2,2,94,618,2003,Semi-Furnished,Well,Moderate,1363000
Challenge,Room,1,1,19,867,2015,Semi-Furnished,Borehole,Moderate,170000
Ajibode,Room,1,1,22,442,2000,Unfurnished,Borehole,Moderate,205000
Bodija,2 Bedroom Flat,2,2,83,557,1996,Unfurnished,Borehole,Poor,1108000
Ajibode,2 Bedroom Flat,2,2,70,433,2019,Unfurnished,Borehole,Stable,659000
Ajibode,Mini Flat,1,2,47,603,1991,Semi-Furnished,Well,Moderate,666000
Ring Road,Room,1,1,20,447,2015,Fully Furnished,Borehole,Moderate,238000
Ajibode,2 Bedroom Flat,2,2,91,455,2014,Unfurnished,Borehole,Moderate,772000
Bodija,3 Bedroom Flat,3,3,136,287,1990,Fully Furnished,Borehole,Stable,2368000
Agbowo,Self Contained,1,1,29,567,2018,Unfurnished,Borehole,Stable,317000
Agbowo,Self Contained,1,1,29,627,2013,Semi-Furnished,Borehole,Stable,339000
Ring Road,Self Contained,1,1,26,884,1990,Fully Furnished,Well,Stable,347000
Ajibode,Mini Flat,1,2,56,634,2014,Unfurnished,Borehole,Stable,538000
Oluyole,Room,1,1,26,469,2023,Unfurnished,Public,Moderate,269000
Ologuneru,Room,1,1,18,305,1994,Fully Furnished,Borehole,Stable,248000
Akobo,Duplex,4,4,241,330,2001,Unfurnished,Borehole,Poor,2713000
Apata,Self Contained,1,1,25,316,1997,Unfurnished,Borehole,Moderate,230000
Ajibode,Self Contained,1,1,38,888,2003,Unfurnished,Well,Moderate,270000
Agbowo,Room,1,1,19,601,2009,Unfurnished,Well,Stable,193000
Agbowo,Room,1,1,26,445,1998,Semi-Furnished,Well,Moderate,275000
Oluyole,Room,1,1,23,377,1994,Fully Furnished,Public,Stable,311000
Ologuneru,Room,1,1,23,395,1990,Unfurnished,Borehole,Moderate,188000
Agbowo,Mini Flat,1,2,63,440,2000,Fully Furnished,Well,Moderate,647000
Akobo,Mini Flat,1,2,61,786,1993,Semi-Furnished,Well,Stable,772000
Ajibode,3 Bedroom Flat,3,3,110,544,2006,Fully Furnished,Borehole,Moderate,1335000
Akobo,Duplex,4,4,266,289,1993,Unfurnished,Well,Stable,2656000
Bodija,Room,1,1,21,965,2021,Fully Furnished,Borehole,Poor,341000
Ologuneru,Room,1,1,25,344,1994,Fully Furnished,Borehole,Moderate,210000
Akobo,Mini Flat,1,2,50,443,2011,Unfurnished,Borehole,Poor,583000
Agbowo,Room,1,1,27,785,2003,Unfurnished,Well,Moderate,210000
Ajibode,3 Bedroom Flat,3,3,146,624,2010,Unfurnished,Borehole,Poor,1255000
Ajibode,Self Contained,1,1,32,465,2007,Unfurnished,Borehole,Moderate,245000
Agbowo,Self Contained,1,1,37,328,1992,Unfurnished,Borehole,Poor,345000
Agbowo,Self Contained,1,1,30,375,2000,Unfurnished,Borehole,Moderate,356000
Mokola,Room,1,1,24,386,2016,Fully Furnished,Public,Stable,274000
Akobo,Self Contained,1,1,27,551,2014,Semi-Furnished,Borehole,Moderate,555000
Bodija,Room,1,1,21,584,2004,Unfurnished,Well,Moderate,303000
Ajibode,3 Bedroom Flat,3,3,116,523,2010,Semi-Furnished,Borehole,Moderate,1190000
Mokola,2 Bedroom Flat,2,2,75,542,1992,Unfurnished,Well,Stable,721000
Oluyole,2 Bedroom Flat,2,2,85,360,2013,Semi-Furnished,Well,Moderate,1064000
Ajibode,3 Bedroom Flat,3,3,116,602,1994,Semi-Furnished,Well,Moderate,1266000
Oluyole,Mini Flat,1,2,61,780,2022,Unfurnished,Borehole,Moderate,618000
Bodija,2 Bedroom Flat,2,2,81,520,2013,Unfurnished,Borehole,Stable,1116000
Ajibode,Mini Flat,1,2,61,517,1995,Unfurnished,Borehole,Moderate,602000
Bodija,Self Contained,1,1,29,564,1996,Fully Furnished,Borehole,Moderate,647000
Bodija,Room,1,1,28,751,2008,Semi-Furnished,Borehole,Moderate,348000
Ajibode,Self Contained,1,1,33,388,2010,Unfurnished,Borehole,Stable,252000
Apata,Self Contained,1,1,32,811,1995,Unfurnished,Well,Poor,227000
Mokola,Mini Flat,1,2,56,625,1992,Unfurnished,Borehole,Moderate,385000
Oluyole,2 Bedroom Flat,2,2,86,555,2003,Unfurnished,Public,Stable,831000
Bodija,Mini Flat,1,2,53,768,2009,Unfurnished,Borehole,Poor,703000
Agbowo,Room,1,1,25,337,2003,Unfurnished,Well,Stable,209000
Akobo,Room,1,1,26,643,1991,Unfurnished,Borehole,Stable,224000
Bodija,2 Bedroom Flat,2,2,73,627,2014,Unfurnished,Well,Stable,994000
Ajibode,2 Bedroom Flat,2,2,76,381,1993,Unfurnished,Borehole,Stable,744000
Bodija,Self Contained,1,1,37,632,2022,Unfurnished,Well,Moderate,558000
Challenge,Room,1,1,26,600,1991,Semi-Furnished,Borehole,Moderate,190000
Bodija,Room,1,1,21,517,2012,Unfurnished,Well,Poor,273000
Ajibode,Room,1,1,29,705,2010,Unfurnished,Well,Moderate,179000
Challenge,2 Bedroom Flat,2,2,82,447,2004,Fully Furnished,Well,Stable,832000
Ajibode,Self Contained,1,1,33,598,2013,Unfurnished,Borehole,Moderate,341000
Agbowo,Self Contained,1,1,33,526,2009,Semi-Furnished,Borehole,Poor,364000
Ajibode,2 Bedroom Flat,2,2,98,439,2014,Unfurnished,Public,Stable,778000
Agbowo,Room,1,1,23,640,2011,Unfurnished,Borehole,Poor,192000
Challenge,Self Contained,1,1,28,512,1993,Unfurnished,Borehole,Moderate,248000
Bodija,Self Contained,1,1,35,284,2005,Unfurnished,Well,Moderate,505000
Ajibode,Self Contained,1,1,37,225,1996,Fully Furnished,Public,Poor,418000
Ring Road,Room,1,1,21,692,2013,Unfurnished,Borehole,Moderate,177000
Ring Road,Self Contained,1,1,36,330,2023,Semi-Furnished,Well,Moderate,360000
Ring Road,Room,1,1,25,600,2018,Semi-Furnished,Borehole,Stable,246000
Agbowo,Room,1,1,29,559,2015,Unfurnished,Well,Poor,192000
Bodija,Self Contained,1,1,31,483,2003,Fully Furnished,Borehole,Poor,576000
Ologuneru,Room,1,1,22,902,2009,Unfurnished,Borehole,Moderate,142000
Challenge,Duplex,4,4,202,582,1996,Unfurnished,Public,Moderate,2034000
Ajibode,Mini Flat,1,2,55,686,2007,Unfurnished,Borehole,Stable,502000
Ajibode,3 Bedroom Flat,3,3,134,601,1999,Semi-Furnished,Public,Stable,1345000
Bodija,3 Bedroom Flat,3,3,143,508,2019,Unfurnished,Borehole,Moderate,1193000
Ring Road,Room,1,1,26,546,1992,Fully Furnished,Borehole,Stable,191000
Bodija,Room,1,1,20,812,1990,Unfurnished,Borehole,Moderate,254000
Bodija,Duplex,4,4,196,745,2019,Semi-Furnished,Well,Stable,3834000
Ajibode,Self Contained,1,1,27,901,1991,Unfurnished,Public,Stable,318000
Akobo,Mini Flat,1,2,52,589,2004,Unfurnished,Borehole,Moderate,534000
Mokola,2 Bedroom Flat,2,2,85,392,2000,Unfurnished,Borehole,Moderate,547000
Agbowo,Self Contained,1,1,39,470,2021,Fully Furnished,Public,Stable,377000
Challenge,Self Contained,1,1,34,336,1995,Fully Furnished,Well,Moderate,386000
Ologuneru,Room,1,1,26,688,1995,Unfurnished,Public,Stable,156000
Ajibode,Room,1,1,19,444,2017,Unfurnished,Well,Stable,180000
Bodija,Room,1,1,23,200,2014,Unfurnished,Borehole,Stable,328000
Agbowo,Room,1,1,20,993,2012,Semi-Furnished,Borehole,Poor,257000
Challenge,Room,1,1,19,447,2001,Unfurnished,Well,Stable,152000
Akobo,Mini Flat,1,2,53,446,1999,Fully Furnished,Borehole,Poor,902000
Akobo,Self Contained,1,1,32,850,2006,Semi-Furnished,Well,Stable,495000
Challenge,Mini Flat,1,2,53,332,1991,Semi-Furnished,Borehole,Moderate,494000
Agbowo,Room,1,1,21,754,2006,Unfurnished,Public,Moderate,222000
Ring Road,Room,1,1,21,444,1998,Unfurnished,Well,Moderate,204000
Bodija,Self Contained,1,1,34,311,1996,Fully Furnished,Well,Poor,552000
Ajibode,Room,1,1,20,857,2002,Semi-Furnished,Borehole,Stable,270000
Oluyole,Mini Flat,1,2,56,716,1999,Semi-Furnished,Borehole,Moderate,675000
Challenge,Self Contained,1,1,28,715,2011,Unfurnished,Borehole,Moderate,303000
Agbowo,Room,1,1,27,616,2017,Fully Furnished,Borehole,Poor,240000
Mokola,Mini Flat,1,2,57,657,2003,Unfurnished,Borehole,Moderate,496000
Ring Road,Room,1,1,21,328,2008,Unfurnished,Borehole,Moderate,203000
Agbowo,Mini Flat,1,2,62,570,1990,Semi-Furnished,Well,Moderate,675000
Ologuneru,Self Contained,1,1,29,382,2016,Fully Furnished,Borehole,Poor,385000
Ajibode,Room,1,1,26,299,1993,Unfurnished,Borehole,Poor,207000
Ajibode,Mini Flat,1,2,64,623,2013,Unfurnished,Public,Stable,578000
Ajibode,Mini Flat,1,2,47,758,2003,Semi-Furnished,Public,Moderate,599000
Ring Road,Room,1,1,25,480,2012,Semi-Furnished,Well,Poor,236000
Akobo,Self Contained,1,1,36,511,1994,Fully Furnished,Borehole,Poor,657000
Ajibode,Self Contained,1,1,36,345,2009,Semi-Furnished,Public,Poor,302000
Bodija,Mini Flat,1,2,64,551,2011,Unfurnished,Well,Stable,750000
Akobo,Room,1,1,28,686,1994,Unfurnished,Borehole,Stable,232000
Ajibode,Self Contained,1,1,32,692,2022,Unfurnished,Borehole,Poor,293000
Ring Road,Duplex,4,4,274,648,2013,Fully Furnished,Borehole,Moderate,2819000
Challenge,Room,1,1,27,438,2023,Semi-Furnished,Public,Moderate,200000
Bodija,Mini Flat,1,2,48,432,2014,Unfurnished,Borehole,Stable,609000
Ologuneru,Self Contained,1,1,28,693,2014,Unfurnished,Borehole,Stable,239000
Agbowo,Self Contained,1,1,30,696,2011,Fully Furnished,Borehole,Moderate,363000
Ologuneru,Room,1,1,22,519,1994,Fully Furnished,Borehole,Poor,191000
Oluyole,Self Contained,1,1,26,473,1997,Unfurnished,Public,Moderate,399000
Akobo,Self Contained,1,1,34,760,2016,Semi-Furnished,Borehole,Poor,502000
Ajibode,2 Bedroom Flat,2,2,96,485,1990,Fully Furnished,Public,Moderate,929000
Ring Road,2 Bedroom Flat,2,2,94,684,2009,Unfurnished,Well,Poor,728000
Agbowo,3 Bedroom Flat,3,3,152,525,1996,Fully Furnished,Well,Moderate,1640000
Ajibode,3 Bedroom Flat,3,3,151,361,1992,Fully Furnished,Borehole,Moderate,1507000
Ajibode,Self Contained,1,1,36,840,1998,Semi-Furnished,Public,Poor,420000
Bodija,2 Bedroom Flat,2,2,86,571,2003,Fully Furnished,Borehole,Stable,1300000
Bodija,2 Bedroom Flat,2,2,77,422,2008,Fully Furnished,Borehole,Moderate,1435000
Oluyole,Room,1,1,20,299,2016,Unfurnished,Public,Moderate,204000
Ring Road,Mini Flat,1,2,63,317,1995,Unfurnished,Borehole,Stable,480000
Ajibode,Self Contained,1,1,25,482,1996,Semi-Furnished,Borehole,Moderate,325000
Oluyole,Room,1,1,21,896,2015,Semi-Furnished,Public,Moderate,298000
Ajibode,Mini Flat,1,2,47,444,2002,Semi-Furnished,Public,Poor,536000
Mokola,Mini Flat,1,2,64,810,2022,Unfurnished,Well,Poor,400000
Mokola,Mini Flat,1,2,54,526,2022,Unfurnished,Borehole,Moderate,428000
Bodija,Room,1,1,18,337,1998,Unfurnished,Public,Poor,303000
Oluyole,3 Bedroom Flat,3,3,155,464,2004,Unfurnished,Borehole,Moderate,1132000
Agbowo,Self Contained,1,1,29,319,1994,Unfurnished,Well,Poor,326000
Bodija,2 Bedroom Flat,2,2,94,395,2018,Unfurnished,Public,Poor,980000
Mokola,Room,1,1,21,390,1996,Unfurnished,Well,Moderate,178000
Bodija,Mini Flat,1,2,47,207,2020,Unfurnished,Borehole,Moderate,682000
Agbowo,Room,1,1,21,822,2023,Unfurnished,Well,Moderate,234000
Bodija,Self Contained,1,1,35,587,2000,Unfurnished,Borehole,Poor,474000
Mokola,Mini Flat,1,2,55,426,2008,Semi-Furnished,Well,Poor,525000
Agbowo,Self Contained,1,1,33,589,1994,Fully Furnished,Borehole,Moderate,453000
Ajibode,Mini Flat,1,2,56,399,2012,Fully Furnished,Borehole,Poor,827000
Oluyole,Self Contained,1,1,28,200,1991,Unfurnished,Well,Stable,380000
Mokola,Room,1,1,21,1082,1993,Semi-Furnished,Borehole,Poor,234000
Ajibode,Room,1,1,29,584,2006,Unfurnished,Borehole,Moderate,210000
Agbowo,Room,1,1,24,443,2020,Unfurnished,Well,Moderate,209000
Ajibode,Self Contained,1,1,34,201,2019,Fully Furnished,Borehole,Poor,439000
Agbowo,3 Bedroom Flat,3,3,124,281,1991,Unfurnished,Borehole,Poor,1016000
Bodija,Self Contained,1,1,25,847,2013,Fully Furnished,Well,Poor,653000
Challenge,2 Bedroom Flat,2,2,93,820,1999,Unfurnished,Borehole,Poor,666000
Akobo,Mini Flat,1,2,55,685,2017,Semi-Furnished,Borehole,Poor,629000
Akobo,Mini Flat,1,2,56,349,2021,Semi-Furnished,Well,Stable,755000
Agbowo,Mini Flat,1,2,45,821,2022,Unfurnished,Borehole,Moderate,447000
Mokola,Room,1,1,18,630,2007,Fully Furnished,Well,Moderate,232000
Bodija,2 Bedroom Flat,2,2,95,667,2013,Unfurnished,Borehole,Poor,1058000
Ologuneru,Self Contained,1,1,32,630,2019,Unfurnished,Borehole,Stable,246000
Akobo,3 Bedroom Flat,3,3,148,278,1994,Unfurnished,Borehole,Stable,1517000
Ajibode,Room,1,1,23,334,2012,Semi-Furnished,Well,Moderate,267000
Oluyole,Room,1,1,22,458,2019,Semi-Furnished,Borehole,Moderate,224000
Agbowo,Room,1,1,20,665,1993,Fully Furnished,Borehole,Poor,265000
Oluyole,Mini Flat,1,2,54,301,2013,Unfurnished,Borehole,Stable,666000
Ajibode,Room,1,1,19,518,1992,Unfurnished,Borehole,Moderate,201000
Ajibode,Self Contained,1,1,28,518,2004,Semi-Furnished,Borehole,Stable,409000
Mokola,Self Contained,1,1,33,692,1990,Fully Furnished,Public,Stable,446000
Agbowo,Self Contained,1,1,35,671,1999,Unfurnished,Borehole,Stable,354000
Mokola,Room,1,1,18,368,2015,Unfurnished,Borehole,Moderate,175000
Agbowo,2 Bedroom Flat,2,2,88,810,2001,Unfurnished,Borehole,Moderate,788000
Akobo,Self Contained,1,1,34,340,1990,Unfurnished,Borehole,Poor,400000
Oluyole,Room,1,1,25,746,1991,Unfurnished,Well,Poor,219000
Bodija,Self Contained,1,1,35,450,2000,Unfurnished,Borehole,Moderate,411000
Agbowo,Room,1,1,21,579,2001,Unfurnished,Public,Moderate,205000
Ajibode,Mini Flat,1,2,45,590,2017,Unfurnished,Borehole,Moderate,480000
Ajibode,Room,1,1,19,585,2022,Fully Furnished,Borehole,Stable,233000
Agbowo,2 Bedroom Flat,2,2,85,671,1992,Semi-Furnished,Borehole,Poor,792000
Akobo,Room,1,1,20,620,2008,Unfurnished,Public,Moderate,298000
Apata,Room,1,1,20,691,2007,Unfurnished,Borehole,Poor,211000
Ring Road,Room,1,1,25,633,2017,Unfurnished,Borehole,Moderate,175000
Challenge,Self Contained,1,1,28,322,2020,Semi-Furnished,Borehole,Poor,288000
Challenge,Self Contained,1,1,30,598,1996,Semi-Furnished,Borehole,Stable,294000
Oluyole,Self Contained,1,1,28,448,1994,Unfurnished,Public,Moderate,403000
Agbowo,Self Contained,1,1,36,350,2008,Semi-Furnished,Borehole,Moderate,356000
Ring Road,Mini Flat,1,2,56,497,2002,Unfurnished,Borehole,Stable,508000
Oluyole,Room,1,1,26,582,2017,Semi-Furnished,Well,Stable,277000
Akobo,Self Contained,1,1,26,594,1991,Unfurnished,Borehole,Moderate,429000
Ajibode,Room,1,1,27,740,1995,Fully Furnished,Borehole,Poor,240000
Bodija,Room,1,1,25,785,2004,Unfurnished,Well,Stable,317000
Bodija,Mini Flat,1,2,52,610,2017,Unfurnished,Well,Stable,638000
Mokola,3 Bedroom Flat,3,3,156,643,2014,Unfurnished,Borehole,Poor,964000
Bodija,2 Bedroom Flat,2,2,73,567,2021,Unfurnished,Borehole,Moderate,925000
Agbowo,3 Bedroom Flat,3,3,121,688,2019,Unfurnished,Borehole,Stable,929000
Ologuneru,Room,1,1,26,637,2013,Unfurnished,Borehole,Moderate,157000
Ajibode,Mini Flat,1,2,64,540,2007,Unfurnished,Borehole,Moderate,607000
Agbowo,Room,1,1,20,937,1990,Unfurnished,Well,Stable,238000
Ajibode,2 Bedroom Flat,2,2,92,451,1992,Semi-Furnished,Borehole,Poor,723000
Oluyole,2 Bedroom Flat,2,2,84,811,1996,Unfurnished,Well,Moderate,842000
Ring Road,Self Contained,1,1,26,306,2022,Semi-Furnished,Borehole,Moderate,369000
Agbowo,Duplex,4,4,255,696,2010,Unfurnished,Well,Moderate,2097000
Mokola,Self Contained,1,1,36,808,2003,Semi-Furnished,Borehole,Stable,333000
Agbowo,Self Contained,1,1,26,206,1992,Fully Furnished,Well,Stable,496000
Ring Road,Self Contained,1,1,31,575,2014,Semi-Furnished,Well,Poor,367000
Challenge,2 Bedroom Flat,2,2,83,678,2022,Semi-Furnished,Borehole,Stable,839000
Challenge,Self Contained,1,1,29,595,2002,Unfurnished,Well,Moderate,239000
Ajibode,Self Contained,1,1,37,618,2022,Unfurnished,Borehole,Moderate,277000
Ologuneru,Self Contained,1,1,32,574,2018,Unfurnished,Borehole,Poor,221000
Oluyole,Mini Flat,1,2,59,353,2008,Semi-Furnished,Borehole,Moderate,711000
Agbowo,Room,1,1,24,976,2015,Unfurnished,Well,Poor,231000
Mokola,Mini Flat,1,2,51,459,1998,Semi-Furnished,Well,Poor,522000
Agbowo,Room,1,1,24,628,2019,Semi-Furnished,Well,Moderate,191000
Ring Road,Room,1,1,22,433,2011,Unfurnished,Public,Stable,225000
Ajibode,Room,1,1,27,200,1993,Semi-Furnished,Borehole,Stable,247000
Oluyole,Self Contained,1,1,36,383,1996,Unfurnished,Borehole,Moderate,374000
Bodija,3 Bedroom Flat,3,3,121,289,2007,Semi-Furnished,Borehole,Poor,1799000
Ajibode,Room,1,1,19,746,1995,Fully Furnished,Borehole,Moderate,284000
Agbowo,Room,1,1,24,440,2018,Unfurnished,Borehole,Stable,172000
Ajibode,Self Contained,1,1,25,457,1994,Unfurnished,Public,Poor,269000
Bodija,Room,1,1,25,358,1995,Fully Furnished,Public,Poor,349000
Agbowo,Self Contained,1,1,38,566,2023,Semi-Furnished,Well,Poor,370000
Akobo,Self Contained,1,1,38,421,2023,Semi-Furnished,Public,Stable,596000
Agbowo,Room,1,1,22,728,1990,Semi-Furnished,Public,Moderate,268000
Agbowo,2 Bedroom Flat,2,2,93,604,2007,Semi-Furnished,Public,Stable,874000
Challenge,Self Contained,1,1,29,447,2016,Fully Furnished,Well,Stable,261000
Ajibode,Self Contained,1,1,36,703,1999,Fully Furnished,Borehole,Moderate,378000
Ring Road,Room,1,1,23,551,1991,Semi-Furnished,Public,Moderate,274000
Mokola,3 Bedroom Flat,3,3,156,553,2008,Fully Furnished,Borehole,Stable,1285000
Oluyole,Room,1,1,27,286,2016,Unfurnished,Well,Poor,228000
Akobo,Self Contained,1,1,31,537,2011,Unfurnished,Well,Stable,418000
Ring Road,Room,1,1,22,607,1999,Unfurnished,Public,Stable,184000
Ajibode,Room,1,1,22,790,2016,Unfurnished,Well,Poor,219000
Ajibode,Room,1,1,21,414,2001,Unfurnished,Borehole,Stable,180000
Agbowo,Self Contained,1,1,33,960,2004,Semi-Furnished,Public,Moderate,393000
Challenge,Room,1,1,26,650,1990,Unfurnished,Borehole,Poor,187000
Ajibode,Self Contained,1,1,28,276,2013,Fully Furnished,Borehole,Poor,462000
Akobo,Self Contained,1,1,39,397,1995,Unfurnished,Borehole,Stable,430000
Ologuneru,Room,1,1,25,805,2018,Unfurnished,Borehole,Poor,162000
Mokola,Mini Flat,1,2,58,773,1995,Unfurnished,Borehole,Stable,416000
Bodija,Room,1,1,28,553,2004,Unfurnished,Borehole,Poor,278000
Ajibode,Self Contained,1,1,27,576,1997,Semi-Furnished,Borehole,Stable,383000
Mokola,2 Bedroom Flat,2,2,97,340,2018,Unfurnished,Well,Stable,813000
Akobo,Mini Flat,1,2,45,787,1991,Fully Furnished,Public,Poor,835000
Ajibode,Room,1,1,22,372,2000,Unfurnished,Borehole,Moderate,219000
Ajibode,Room,1,1,29,702,1998,Unfurnished,Well,Poor,217000
Ring Road,Room,1,1,23,793,2005,Unfurnished,Well,Moderate,184000
Oluyole,Room,1,1,25,558,2013,Semi-Furnished,Borehole,Moderate,248000
Mokola,Self Contained,1,1,32,724,2023,Unfurnished,Borehole,Poor,314000
Ring Road,3 Bedroom Flat,3,3,129,882,2013,Semi-Furnished,Borehole,Moderate,1011000
Akobo,Self Contained,1,1,34,598,2014,Unfurnished,Well,Moderate,353000
Bodija,2 Bedroom Flat,2,2,77,518,2022,Unfurnished,Borehole,Moderate,1112000
Agbowo,Room,1,1,22,537,2006,Unfurnished,Borehole,Poor,167000
Agbowo,3 Bedroom Flat,3,3,116,416,1996,Fully Furnished,Borehole,Poor,1429000
Agbowo,Self Contained,1,1,29,412,2016,Unfurnished,Borehole,Moderate,318000
Challenge,Room,1,1,29,629,2008,Semi-Furnished,Well,Moderate,131000
Akobo,Room,1,1,21,520,2004,Unfurnished,Public,Moderate,238000
Ring Road,Room,1,1,18,608,1995,Fully Furnished,Well,Poor,254000
Bodija,Room,1,1,22,281,1994,Semi-Furnished,Public,Moderate,350000
Akobo,3 Bedroom Flat,3,3,153,533,1994,Unfurnished,Well,Moderate,1363000
Akobo,Mini Flat,1,2,46,735,1991,Fully Furnished,Public,Stable,1024000
Akobo,Room,1,1,18,348,2007,Unfurnished,Public,Moderate,282000
Oluyole,Mini Flat,1,2,45,552,2021,Unfurnished,Borehole,Poor,596000
Agbowo,Self Contained,1,1,26,216,2018,Semi-Furnished,Well,Moderate,353000
Bodija,Room,1,1,25,315,2009,Semi-Furnished,Well,Moderate,324000
Ajibode,Duplex,4,4,247,695,2008,Unfurnished,Well,Poor,1748000
Agbowo,Room,1,1,29,494,2005,Semi-Furnished,Borehole,Poor,254000
Bodija,Self Contained,1,1,35,877,2000,Fully Furnished,Well,Poor,569000
Akobo,Self Contained,1,1,25,627,2017,Semi-Furnished,Borehole,Stable,454000
Apata,Self Contained,1,1,37,645,2011,Semi-Furnished,Well,Moderate,225000
Akobo,Duplex,4,4,194,356,2016,Unfurnished,Borehole,Poor,3227000
Challenge,Mini Flat,1,2,59,480,2006,Unfurnished,Well,Stable,489000
Bodija,Room,1,1,29,418,1997,Unfurnished,Well,Poor,233000
Akobo,Mini Flat,1,2,45,358,1997,Semi-Furnished,Borehole,Moderate,720000
Ajibode,Self Contained,1,1,27,669,2012,Unfurnished,Borehole,Moderate,315000
Agbowo,Room,1,1,26,705,2021,Unfurnished,Borehole,Stable,200000
Agbowo,Self Contained,1,1,34,621,2004,Unfurnished,Borehole,Poor,311000
Bodija,Room,1,1,27,400,2016,Fully Furnished,Borehole,Poor,346000
Ajibode,2 Bedroom Flat,2,2,72,609,1993,Unfurnished,Public,Stable,753000
Ajibode,Room,1,1,28,205,2021,Unfurnished,Borehole,Moderate,228000
Agbowo,Room,1,1,26,788,1999,Unfurnished,Borehole,Stable,207000
Ologuneru,2 Bedroom Flat,2,2,96,316,2017,Unfurnished,Borehole,Moderate,699000
Agbowo,Room,1,1,27,348,2021,Unfurnished,Borehole,Poor,254000
Bodija,Mini Flat,1,2,49,570,2021,Semi-Furnished,Borehole,Stable,769000
Ajibode,2 Bedroom Flat,2,2,74,586,2004,Unfurnished,Well,Poor,681000
Akobo,Mini Flat,1,2,57,536,1995,Unfurnished,Borehole,Poor,658000
Agbowo,3 Bedroom Flat,3,3,144,350,1998,Fully Furnished,Borehole,Poor,1629000
Ajibode,Room,1,1,20,754,2019,Unfurnished,Well,Stable,214000
Bodija,Self Contained,1,1,26,246,2005,Unfurnished,Public,Stable,401000
Ajibode,Mini Flat,1,2,57,283,2014,Unfurnished,Borehole,Poor,560000
Ajibode,Room,1,1,29,530,1999,Fully Furnished,Borehole,Moderate,306000
Ajibode,Duplex,4,4,181,322,2019,Unfurnished,Borehole,Moderate,2357000
Ajibode,Mini Flat,1,2,64,770,1998,Semi-Furnished,Borehole,Stable,585000
Ajibode,Mini Flat,1,2,61,337,1996,Semi-Furnished,Well,Moderate,537000
Agbowo,Self Contained,1,1,32,830,2001,Semi-Furnished,Well,Poor,319000
Challenge,Self Contained,1,1,34,736,2006,Unfurnished,Borehole,Moderate,263000
Akobo,Room,1,1,27,772,2014,Unfurnished,Well,Moderate,221000
Bodija,Room,1,1,29,889,1996,Unfurnished,Well,Moderate,272000
Agbowo,Room,1,1,29,564,2008,Unfurnished,Borehole,Poor,230000
Apata,Room,1,1,24,367,2006,Semi-Furnished,Public,Moderate,194000
Agbowo,Mini Flat,1,2,58,531,2021,Fully Furnished,Borehole,Poor,700000
Ajibode,Room,1,1,25,448,2012,Semi-Furnished,Borehole,Poor,225000
Akobo,3 Bedroom Flat,3,3,147,422,2021,Semi-Furnished,Borehole,Stable,1615000
Ajibode,Room,1,1,26,577,2015,Semi-Furnished,Well,Moderate,242000
Agbowo,Self Contained,1,1,28,493,1997,Semi-Furnished,Well,Poor,417000
Bodija,2 Bedroom Flat,2,2,94,414,2011,Unfurnished,Borehole,Moderate,1045000
Ring Road,Mini Flat,1,2,64,505,1997,Semi-Furnished,Well,Poor,550000
Bodija,Self Contained,1,1,28,648,1994,Unfurnished,Borehole,Moderate,428000
Oluyole,Mini Flat,1,2,64,722,2001,Semi-Furnished,Public,Poor,806000
Ologuneru,Self Contained,1,1,38,261,2016,Fully Furnished,Public,Stable,370000
Ajibode,Room,1,1,22,495,2009,Unfurnished,Public,Moderate,198000
Agbowo,3 Bedroom Flat,3,3,158,524,2000,Unfurnished,Borehole,Poor,952000
Agbowo,2 Bedroom Flat,2,2,95,337,1991,Semi-Furnished,Borehole,Poor,961000
Agbowo,Mini Flat,1,2,62,528,1999,Unfurnished,Borehole,Moderate,468000
Agbowo,Room,1,1,23,576,1996,Unfurnished,Borehole,Stable,213000
Ring Road,Self Contained,1,1,26,643,2001,Semi-Furnished,Borehole,Stable,317000
Oluyole,Room,1,1,21,563,2005,Unfurnished,Borehole,Moderate,287000
Akobo,Room,1,1,21,391,2020,Fully Furnished,Well,Moderate,282000
Agbowo,3 Bedroom Flat,3,3,127,912,2016,Unfurnished,Well,Moderate,1077000
Mokola,Self Contained,1,1,39,699,2021,Semi-Furnished,Public,Stable,320000
Apata,Room,1,1,22,649,2016,Semi-Furnished,Borehole,Poor,197000
Mokola,2 Bedroom Flat,2,2,72,730,2014,Semi-Furnished,Borehole,Moderate,879000
Ajibode,Self Contained,1,1,35,594,1994,Unfurnished,Well,Stable,281000
Akobo,Mini Flat,1,2,58,781,1993,Unfurnished,Borehole,Poor,599000
Ajibode,Room,1,1,21,560,2004,Unfurnished,Public,Moderate,207000
Agbowo,Self Contained,1,1,25,550,2002,Unfurnished,Well,Poor,273000
Ajibode,Self Contained,1,1,35,664,2022,Unfurnished,Borehole,Stable,284000
Akobo,Room,1,1,26,833,1994,Unfurnished,Well,Moderate,282000
Oluyole,Room,1,1,19,822,1995,Unfurnished,Well,Moderate,230000
Ajibode,2 Bedroom Flat,2,2,91,656,2014,Fully Furnished,Well,Stable,962000
Agbowo,Mini Flat,1,2,60,642,2014,Semi-Furnished,Borehole,Moderate,470000
Bodija,Self Contained,1,1,30,675,1999,Semi-Furnished,Well,Stable,446000
Agbowo,Room,1,1,26,727,2001,Unfurnished,Borehole,Moderate,177000
Ajibode,Mini Flat,1,2,46,783,1992,Semi-Furnished,Public,Moderate,542000
Agbowo,Self Contained,1,1,27,507,2018,Fully Furnished,Borehole,Moderate,426000
Challenge,Room,1,1,20,787,2018,Semi-Furnished,Public,Poor,189000
Ajibode,Mini Flat,1,2,60,611,2013,Unfurnished,Borehole,Poor,523000
Ajibode,Mini Flat,1,2,50,667,2013,Unfurnished,Borehole,Moderate,562000
Agbowo,3 Bedroom Flat,3,3,154,798,2014,Semi-Furnished,Borehole,Poor,1245000
Apata,2 Bedroom Flat,2,2,90,684,1994,Unfurnished,Well,Stable,713000
Oluyole,Room,1,1,28,714,2000,Unfurnished,Borehole,Moderate,232000
Oluyole,Room,1,1,19,479,2011,Fully Furnished,Well,Poor,297000
Agbowo,Room,1,1,24,819,2004,Unfurnished,Well,Stable,198000
Akobo,Room,1,1,22,675,1998,Unfurnished,Well,Poor,285000
Ajibode,Self Contained,1,1,38,572,1995,Semi-Furnished,Well,Stable,363000
Akobo,Room,1,1,18,748,2015,Semi-Furnished,Borehole,Moderate,308000
Ring Road,Room,1,1,18,1015,1995,Semi-Furnished,Borehole,Moderate,182000
Akobo,Mini Flat,1,2,59,339,2021,Unfurnished,Borehole,Poor,554000
Ring Road,3 Bedroom Flat,3,3,113,405,2009,Unfurnished,Well,Moderate,1000000
Oluyole,2 Bedroom Flat,2,2,85,1033,1992,Unfurnished,Borehole,Stable,892000
Ajibode,Room,1,1,26,626,2007,Semi-Furnished,Borehole,Moderate,255000
Ring Road,Room,1,1,25,584,1999,Fully Furnished,Well,Poor,265000
Ajibode,Room,1,1,25,529,2019,Unfurnished,Borehole,Moderate,236000
Bodija,Self Contained,1,1,34,767,2015,Semi-Furnished,Well,Moderate,513000
Ajibode,3 Bedroom Flat,3,3,146,1020,2019,Unfurnished,Borehole,Poor,834000
Ajibode,Room,1,1,28,430,2020,Semi-Furnished,Borehole,Stable,222000
Agbowo,Mini Flat,1,2,63,532,1993,Semi-Furnished,Borehole,Poor,683000
Agbowo,Self Contained,1,1,35,486,2013,Unfurnished,Borehole,Poor,302000
Bodija,Self Contained,1,1,26,681,1990,Semi-Furnished,Borehole,Stable,496000
Akobo,2 Bedroom Flat,2,2,82,770,2015,Semi-Furnished,Borehole,Poor,1047000
Ajibode,Room,1,1,25,841,2018,Semi-Furnished,Borehole,Moderate,247000
Ajibode,Self Contained,1,1,33,688,1998,Fully Furnished,Borehole,Moderate,434000
Bodija,Mini Flat,1,2,58,1003,2021,Unfurnished,Borehole,Stable,730000
Agbowo,Room,1,1,20,446,2007,Semi-Furnished,Public,Moderate,230000
Oluyole,Room,1,1,24,399,2013,Unfurnished,Public,Moderate,228000
Akobo,Self Contained,1,1,38,814,2007,Unfurnished,Borehole,Poor,432000
Mokola,Self Contained,1,1,28,572,1997,Unfurnished,Well,Moderate,250000
Oluyole,Room,1,1,25,302,2000,Semi-Furnished,Well,Stable,283000
Agbowo,Room,1,1,23,493,2013,Semi-Furnished,Well,Moderate,248000
Oluyole,2 Bedroom Flat,2,2,93,596,2002,Unfurnished,Borehole,Moderate,791000
Agbowo,Self Contained,1,1,29,433,2020,Unfurnished,Well,Moderate,370000
Agbowo,Room,1,1,26,367,2019,Semi-Furnished,Well,Moderate,232000
Challenge,2 Bedroom Flat,2,2,94,512,2018,Unfurnished,Borehole,Moderate,814000
Bodija,2 Bedroom Flat,2,2,79,358,1995,Semi-Furnished,Well,Moderate,1097000
Challenge,Mini Flat,1,2,60,664,1992,Semi-Furnished,Borehole,Moderate,501000
Mokola,3 Bedroom Flat,3,3,138,200,2017,Semi-Furnished,Well,Stable,857000
Mokola,Room,1,1,28,566,1999,Semi-Furnished,Borehole,Stable,223000
Ring Road,Self Contained,1,1,31,643,2023,Unfurnished,Borehole,Moderate,297000
Agbowo,2 Bedroom Flat,2,2,96,533,1990,Unfurnished,Borehole,Moderate,748000
Agbowo,3 Bedroom Flat,3,3,142,746,2001,Unfurnished,Borehole,Stable,866000
Akobo,Room,1,1,18,303,2021,Semi-Furnished,Public,Moderate,324000
Agbowo,Mini Flat,1,2,47,423,2000,Unfurnished,Well,Stable,533000
Akobo,Room,1,1,28,490,1990,Fully Furnished,Borehole,Moderate,343000
Oluyole,Self Contained,1,1,33,678,1995,Unfurnished,Public,Poor,399000
Oluyole,Mini Flat,1,2,50,589,2016,Unfurnished,Borehole,Moderate,627000
Agbowo,Mini Flat,1,2,50,935,2004,Semi-Furnished,Borehole,Stable,592000
Ajibode,Room,1,1,29,404,1999,Semi-Furnished,Borehole,Moderate,261000
Agbowo,Room,1,1,28,298,2013,Unfurnished,Well,Stable,226000
Ajibode,3 Bedroom Flat,3,3,129,872,1997,Fully Furnished,Borehole,Poor,1072000
Ring Road,Self Contained,1,1,35,292,2006,Unfurnished,Borehole,Moderate,274000
Agbowo,Self Contained,1,1,31,672,2013,Semi-Furnished,Borehole,Moderate,390000
Ajibode,Room,1,1,23,373,2002,Semi-Furnished,Well,Moderate,234000
Ajibode,Self Contained,1,1,34,200,1998,Semi-Furnished,Well,Poor,353000
Akobo,Room,1,1,25,482,1995,Fully Furnished,Borehole,Poor,319000
Akobo,Room,1,1,24,711,2018,Semi-Furnished,Well,Stable,330000
Agbowo,Room,1,1,19,330,2012,Unfurnished,Borehole,Poor,173000
Ajibode,Self Contained,1,1,31,653,2011,Unfurnished,Well,Poor,313000
Agbowo,Self Contained,1,1,27,687,2010,Fully Furnished,Well,Moderate,443000
Agbowo,Self Contained,1,1,39,321,2006,Semi-Furnished,Borehole,Moderate,436000
Oluyole,Self Contained,1,1,37,509,2023,Semi-Furnished,Borehole,Poor,393000
Akobo,Self Contained,1,1,31,833,2015,Semi-Furnished,Borehole,Poor,514000
Agbowo,2 Bedroom Flat,2,2,75,667,2014,Semi-Furnished,Well,Poor,908000
Ajibode,2 Bedroom Flat,2,2,79,502,1992,Unfurnished,Borehole,Moderate,677000
Ologuneru,2 Bedroom Flat,2,2,75,624,1992,Semi-Furnished,Well,Stable,696000
Bodija,Room,1,1,29,426,2003,Unfurnished,Borehole,Moderate,253000
Oluyole,Mini Flat,1,2,54,750,1999,Unfurnished,Well,Moderate,636000
Ajibode,Mini Flat,1,2,53,750,1991,Unfurnished,Public,Poor,473000
Bodija,Self Contained,1,1,39,571,1996,Unfurnished,Borehole,Moderate,446000
Ajibode,Self Contained,1,1,38,591,2003,Semi-Furnished,Borehole,Poor,345000
Bodija,2 Bedroom Flat,2,2,86,370,2006,Fully Furnished,Public,Moderate,1422000
Ologuneru,Mini Flat,1,2,55,306,1999,Unfurnished,Borehole,Stable,482000
Agbowo,Mini Flat,1,2,53,482,2016,Semi-Furnished,Borehole,Moderate,675000
Ajibode,Room,1,1,27,534,1992,Semi-Furnished,Well,Stable,226000
Ajibode,Room,1,1,23,741,2014,Semi-Furnished,Borehole,Poor,219000
Agbowo,Mini Flat,1,2,63,716,1996,Semi-Furnished,Borehole,Moderate,629000
Ajibode,Self Contained,1,1,36,583,2002,Fully Furnished,Well,Moderate,406000
Ajibode,Room,1,1,26,764,2014,Unfurnished,Well,Poor,196000
Challenge,Room,1,1,26,380,2018,Fully Furnished,Borehole,Stable,179000
Bodija,Room,1,1,29,743,2008,Semi-Furnished,Well,Moderate,381000
Agbowo,Mini Flat,1,2,47,407,2011,Unfurnished,Well,Poor,404000
Ring Road,Self Contained,1,1,33,773,1991,Semi-Furnished,Borehole,Moderate,378000
Ajibode,Mini Flat,1,2,48,547,2011,Unfurnished,Borehole,Moderate,553000
Apata,Room,1,1,26,200,2023,Fully Furnished,Well,Poor,272000
Agbowo,Mini Flat,1,2,56,681,1994,Semi-Furnished,Public,Moderate,524000
Ring Road,Room,1,1,22,695,2016,Semi-Furnished,Borehole,Moderate,197000
Akobo,2 Bedroom Flat,2,2,96,467,2007,Unfurnished,Borehole,Stable,1028000
Mokola,Room,1,1,24,483,1992,Unfurnished,Public,Moderate,141000
Ologuneru,Room,1,1,28,521,2010,Unfurnished,Borehole,Poor,161000
Agbowo,2 Bedroom Flat,2,2,72,203,2013,Unfurnished,Borehole,Moderate,797000
Ologuneru,Self Contained,1,1,26,200,2015,Unfurnished,Borehole,Stable,307000
Agbowo,Self Contained,1,1,37,784,2009,Unfurnished,Borehole,Moderate,351000
Agbowo,Room,1,1,29,401,2002,Fully Furnished,Public,Stable,232000
Agbowo,Room,1,1,25,883,1995,Semi-Furnished,Public,Poor,171000
Bodija,Self Contained,1,1,25,796,2015,Unfurnished,Well,Stable,428000
Ajibode,Room,1,1,24,832,2019,Unfurnished,Well,Moderate,210000
Bodija,Self Contained,1,1,33,432,2003,Semi-Furnished,Borehole,Poor,515000
Bodija,Room,1,1,19,260,2019,Unfurnished,Borehole,Stable,301000
Challenge,Self Contained,1,1,34,354,2004,Semi-Furnished,Well,Moderate,362000
Mokola,Room,1,1,26,469,2008,Fully Furnished,Well,Moderate,232000
Bodija,Self Contained,1,1,33,200,2000,Semi-Furnished,Well,Moderate,541000
Agbowo,Mini Flat,1,2,61,464,2009,Unfurnished,Borehole,Moderate,439000
Agbowo,2 Bedroom Flat,2,2,77,513,2014,Unfurnished,Borehole,Moderate,718000
Ajibode,Mini Flat,1,2,53,317,2019,Unfurnished,Public,Poor,438000
Ajibode,Room,1,1,20,362,2012,Unfurnished,Borehole,Moderate,192000
Agbowo,Self Contained,1,1,30,510,2006,Unfurnished,Borehole,Stable,378000
Agbowo,Mini Flat,1,2,60,614,1990,Unfurnished,Borehole,Moderate,393000
Ologuneru,Mini Flat,1,2,46,389,2003,Unfurnished,Public,Poor,425000
Bodija,Room,1,1,27,602,2007,Unfurnished,Borehole,Stable,266000
Agbowo,Room,1,1,18,574,2005,Unfurnished,Borehole,Poor,184000
Akobo,Self Contained,1,1,30,558,1999,Unfurnished,Borehole,Stable,388000
Ajibode,Self Contained,1,1,25,432,1998,Semi-Furnished,Borehole,Moderate,325000
Bodija,Room,1,1,25,309,2003,Semi-Furnished,Well,Moderate,339000
Akobo,Room,1,1,23,855,1991,Semi-Furnished,Well,Stable,326000
Bodija,Self Contained,1,1,36,663,2010,Fully Furnished,Borehole,Poor,679000
Agbowo,2 Bedroom Flat,2,2,82,731,1991,Unfurnished,Public,Stable,817000
Ologuneru,Room,1,1,26,534,1995,Fully Furnished,Public,Stable,225000
Ring Road,2 Bedroom Flat,2,2,97,520,2000,Unfurnished,Borehole,Stable,666000
Akobo,2 Bedroom Flat,2,2,94,638,1992,Fully Furnished,Borehole,Poor,1282000
Akobo,Room,1,1,19,219,2000,Unfurnished,Borehole,Stable,290000
Akobo,2 Bedroom Flat,2,2,79,349,1993,Unfurnished,Borehole,Stable,1015000
Ajibode,Room,1,1,23,406,2004,Semi-Furnished,Borehole,Stable,212000
Agbowo,Self Contained,1,1,38,468,2015,Unfurnished,Borehole,Stable,342000
Ajibode,Room,1,1,18,391,2004,Unfurnished,Borehole,Stable,195000
Bodija,Self Contained,1,1,34,609,2011,Unfurnished,Borehole,Moderate,519000
Bodija,Room,1,1,23,564,1999,Semi-Furnished,Borehole,Poor,380000
Agbowo,Mini Flat,1,2,57,800,2009,Unfurnished,Public,Moderate,447000
Ologuneru,2 Bedroom Flat,2,2,93,995,2021,Unfurnished,Well,Stable,630000
Ring Road,Self Contained,1,1,37,322,1998,Semi-Furnished,Public,Moderate,272000
Oluyole,Self Contained,1,1,31,576,2020,Semi-Furnished,Well,Stable,420000
Bodija,3 Bedroom Flat,3,3,111,576,2020,Unfurnished,Well,Poor,1380000
Mokola,Room,1,1,21,547,2017,Unfurnished,Well,Poor,190000
Ajibode,Self Contained,1,1,27,354,2000,Unfurnished,Well,Moderate,216000
Challenge,Self Contained,1,1,25,384,1993,Unfurnished,Well,Moderate,292000
Ajibode,Mini Flat,1,2,53,593,2003,Unfurnished,Borehole,Moderate,413000
Challenge,Room,1,1,23,379,2018,Semi-Furnished,Borehole,Stable,173000
Agbowo,Room,1,1,22,578,2017,Unfurnished,Well,Poor,222000
Ring Road,Room,1,1,18,505,2014,Unfurnished,Borehole,Stable,165000
Apata,Mini Flat,1,2,53,575,2012,Fully Furnished,Borehole,Poor,500000
Ajibode,Mini Flat,1,2,47,378,2022,Unfurnished,Well,Moderate,517000
Bodija,2 Bedroom Flat,2,2,77,578,2019,Fully Furnished,Borehole,Stable,1271000
Ologuneru,Self Contained,1,1,30,391,1998,Fully Furnished,Well,Moderate,315000
Bodija,Room,1,1,26,578,2014,Unfurnished,Borehole,Poor,306000
Mokola,2 Bedroom Flat,2,2,90,791,2007,Unfurnished,Public,Stable,719000
Akobo,Room,1,1,22,596,1996,Unfurnished,Borehole,Poor,216000
Agbowo,Room,1,1,27,607,2013,Unfurnished,Borehole,Poor,206000
Agbowo,Room,1,1,28,697,2010,Unfurnished,Borehole,Stable,210000
Ajibode,Self Contained,1,1,39,297,2000,Unfurnished,Borehole,Moderate,334000
Challenge,Mini Flat,1,2,53,859,1991,Unfurnished,Borehole,Moderate,478000
Agbowo,3 Bedroom Flat,3,3,123,359,2004,Semi-Furnished,Well,Stable,1285000
Bodija,Self Contained,1,1,30,708,2004,Semi-Furnished,Borehole,Poor,639000
Bodija,Room,1,1,21,684,1994,Fully Furnished,Borehole,Poor,431000
Akobo,2 Bedroom Flat,2,2,74,387,2005,Unfurnished,Well,Moderate,1096000
Mokola,Room,1,1,18,731,2010,Unfurnished,Borehole,Poor,157000
Ologuneru,Room,1,1,29,639,1998,Unfurnished,Borehole,Stable,184000
Agbowo,Room,1,1,22,890,1996,Unfurnished,Public,Moderate,168000
Mokola,2 Bedroom Flat,2,2,89,584,2016,Unfurnished,Borehole,Stable,548000
Challenge,Self Contained,1,1,34,530,2006,Unfurnished,Borehole,Moderate,237000
Akobo,2 Bedroom Flat,2,2,92,457,1991,Unfurnished,Borehole,Stable,1039000
Apata,Self Contained,1,1,33,236,2015,Unfurnished,Well,Moderate,259000
Ajibode,Self Contained,1,1,38,492,1997,Semi-Furnished,Borehole,Poor,396000
Ajibode,2 Bedroom Flat,2,2,81,500,2005,Unfurnished,Public,Moderate,720000
Mokola,Room,1,1,25,597,2009,Semi-Furnished,Public,Moderate,221000
Agbowo,Room,1,1,24,293,2021,Semi-Furnished,Public,Moderate,264000
Mokola,2 Bedroom Flat,2,2,74,506,2021,Unfurnished,Public,Stable,668000
Ring Road,Mini Flat,1,2,64,653,2004,Unfurnished,Borehole,Moderate,492000
Ajibode,Self Contained,1,1,27,671,2021,Semi-Furnished,Borehole,Poor,301000
Ring Road,Mini Flat,1,2,52,215,2019,Semi-Furnished,Borehole,Moderate,512000
Bodija,Mini Flat,1,2,57,677,2008,Unfurnished,Borehole,Moderate,836000
Bodija,Mini Flat,1,2,45,505,2013,Unfurnished,Borehole,Stable,653000
Akobo,Self Contained,1,1,33,516,1991,Unfurnished,Borehole,Moderate,532000
Apata,Mini Flat,1,2,61,200,2010,Fully Furnished,Public,Moderate,470000
Ajibode,Room,1,1,18,818,2005,Fully Furnished,Borehole,Moderate,271000
Bodija,Self Contained,1,1,29,581,1991,Fully Furnished,Borehole,Poor,682000
Oluyole,2 Bedroom Flat,2,2,84,274,2005,Unfurnished,Well,Moderate,813000
Oluyole,2 Bedroom Flat,2,2,72,617,2018,Unfurnished,Well,Moderate,871000
Oluyole,Room,1,1,28,612,1996,Unfurnished,Borehole,Moderate,270000
Ajibode,Room,1,1,18,770,2004,Unfurnished,Public,Stable,219000
Agbowo,Room,1,1,24,494,2012,Unfurnished,Public,Moderate,217000
Agbowo,Self Contained,1,1,26,552,1994,Semi-Furnished,Borehole,Poor,360000
Challenge,Room,1,1,29,434,1990,Semi-Furnished,Borehole,Stable,208000
Agbowo,Room,1,1,21,657,1994,Unfurnished,Borehole,Moderate,185000
Ajibode,Self Contained,1,1,34,408,2002,Unfurnished,Well,Moderate,323000
Apata,Room,1,1,28,389,2015,Unfurnished,Well,Moderate,125000
Ajibode,Mini Flat,1,2,48,537,2002,Unfurnished,Public,Stable,587000
Ologuneru,Room,1,1,20,329,2021,Unfurnished,Borehole,Poor,141000
Oluyole,3 Bedroom Flat,3,3,125,838,2018,Semi-Furnished,Well,Moderate,1589000
Mokola,Room,1,1,24,896,2007,Unfurnished,Borehole,Stable,192000
Agbowo,2 Bedroom Flat,2,2,72,468,1991,Unfurnished,Borehole,Stable,898000
Ajibode,Mini Flat,1,2,56,300,2016,Unfurnished,Borehole,Stable,528000
Oluyole,2 Bedroom Flat,2,2,83,610,1992,Unfurnished,Well,Moderate,1042000
Mokola,Self Contained,1,1,28,463,2019,Fully Furnished,Borehole,Poor,403000
Challenge,Self Contained,1,1,34,761,1999,Unfurnished,Borehole,Poor,221000
Ajibode,Mini Flat,1,2,60,408,1998,Unfurnished,Public,Stable,515000
Challenge,Room,1,1,25,648,1992,Fully Furnished,Borehole,Stable,252000
Challenge,Self Contained,1,1,36,570,2011,Semi-Furnished,Borehole,Moderate,357000
Akobo,Self Contained,1,1,32,428,2000,Unfurnished,Well,Stable,396000
Challenge,Room,1,1,23,593,1995,Fully Furnished,Borehole,Stable,266000
Mokola,2 Bedroom Flat,2,2,74,708,1994,Unfurnished,Borehole,Stable,609000
Akobo,Self Contained,1,1,31,565,2019,Unfurnished,Well,Moderate,389000
Ajibode,Self Contained,1,1,32,567,2003,Semi-Furnished,Borehole,Stable,392000
Bodija,Mini Flat,1,2,45,392,1991,Unfurnished,Well,Poor,801000
Ajibode,2 Bedroom Flat,2,2,95,755,2022,Semi-Furnished,Borehole,Poor,866000
Agbowo,Room,1,1,22,738,1997,Semi-Furnished,Borehole,Moderate,205000
Agbowo,Room,1,1,19,476,1999,Semi-Furnished,Well,Moderate,298000
Ajibode,Room,1,1,24,527,2010,Unfurnished,Borehole,Poor,179000
Agbowo,3 Bedroom Flat,3,3,138,804,2008,Unfurnished,Borehole,Stable,1264000
Ajibode,Self Contained,1,1,26,345,2007,Semi-Furnished,Borehole,Poor,382000
Challenge,Mini Flat,1,2,52,658,1996,Fully Furnished,Borehole,Moderate,554000
Apata,Room,1,1,21,449,2002,Unfurnished,Public,Poor,208000
Ajibode,3 Bedroom Flat,3,3,146,870,2001,Unfurnished,Well,Stable,977000
Apata,Room,1,1,18,561,2013,Unfurnished,Public,Moderate,142000
Bodija,Mini Flat,1,2,48,776,2007,Semi-Furnished,Borehole,Stable,840000
Agbowo,Room,1,1,21,412,2001,Unfurnished,Borehole,Poor,224000
Ajibode,2 Bedroom Flat,2,2,76,325,1992,Unfurnished,Public,Poor,693000
Bodija,Self Contained,1,1,34,507,2014,Unfurnished,Borehole,Poor,497000
Challenge,Mini Flat,1,2,52,597,2005,Unfurnished,Borehole,Stable,422000
Oluyole,Self Contained,1,1,34,458,2002,Unfurnished,Borehole,Stable,315000
Ajibode,Room,1,1,23,686,2013,Semi-Furnished,Borehole,Poor,260000
Ajibode,Self Contained,1,1,36,512,2001,Unfurnished,Borehole,Stable,335000
Agbowo,Room,1,1,25,200,1991,Fully Furnished,Borehole,Poor,312000
Agbowo,2 Bedroom Flat,2,2,78,649,2015,Semi-Furnished,Borehole,Moderate,942000
Agbowo,Self Contained,1,1,34,391,1999,Fully Furnished,Borehole,Stable,485000
Agbowo,Room,1,1,26,484,2008,Semi-Furnished,Public,Stable,228000
Challenge,Self Contained,1,1,36,829,2011,Semi-Furnished,Borehole,Stable,343000
Apata,Self Contained,1,1,36,869,2013,Fully Furnished,Borehole,Moderate,330000
Agbowo,Room,1,1,26,446,2015,Semi-Furnished,Public,Moderate,202000
Ring Road,Self Contained,1,1,25,654,1994,Unfurnished,Well,Moderate,257000
Agbowo,Mini Flat,1,2,64,450,2005,Unfurnished,Borehole,Moderate,526000
Bodija,Self Contained,1,1,32,498,2023,Semi-Furnished,Public,Stable,528000
Agbowo,Duplex,4,4,222,440,2017,Semi-Furnished,Public,Moderate,1809000
Akobo,Mini Flat,1,2,63,239,2001,Unfurnished,Well,Stable,695000
Ologuneru,2 Bedroom Flat,2,2,98,567,2010,Unfurnished,Well,Moderate,574000
Akobo,Room,1,1,27,601,2021,Unfurnished,Public,Poor,285000
Agbowo,Self Contained,1,1,33,429,2014,Fully Furnished,Borehole,Poor,435000
Akobo,Room,1,1,26,745,2003,Unfurnished,Borehole,Moderate,219000
Ajibode,Room,1,1,21,471,1998,Unfurnished,Borehole,Moderate,168000
Ring Road,Self Contained,1,1,39,435,2019,Semi-Furnished,Well,Moderate,356000
Bodija,Self Contained,1,1,29,644,2018,Unfurnished,Borehole,Poor,444000
Bodija,Self Contained,1,1,29,272,2020,Semi-Furnished,Borehole,Stable,496000
Akobo,Self Contained,1,1,37,713,2003,Semi-Furnished,Well,Stable,535000
Akobo,Self Contained,1,1,28,477,2006,Unfurnished,Borehole,Moderate,472000
Ajibode,Duplex,4,4,215,728,2014,Unfurnished,Borehole,Stable,2230000
Oluyole,Self Contained,1,1,35,781,2016,Unfurnished,Public,Stable,450000
Agbowo,2 Bedroom Flat,2,2,88,665,2007,Unfurnished,Well,Stable,670000
Oluyole,Duplex,4,4,224,403,2018,Unfurnished,Borehole,Stable,2361000
Mokola,Mini Flat,1,2,53,324,2007,Unfurnished,Borehole,Stable,497000
Challenge,3 Bedroom Flat,3,3,118,291,1993,Unfurnished,Borehole,Stable,952000
Bodija,Duplex,4,4,267,748,2009,Unfurnished,Borehole,Stable,2581000
Bodija,2 Bedroom Flat,2,2,93,525,1990,Unfurnished,Borehole,Stable,985000
Ajibode,Mini Flat,1,2,64,442,2013,Semi-Furnished,Public,Moderate,591000
Challenge,Room,1,1,21,526,2013,Semi-Furnished,Borehole,Stable,186000
Agbowo,Room,1,1,25,744,1994,Semi-Furnished,Well,Moderate,279000
Bodija,Room,1,1,23,690,2015,Semi-Furnished,Borehole,Stable,357000
Agbowo,Room,1,1,26,628,2007,Unfurnished,Well,Poor,199000
Ajibode,Self Contained,1,1,27,664,1990,Semi-Furnished,Well,Poor,342000
Akobo,Self Contained,1,1,38,582,1999,Unfurnished,Public,Moderate,467000
Ajibode,Mini Flat,1,2,57,604,2006,Fully Furnished,Borehole,Moderate,762000
Challenge,Room,1,1,20,589,1993,Semi-Furnished,Borehole,Moderate,174000
Agbowo,Mini Flat,1,2,56,549,2016,Semi-Furnished,Public,Moderate,623000
Ajibode,Self Contained,1,1,26,685,2000,Semi-Furnished,Public,Moderate,399000
Bodija,Room,1,1,25,615,1992,Semi-Furnished,Borehole,Moderate,290000
Ajibode,Mini Flat,1,2,52,391,2017,Unfurnished,Borehole,Poor,490000
Agbowo,Room,1,1,21,645,2000,Semi-Furnished,Borehole,Moderate,159000
Oluyole,Self Contained,1,1,35,594,1992,Unfurnished,Borehole,Moderate,426000
Ajibode,Room,1,1,23,660,1992,Unfurnished,Borehole,Moderate,200000
Mokola,Mini Flat,1,2,45,531,2014,Semi-Furnished,Borehole,Poor,464000
Ajibode,Room,1,1,24,696,2001,Semi-Furnished,Public,Stable,234000
Agbowo,Room,1,1,26,538,2001,Unfurnished,Borehole,Stable,172000
Challenge,Mini Flat,1,2,57,680,2021,Unfurnished,Well,Moderate,421000
Agbowo,Self Contained,1,1,26,467,1999,Unfurnished,Borehole,Poor,300000
Ajibode,Mini Flat,1,2,60,480,2008,Unfurnished,Borehole,Stable,449000
Agbowo,Room,1,1,25,658,1996,Semi-Furnished,Borehole,Moderate,208000
Agbowo,Mini Flat,1,2,57,490,2013,Unfurnished,Well,Moderate,501000
Mokola,Room,1,1,27,947,2021,Unfurnished,Borehole,Moderate,184000
Agbowo,3 Bedroom Flat,3,3,131,651,2012,Unfurnished,Borehole,Moderate,956000
Challenge,3 Bedroom Flat,3,3,125,554,2008,Semi-Furnished,Public,Stable,760000
Ring Road,2 Bedroom Flat,2,2,94,697,1992,Unfurnished,Well,Poor,744000
Agbowo,Room,1,1,29,463,2014,Unfurnished,Well,Poor,181000
Ring Road,Mini Flat,1,2,56,716,2014,Unfurnished,Public,Moderate,486000
Agbowo,Duplex,4,4,213,711,1995,Semi-Furnished,Well,Moderate,2432000
Ologuneru,Mini Flat,1,2,63,775,2022,Unfurnished,Borehole,Moderate,441000
Ajibode,Mini Flat,1,2,61,470,2022,Unfurnished,Public,Moderate,417000
Oluyole,Room,1,1,28,329,2004,Unfurnished,Borehole,Moderate,252000
Bodija,Room,1,1,19,440,2009,Fully Furnished,Well,Moderate,333000
Agbowo,Mini Flat,1,2,48,499,2021,Unfurnished,Borehole,Moderate,502000
Akobo,Self Contained,1,1,28,850,2013,Unfurnished,Borehole,Moderate,475000
Oluyole,Self Contained,1,1,34,945,1992,Unfurnished,Borehole,Moderate,373000
Ajibode,Room,1,1,23,612,1993,Fully Furnished,Public,Stable,307000
Ajibode,Room,1,1,21,551,1995,Semi-Furnished,Borehole,Poor,191000
Oluyole,2 Bedroom Flat,2,2,89,487,2008,Semi-Furnished,Public,Moderate,1099000
Oluyole,Self Contained,1,1,34,698,2015,Semi-Furnished,Well,Moderate,416000
Ologuneru,3 Bedroom Flat,3,3,158,943,2014,Unfurnished,Well,Moderate,937000
Challenge,Room,1,1,24,871,2014,Unfurnished,Well,Moderate,197000
Apata,Self Contained,1,1,34,754,1999,Unfurnished,Borehole,Moderate,261000
Oluyole,Mini Flat,1,2,48,752,2009,Unfurnished,Well,Moderate,600000
Agbowo,Mini Flat,1,2,61,699,1994,Fully Furnished,Borehole,Moderate,646000
Ajibode,2 Bedroom Flat,2,2,87,541,1994,Semi-Furnished,Well,Stable,641000
Challenge,Mini Flat,1,2,46,417,1992,Unfurnished,Well,Stable,450000
Akobo,2 Bedroom Flat,2,2,92,546,2021,Unfurnished,Borehole,Poor,1162000
Ajibode,Room,1,1,28,626,2019,Fully Furnished,Borehole,Stable,219000
Agbowo,Room,1,1,24,288,2018,Unfurnished,Borehole,Poor,183000
Apata,Room,1,1,22,522,2015,Unfurnished,Well,Moderate,147000
Bodija,Room,1,1,27,401,2014,Fully Furnished,Borehole,Poor,359000
Agbowo,Mini Flat,1,2,49,732,2001,Unfurnished,Well,Stable,531000
Bodija,Self Contained,1,1,30,451,2007,Unfurnished,Well,Stable,467000
Ajibode,Mini Flat,1,2,59,609,2015,Unfurnished,Borehole,Moderate,526000
Agbowo,Self Contained,1,1,33,423,2004,Semi-Furnished,Borehole,Moderate,370000
Agbowo,Self Contained,1,1,38,837,1994,Unfurnished,Borehole,Moderate,321000
Ajibode,Room,1,1,20,243,2022,Semi-Furnished,Well,Moderate,206000
Challenge,2 Bedroom Flat,2,2,95,635,1998,Unfurnished,Borehole,Stable,527000
Agbowo,Mini Flat,1,2,46,320,2021,Unfurnished,Well,Poor,552000
Mokola,Mini Flat,1,2,61,458,2002,Unfurnished,Borehole,Moderate,451000
Mokola,3 Bedroom Flat,3,3,130,587,2017,Fully Furnished,Borehole,Stable,1371000
Ajibode,Self Contained,1,1,27,595,2012,Unfurnished,Public,Moderate,359000
Akobo,Self Contained,1,1,34,591,2013,Semi-Furnished,Well,Moderate,430000
Bodija,Self Contained,1,1,34,577,2020,Unfurnished,Well,Moderate,441000
Ring Road,Self Contained,1,1,29,434,1994,Unfurnished,Borehole,Moderate,224000
Ajibode,Self Contained,1,1,36,520,1991,Unfurnished,Borehole,Moderate,264000
Oluyole,Mini Flat,1,2,56,555,2019,Semi-Furnished,Well,Poor,804000
Akobo,Self Contained,1,1,33,585,1994,Semi-Furnished,Well,Poor,456000
Agbowo,Room,1,1,25,538,1999,Unfurnished,Well,Stable,197000
Ajibode,Mini Flat,1,2,60,681,1996,Unfurnished,Borehole,Poor,388000
Akobo,Room,1,1,23,566,2018,Unfurnished,Public,Stable,284000
Oluyole,Room,1,1,24,586,2021,Unfurnished,Borehole,Moderate,236000
Agbowo,Self Contained,1,1,32,481,2016,Unfurnished,Borehole,Poor,367000
Akobo,2 Bedroom Flat,2,2,84,360,1990,Semi-Furnished,Borehole,Stable,1146000
Agbowo,Room,1,1,23,577,2009,Unfurnished,Well,Moderate,230000
Oluyole,2 Bedroom Flat,2,2,95,767,2023,Unfurnished,Well,Moderate,824000
Ajibode,Self Contained,1,1,29,629,2015,Unfurnished,Borehole,Moderate,336000
Ring Road,Mini Flat,1,2,57,402,2012,Unfurnished,Well,Poor,460000
Agbowo,Room,1,1,19,696,2022,Semi-Furnished,Borehole,Moderate,244000
Agbowo,3 Bedroom Flat,3,3,124,489,1990,Fully Furnished,Borehole,Moderate,1576000
Ajibode,Mini Flat,1,2,62,678,1992,Unfurnished,Borehole,Poor,547000
Ajibode,Room,1,1,29,483,2002,Unfurnished,Borehole,Stable,183000
Bodija,2 Bedroom Flat,2,2,79,613,2022,Unfurnished,Well,Poor,1186000
Agbowo,Self Contained,1,1,33,456,2002,Unfurnished,Borehole,Stable,329000
Mokola,2 Bedroom Flat,2,2,86,461,2011,Unfurnished,Well,Poor,724000
Ajibode,Mini Flat,1,2,52,268,1994,Unfurnished,Well,Moderate,494000
Agbowo,3 Bedroom Flat,3,3,159,642,2006,Semi-Furnished,Well,Stable,984000
Agbowo,2 Bedroom Flat,2,2,94,616,1999,Unfurnished,Well,Moderate,731000
Ajibode,Mini Flat,1,2,56,626,2016,Unfurnished,Borehole,Moderate,480000
Ajibode,Mini Flat,1,2,55,599,2004,Unfurnished,Well,Moderate,521000
Agbowo,Room,1,1,18,412,1998,Unfurnished,Borehole,Moderate,214000
Bodija,2 Bedroom Flat,2,2,80,723,1996,Semi-Furnished,Borehole,Poor,1241000
Agbowo,Mini Flat,1,2,45,728,1999,Unfurnished,Borehole,Moderate,428000
Bodija,3 Bedroom Flat,3,3,137,408,2002,Fully Furnished,Borehole,Poor,2120000
Akobo,Mini Flat,1,2,55,645,2005,Semi-Furnished,Borehole,Moderate,613000
Ajibode,Mini Flat,1,2,57,707,2023,Unfurnished,Well,Stable,468000
Bodija,Mini Flat,1,2,59,465,1997,Semi-Furnished,Public,Moderate,666000
Ologuneru,Mini Flat,1,2,49,496,2020,Semi-Furnished,Public,Poor,537000
Bodija,Self Contained,1,1,27,646,2017,Semi-Furnished,Borehole,Moderate,583000
Oluyole,3 Bedroom Flat,3,3,140,278,1996,Semi-Furnished,Borehole,Moderate,1554000
Agbowo,Self Contained,1,1,25,354,2023,Semi-Furnished,Well,Stable,458000
Challenge,Room,1,1,24,371,2022,Unfurnished,Public,Moderate,180000
Challenge,Room,1,1,28,226,1993,Semi-Furnished,Well,Moderate,195000
Bodija,Self Contained,1,1,36,745,2015,Unfurnished,Borehole,Moderate,438000
Ologuneru,Self Contained,1,1,35,200,1991,Unfurnished,Borehole,Moderate,287000
Ajibode,Self Contained,1,1,32,611,2021,Unfurnished,Borehole,Stable,415000
Ajibode,Room,1,1,20,696,1991,Semi-Furnished,Well,Moderate,242000
Challenge,Self Contained,1,1,34,497,2015,Unfurnished,Well,Moderate,256000
Challenge,3 Bedroom Flat,3,3,123,429,2016,Unfurnished,Borehole,Stable,750000
Ajibode,Mini Flat,1,2,55,591,2004,Unfurnished,Public,Moderate,429000
Agbowo,Mini Flat,1,2,50,550,2010,Unfurnished,Borehole,Poor,399000
Ajibode,Self Contained,1,1,27,730,2016,Unfurnished,Public,Moderate,297000
Agbowo,2 Bedroom Flat,2,2,91,200,2023,Unfurnished,Borehole,Moderate,809000
Challenge,Room,1,1,24,384,2000,Unfurnished,Borehole,Moderate,171000
Bodija,Mini Flat,1,2,52,651,2012,Unfurnished,Borehole,Moderate,670000
Agbowo,Mini Flat,1,2,56,559,2011,Semi-Furnished,Public,Moderate,612000
Agbowo,Self Contained,1,1,33,685,2012,Unfurnished,Well,Moderate,263000
Ajibode,Self Contained,1,1,36,597,1990,Unfurnished,Borehole,Stable,287000
Agbowo,Room,1,1,23,525,2001,Fully Furnished,Well,Poor,307000
Akobo,Room,1,1,26,495,2014,Unfurnished,Borehole,Moderate,253000
Ologuneru,Self Contained,1,1,28,968,1995,Unfurnished,Well,Poor,294000
Mokola,Self Contained,1,1,39,826,2023,Unfurnished,Borehole,Moderate,283000
Ajibode,Self Contained,1,1,30,639,2017,Semi-Furnished,Borehole,Poor,361000
Ring Road,Self Contained,1,1,39,564,2014,Fully Furnished,Borehole,Moderate,402000
Challenge,2 Bedroom Flat,2,2,87,646,2007,Unfurnished,Well,Moderate,596000
Challenge,Room,1,1,28,698,1990,Unfurnished,Well,Stable,147000
Bodija,2 Bedroom Flat,2,2,80,625,2021,Fully Furnished,Public,Moderate,1335000
Agbowo,Self Contained,1,1,27,414,2018,Unfurnished,Well,Moderate,332000
Agbowo,Room,1,1,21,871,2009,Fully Furnished,Well,Moderate,230000
Ajibode,2 Bedroom Flat,2,2,92,594,2002,Unfurnished,Borehole,Poor,802000
Agbowo,Self Contained,1,1,28,912,2001,Semi-Furnished,Borehole,Moderate,295000
Agbowo,Room,1,1,20,583,1997,Unfurnished,Borehole,Stable,182000
Bodija,2 Bedroom Flat,2,2,84,505,1997,Fully Furnished,Borehole,Poor,1686000
Challenge,Room,1,1,21,799,2007,Semi-Furnished,Borehole,Poor,187000
Bodija,Self Contained,1,1,38,604,2010,Unfurnished,Borehole,Stable,413000
Ajibode,Mini Flat,1,2,54,574,2017,Semi-Furnished,Borehole,Moderate,561000
Apata,Mini Flat,1,2,59,333,2020,Unfurnished,Well,Moderate,441000
Apata,Mini Flat,1,2,64,668,2004,Unfurnished,Borehole,Poor,497000
Challenge,2 Bedroom Flat,2,2,90,461,2022,Unfurnished,Borehole,Moderate,626000
Ologuneru,Mini Flat,1,2,59,469,2012,Semi-Furnished,Borehole,Stable,452000
Bodija,Room,1,1,26,461,2005,Unfurnished,Borehole,Moderate,251000
Ologuneru,Self Contained,1,1,31,629,2013,Semi-Furnished,Borehole,Moderate,280000
Ajibode,Self Contained,1,1,36,273,2010,Fully Furnished,Well,Poor,396000
Agbowo,Room,1,1,22,512,1997,Unfurnished,Borehole,Moderate,196000
Agbowo,Self Contained,1,1,35,726,2006,Unfurnished,Borehole,Moderate,347000
Ajibode,Mini Flat,1,2,49,325,2004,Fully Furnished,Borehole,Stable,847000
Ajibode,Self Contained,1,1,28,581,2003,Unfurnished,Borehole,Poor,365000
Akobo,Self Contained,1,1,39,436,2009,Fully Furnished,Well,Stable,452000
Challenge,Self Contained,1,1,38,477,2021,Semi-Furnished,Borehole,Stable,317000
Akobo,Self Contained,1,1,31,847,2000,Unfurnished,Public,Moderate,423000
Ajibode,Mini Flat,1,2,55,252,2021,Semi-Furnished,Borehole,Moderate,688000
Mokola,2 Bedroom Flat,2,2,72,687,1993,Semi-Furnished,Well,Poor,767000
Akobo,Room,1,1,18,463,2018,Semi-Furnished,Well,Poor,307000
Agbowo,Room,1,1,23,455,1994,Unfurnished,Borehole,Poor,221000
Oluyole,Room,1,1,24,349,2001,Unfurnished,Borehole,Stable,326000
Agbowo,2 Bedroom Flat,2,2,74,685,2012,Semi-Furnished,Borehole,Moderate,876000
Agbowo,2 Bedroom Flat,2,2,89,515,2022,Unfurnished,Borehole,Stable,810000
Ring Road,Self Contained,1,1,32,492,2005,Unfurnished,Borehole,Stable,318000
Agbowo,2 Bedroom Flat,2,2,70,569,2000,Semi-Furnished,Borehole,Moderate,1059000
Bodija,Self Contained,1,1,30,519,1997,Unfurnished,Borehole,Poor,561000
Ring Road,3 Bedroom Flat,3,3,140,200,2022,Semi-Furnished,Well,Stable,1109000
Oluyole,Self Contained,1,1,27,461,2023,Unfurnished,Well,Poor,332000
Ajibode,2 Bedroom Flat,2,2,88,711,2010,Semi-Furnished,Borehole,Stable,883000
Ajibode,Self Contained,1,1,34,278,2006,Unfurnished,Borehole,Stable,338000
Ajibode,Self Contained,1,1,33,353,2023,Unfurnished,Borehole,Moderate,282000
Akobo,2 Bedroom Flat,2,2,96,473,1992,Semi-Furnished,Well,Poor,882000
Bodija,Self Contained,1,1,32,419,2013,Unfurnished,Borehole,Moderate,472000
Ajibode,2 Bedroom Flat,2,2,80,544,2011,Semi-Furnished,Borehole,Stable,909000
Apata,Self Contained,1,1,37,353,1999,Unfurnished,Borehole,Poor,256000
Bodija,Self Contained,1,1,27,480,1994,Unfurnished,Borehole,Moderate,427000
Agbowo,Self Contained,1,1,33,541,2020,Unfurnished,Borehole,Moderate,345000
Bodija,2 Bedroom Flat,2,2,99,666,2013,Semi-Furnished,Borehole,Stable,1174000
Oluyole,Room,1,1,19,774,2000,Semi-Furnished,Borehole,Moderate,312000
Ajibode,Room,1,1,27,502,2003,Semi-Furnished,Well,Poor,214000
Agbowo,2 Bedroom Flat,2,2,72,889,1993,Fully Furnished,Borehole,Poor,1036000
Challenge,Room,1,1,28,516,1997,Semi-Furnished,Well,Stable,164000
Bodija,Room,1,1,23,699,1996,Unfurnished,Borehole,Moderate,341000
Bodija,Self Contained,1,1,37,897,2021,Fully Furnished,Borehole,Poor,666000
Agbowo,Mini Flat,1,2,64,575,2011,Unfurnished,Borehole,Moderate,434000
Ajibode,3 Bedroom Flat,3,3,152,302,2011,Fully Furnished,Well,Moderate,1318000
Ajibode,Room,1,1,19,566,2015,Unfurnished,Borehole,Moderate,201000
Bodija,Room,1,1,26,439,2018,Unfurnished,Borehole,Moderate,283000
Ajibode,Duplex,4,4,207,500,1993,Semi-Furnished,Borehole,Moderate,1902000
Ajibode,Self Contained,1,1,28,907,2020,Unfurnished,Borehole,Moderate,328000
Mokola,2 Bedroom Flat,2,2,86,329,2011,Fully Furnished,Borehole,Moderate,976000
Ologuneru,Self Contained,1,1,31,604,1997,Fully Furnished,Borehole,Stable,347000
Challenge,Room,1,1,22,392,2010,Unfurnished,Well,Stable,184000
Mokola,2 Bedroom Flat,2,2,70,494,2004,Unfurnished,Borehole,Moderate,679000
Agbowo,Room,1,1,21,684,1993,Fully Furnished,Borehole,Stable,327000
Ologuneru,Room,1,1,19,607,1994,Unfurnished,Borehole,Moderate,173000
Ajibode,Self Contained,1,1,32,509,1991,Unfurnished,Borehole,Stable,341000
Apata,Self Contained,1,1,32,433,1997,Unfurnished,Borehole,Moderate,242000
Ologuneru,Room,1,1,28,606,1993,Unfurnished,Borehole,Stable,123000
Oluyole,Room,1,1,19,857,2002,Unfurnished,Borehole,Moderate,193000
Ologuneru,Room,1,1,29,387,2003,Unfurnished,Well,Moderate,204000
Akobo,Self Contained,1,1,26,894,1998,Semi-Furnished,Borehole,Stable,444000
Agbowo,Mini Flat,1,2,52,765,2017,Unfurnished,Borehole,Moderate,634000
Agbowo,Self Contained,1,1,30,796,2001,Semi-Furnished,Borehole,Poor,455000
Akobo,Room,1,1,27,605,2017,Semi-Furnished,Borehole,Moderate,299000
Ajibode,Self Contained,1,1,32,760,2002,Semi-Furnished,Borehole,Stable,297000
Akobo,Mini Flat,1,2,52,368,2010,Unfurnished,Borehole,Moderate,683000
Ologuneru,Room,1,1,25,429,2015,Fully Furnished,Borehole,Stable,251000
Ajibode,Self Contained,1,1,29,687,2014,Semi-Furnished,Well,Poor,400000
Challenge,3 Bedroom Flat,3,3,138,603,2011,Unfurnished,Borehole,Poor,949000
Ring Road,2 Bedroom Flat,2,2,74,523,1997,Unfurnished,Well,Stable,566000
Apata,Self Contained,1,1,36,200,2011,Fully Furnished,Public,Moderate,292000
Ologuneru,Room,1,1,28,471,2002,Unfurnished,Borehole,Stable,145000
Bodija,Room,1,1,19,338,2003,Unfurnished,Borehole,Moderate,257000
Ologuneru,Room,1,1,25,638,2007,Fully Furnished,Borehole,Stable,229000
Challenge,Room,1,1,25,515,2022,Unfurnished,Borehole,Stable,161000
Ajibode,Self Contained,1,1,27,436,1996,Fully Furnished,Borehole,Moderate,471000
Bodija,Self Contained,1,1,36,1025,1999,Fully Furnished,Well,Poor,641000
Oluyole,Room,1,1,28,736,2019,Semi-Furnished,Public,Poor,331000
Agbowo,Self Contained,1,1,28,740,2023,Unfurnished,Well,Moderate,346000
Akobo,Self Contained,1,1,37,946,1992,Fully Furnished,Public,Poor,512000
Oluyole,2 Bedroom Flat,2,2,82,694,2001,Unfurnished,Borehole,Stable,815000
Ajibode,3 Bedroom Flat,3,3,137,411,2020,Unfurnished,Borehole,Moderate,845000
Akobo,3 Bedroom Flat,3,3,133,390,2012,Semi-Furnished,Well,Moderate,1840000
Challenge,Self Contained,1,1,29,723,1997,Unfurnished,Borehole,Moderate,314000
Bodija,2 Bedroom Flat,2,2,71,200,1990,Semi-Furnished,Borehole,Poor,1382000
Ajibode,Mini Flat,1,2,57,535,2004,Fully Furnished,Borehole,Moderate,592000
Ajibode,Room,1,1,18,200,2017,Fully Furnished,Borehole,Poor,258000
Agbowo,Room,1,1,28,567,2001,Unfurnished,Borehole,Moderate,233000
Apata,Mini Flat,1,2,48,703,1990,Semi-Furnished,Well,Poor,452000
Agbowo,Mini Flat,1,2,52,600,2000,Semi-Furnished,Borehole,Moderate,646000
Akobo,Mini Flat,1,2,58,718,1991,Unfurnished,Borehole,Poor,581000
Agbowo,Self Contained,1,1,34,903,1997,Fully Furnished,Borehole,Poor,383000
Agbowo,Self Contained,1,1,29,524,2020,Unfurnished,Borehole,Moderate,382000
Mokola,Mini Flat,1,2,58,1055,2010,Semi-Furnished,Borehole,Stable,480000
Oluyole,Mini Flat,1,2,52,588,1992,Unfurnished,Well,Moderate,650000
Ajibode,Room,1,1,23,720,2014,Fully Furnished,Public,Stable,284000
Agbowo,Self Contained,1,1,36,440,2017,Unfurnished,Borehole,Moderate,345000
Ajibode,Self Contained,1,1,38,841,2017,Unfurnished,Borehole,Moderate,352000
Bodija,Self Contained,1,1,29,737,1991,Semi-Furnished,Borehole,Stable,549000
Oluyole,Self Contained,1,1,38,814,1997,Unfurnished,Public,Moderate,400000
Ajibode,Room,1,1,18,559,1990,Unfurnished,Public,Moderate,178000
Agbowo,2 Bedroom Flat,2,2,99,324,2010,Unfurnished,Borehole,Poor,896000
Agbowo,Self Contained,1,1,37,632,2004,Semi-Furnished,Borehole,Stable,437000
Ring Road,2 Bedroom Flat,2,2,70,244,1997,Semi-Furnished,Public,Moderate,764000
Ologuneru,Room,1,1,22,489,2011,Fully Furnished,Borehole,Stable,224000
Ajibode,Room,1,1,20,584,2009,Fully Furnished,Public,Stable,284000
Challenge,Room,1,1,21,977,2002,Semi-Furnished,Public,Stable,205000
Agbowo,2 Bedroom Flat,2,2,85,607,2015,Unfurnished,Borehole,Moderate,631000
Agbowo,Self Contained,1,1,27,575,1996,Semi-Furnished,Borehole,Stable,409000
Challenge,Mini Flat,1,2,51,538,2000,Fully Furnished,Well,Moderate,660000
Ring Road,Room,1,1,21,308,2020,Unfurnished,Borehole,Moderate,163000
Apata,Mini Flat,1,2,45,565,2023,Unfurnished,Public,Moderate,415000
Akobo,Room,1,1,27,568,2000,Semi-Furnished,Borehole,Poor,247000
Agbowo,2 Bedroom Flat,2,2,79,375,2013,Unfurnished,Well,Moderate,839000
Challenge,Self Contained,1,1,35,336,2014,Semi-Furnished,Public,Moderate,322000
Agbowo,3 Bedroom Flat,3,3,137,463,2022,Semi-Furnished,Borehole,Moderate,1417000
Akobo,Mini Flat,1,2,55,561,2018,Semi-Furnished,Well,Stable,649000
Agbowo,Mini Flat,1,2,60,467,2010,Unfurnished,Borehole,Moderate,534000
Akobo,Room,1,1,27,360,2022,Semi-Furnished,Well,Moderate,340000
Agbowo,Mini Flat,1,2,51,602,1995,Semi-Furnished,Public,Poor,668000
Ajibode,Mini Flat,1,2,59,646,1991,Fully Furnished,Borehole,Poor,560000
Ring Road,Mini Flat,1,2,54,571,2019,Unfurnished,Borehole,Poor,502000
Ajibode,Mini Flat,1,2,51,448,2017,Unfurnished,Borehole,Poor,516000
Bodija,2 Bedroom Flat,2,2,74,657,2021,Fully Furnished,Borehole,Moderate,1488000
Agbowo,Mini Flat,1,2,63,515,2016,Unfurnished,Well,Moderate,538000
Ajibode,Mini Flat,1,2,48,335,2011,Unfurnished,Borehole,Stable,515000
Ajibode,Self Contained,1,1,31,736,2004,Unfurnished,Well,Moderate,249000
Ajibode,Self Contained,1,1,37,613,1996,Fully Furnished,Public,Poor,460000
Mokola,Mini Flat,1,2,62,528,2020,Semi-Furnished,Borehole,Moderate,477000
Agbowo,2 Bedroom Flat,2,2,82,267,2019,Semi-Furnished,Well,Moderate,942000
Apata,Mini Flat,1,2,52,415,2003,Unfurnished,Borehole,Moderate,371000
Akobo,Room,1,1,24,913,2023,Unfurnished,Borehole,Stable,220000
Agbowo,Room,1,1,24,278,2016,Unfurnished,Borehole,Moderate,199000
Akobo,Mini Flat,1,2,59,504,2012,Semi-Furnished,Borehole,Moderate,747000
Bodija,Self Contained,1,1,31,547,1992,Unfurnished,Public,Poor,517000
Challenge,2 Bedroom Flat,2,2,98,607,1994,Semi-Furnished,Public,Moderate,691000
Agbowo,Duplex,4,4,180,280,2019,Unfurnished,Well,Poor,1797000
Agbowo,2 Bedroom Flat,2,2,76,581,1996,Unfurnished,Public,Moderate,960000
Ring Road,Mini Flat,1,2,46,246,2007,Fully Furnished,Borehole,Moderate,667000
Apata,Mini Flat,1,2,47,567,1999,Unfurnished,Well,Stable,377000
Ring Road,2 Bedroom Flat,2,2,98,432,2023,Semi-Furnished,Borehole,Stable,573000
Agbowo,Room,1,1,27,394,2022,Unfurnished,Borehole,Poor,216000
Challenge,Room,1,1,25,700,2021,Unfurnished,Borehole,Poor,216000
Bodija,Room,1,1,27,507,2020,Unfurnished,Public,Moderate,317000
Bodija,Mini Flat,1,2,48,635,2017,Fully Furnished,Borehole,Stable,931000
Ajibode,2 Bedroom Flat,2,2,84,641,1993,Unfurnished,Well,Stable,760000
Akobo,Room,1,1,21,778,2004,Unfurnished,Public,Stable,256000
Ajibode,Room,1,1,23,332,1991,Semi-Furnished,Borehole,Stable,209000
Agbowo,Room,1,1,26,715,2012,Unfurnished,Borehole,Moderate,228000
Mokola,Mini Flat,1,2,51,552,2012,Semi-Furnished,Well,Poor,549000
Ajibode,Self Contained,1,1,27,481,2016,Fully Furnished,Borehole,Poor,380000
Ajibode,Room,1,1,24,343,2015,Semi-Furnished,Well,Poor,198000
Ajibode,Self Contained,1,1,35,659,2023,Unfurnished,Borehole,Moderate,336000
Apata,Room,1,1,23,383,2002,Unfurnished,Well,Poor,171000
Bodija,Room,1,1,28,643,1999,Semi-Furnished,Borehole,Moderate,374000
Agbowo,Self Contained,1,1,33,897,2015,Fully Furnished,Borehole,Moderate,520000
Mokola,Mini Flat,1,2,57,726,1993,Unfurnished,Well,Moderate,439000
Mokola,Room,1,1,20,800,2007,Unfurnished,Borehole,Moderate,173000
Agbowo,Self Contained,1,1,25,420,2006,Unfurnished,Borehole,Moderate,314000
Oluyole,Room,1,1,19,687,2016,Fully Furnished,Borehole,Poor,306000
Challenge,3 Bedroom Flat,3,3,131,344,1997,Semi-Furnished,Borehole,Stable,972000
Akobo,Room,1,1,24,507,2002,Fully Furnished,Borehole,Stable,363000
Ajibode,Self Contained,1,1,30,863,2011,Semi-Furnished,Borehole,Stable,350000
Ring Road,Duplex,4,4,217,440,2019,Semi-Furnished,Borehole,Moderate,2129000
Bodija,Self Contained,1,1,36,750,1993,Fully Furnished,Borehole,Stable,525000
Agbowo,Room,1,1,29,732,2002,Unfurnished,Borehole,Moderate,187000
Agbowo,Mini Flat,1,2,56,743,1995,Unfurnished,Well,Moderate,553000
Ajibode,Self Contained,1,1,35,321,2007,Unfurnished,Borehole,Moderate,331000
Ajibode,Room,1,1,22,644,1997,Unfurnished,Well,Poor,169000
Challenge,Self Contained,1,1,39,521,2009,Unfurnished,Borehole,Poor,273000
Ajibode,2 Bedroom Flat,2,2,89,745,2010,Unfurnished,Borehole,Poor,732000
Agbowo,Mini Flat,1,2,49,252,2021,Semi-Furnished,Well,Stable,487000
Bodija,Room,1,1,19,616,2021,Unfurnished,Borehole,Moderate,335000
Ajibode,Mini Flat,1,2,45,590,1991,Unfurnished,Well,Moderate,516000
Ologuneru,3 Bedroom Flat,3,3,155,200,1991,Semi-Furnished,Borehole,Moderate,951000
Agbowo,Room,1,1,19,390,2021,Unfurnished,Well,Stable,164000
Agbowo,Mini Flat,1,2,49,220,2011,Semi-Furnished,Borehole,Moderate,625000
Agbowo,Self Contained,1,1,26,419,2015,Unfurnished,Borehole,Moderate,312000
Agbowo,Mini Flat,1,2,61,648,1999,Unfurnished,Borehole,Moderate,623000
Ajibode,Room,1,1,18,585,1994,Unfurnished,Well,Moderate,175000
Oluyole,Room,1,1,27,580,2001,Fully Furnished,Borehole,Moderate,384000
Ologuneru,Self Contained,1,1,29,362,2021,Semi-Furnished,Borehole,Moderate,263000
Agbowo,2 Bedroom Flat,2,2,82,751,2007,Unfurnished,Borehole,Moderate,784000
Oluyole,Self Contained,1,1,37,546,1999,Unfurnished,Well,Moderate,325000
Challenge,Self Contained,1,1,34,556,2012,Fully Furnished,Borehole,Moderate,396000
Mokola,Mini Flat,1,2,53,719,1990,Unfurnished,Borehole,Moderate,427000
Agbowo,Room,1,1,18,371,2007,Unfurnished,Borehole,Poor,159000
Agbowo,Room,1,1,27,591,2019,Unfurnished,Borehole,Moderate,200000
Agbowo,Self Contained,1,1,36,626,2008,Semi-Furnished,Borehole,Moderate,395000
Oluyole,Self Contained,1,1,25,451,2006,Semi-Furnished,Borehole,Stable,389000
Mokola,Self Contained,1,1,36,667,2017,Semi-Furnished,Borehole,Stable,314000
Ajibode,Mini Flat,1,2,50,635,2011,Semi-Furnished,Well,Moderate,519000
Agbowo,Room,1,1,19,531,2021,Unfurnished,Borehole,Stable,191000
Ring Road,Room,1,1,23,526,2014,Unfurnished,Borehole,Stable,179000
Challenge,2 Bedroom Flat,2,2,71,644,1998,Semi-Furnished,Borehole,Moderate,824000
Ologuneru,Self Contained,1,1,31,691,1990,Semi-Furnished,Borehole,Poor,359000
Challenge,Room,1,1,23,561,2018,Fully Furnished,Borehole,Stable,264000
Agbowo,Room,1,1,27,751,2004,Unfurnished,Well,Moderate,215000
Akobo,Self Contained,1,1,28,668,2018,Unfurnished,Well,Poor,440000
Oluyole,2 Bedroom Flat,2,2,79,228,2010,Semi-Furnished,Borehole,Poor,892000
Ajibode,Room,1,1,20,297,2001,Unfurnished,Well,Stable,194000
Bodija,Duplex,4,4,292,762,2015,Unfurnished,Borehole,Poor,3016000
Oluyole,Room,1,1,22,505,2020,Unfurnished,Public,Moderate,249000
Ajibode,Self Contained,1,1,33,579,2003,Semi-Furnished,Borehole,Moderate,353000
Challenge,Mini Flat,1,2,52,755,1996,Semi-Furnished,Well,Moderate,412000
Akobo,Self Contained,1,1,33,548,1992,Unfurnished,Public,Moderate,440000
Apata,Room,1,1,23,556,1993,Unfurnished,Borehole,Moderate,193000
Ajibode,Room,1,1,23,393,1991,Unfurnished,Well,Moderate,146000
Agbowo,Self Contained,1,1,35,616,2022,Unfurnished,Borehole,Stable,335000
Akobo,2 Bedroom Flat,2,2,89,655,2002,Semi-Furnished,Borehole,Stable,1113000
Agbowo,Self Contained,1,1,29,445,1996,Unfurnished,Well,Moderate,285000
Oluyole,Self Contained,1,1,29,384,2016,Unfurnished,Borehole,Stable,374000
Challenge,Self Contained,1,1,36,1022,1992,Unfurnished,Public,Poor,252000
Ajibode,Duplex,4,4,228,533,2006,Fully Furnished,Borehole,Poor,2413000
Bodija,Room,1,1,25,426,2014,Fully Furnished,Borehole,Poor,347000
Bodija,Room,1,1,20,677,2019,Unfurnished,Well,Poor,252000
Agbowo,2 Bedroom Flat,2,2,89,540,2003,Unfurnished,Public,Poor,794000
Apata,Room,1,1,26,354,2018,Semi-Furnished,Public,Moderate,176000
Mokola,2 Bedroom Flat,2,2,73,636,1994,Unfurnished,Public,Moderate,721000
Oluyole,Mini Flat,1,2,47,396,1996,Semi-Furnished,Public,Poor,679000
Oluyole,3 Bedroom Flat,3,3,134,833,2008,Unfurnished,Well,Poor,1210000
Bodija,Room,1,1,21,639,2022,Unfurnished,Well,Moderate,294000
Apata,2 Bedroom Flat,2,2,73,500,2010,Unfurnished,Borehole,Moderate,577000
Oluyole,Room,1,1,19,569,2010,Fully Furnished,Borehole,Stable,332000
Oluyole,2 Bedroom Flat,2,2,81,712,2006,Unfurnished,Borehole,Stable,994000
Mokola,Self Contained,1,1,35,583,2012,Semi-Furnished,Borehole,Poor,317000
Agbowo,Self Contained,1,1,29,931,2016,Unfurnished,Borehole,Stable,353000
Challenge,2 Bedroom Flat,2,2,91,754,2020,Unfurnished,Borehole,Moderate,615000
Ajibode,Mini Flat,1,2,50,637,2004,Fully Furnished,Borehole,Moderate,742000
Agbowo,Self Contained,1,1,28,381,1990,Unfurnished,Borehole,Poor,286000
Agbowo,Room,1,1,27,523,2009,Semi-Furnished,Well,Stable,264000
Ologuneru,Mini Flat,1,2,60,636,2023,Unfurnished,Borehole,Stable,377000
Mokola,Self Contained,1,1,38,401,1990,Unfurnished,Borehole,Stable,313000
Oluyole,Room,1,1,29,782,2021,Semi-Furnished,Borehole,Stable,236000
Oluyole,Self Contained,1,1,39,374,2011,Unfurnished,Borehole,Moderate,288000
Akobo,2 Bedroom Flat,2,2,78,435,2018,Fully Furnished,Borehole,Poor,1494000
Apata,Room,1,1,20,448,2000,Unfurnished,Well,Poor,149000
Bodija,Self Contained,1,1,35,683,2022,Semi-Furnished,Borehole,Stable,487000
Agbowo,Mini Flat,1,2,52,405,1990,Semi-Furnished,Borehole,Stable,706000
Ajibode,Mini Flat,1,2,63,226,1998,Semi-Furnished,Borehole,Moderate,710000
Challenge,Self Contained,1,1,31,745,2002,Semi-Furnished,Borehole,Poor,286000
Oluyole,Room,1,1,21,470,2013,Fully Furnished,Well,Poor,431000
Agbowo,Room,1,1,24,357,2009,Unfurnished,Public,Poor,218000
Ajibode,Self Contained,1,1,36,414,1990,Unfurnished,Borehole,Poor,293000
Mokola,Mini Flat,1,2,51,859,2009,Semi-Furnished,Borehole,Poor,481000
Ajibode,Room,1,1,24,431,1990,Fully Furnished,Borehole,Stable,213000
Oluyole,2 Bedroom Flat,2,2,94,527,1995,Semi-Furnished,Well,Poor,1112000
Ologuneru,Mini Flat,1,2,45,469,2015,Semi-Furnished,Borehole,Moderate,519000
Agbowo,Self Contained,1,1,31,328,2018,Fully Furnished,Borehole,Moderate,404000
Agbowo,Mini Flat,1,2,62,416,2004,Unfurnished,Borehole,Stable,505000
Oluyole,Room,1,1,20,315,2008,Unfurnished,Public,Stable,296000
Mokola,2 Bedroom Flat,2,2,73,722,1998,Unfurnished,Well,Moderate,577000
Bodija,Self Contained,1,1,30,568,2006,Semi-Furnished,Borehole,Poor,454000
Ologuneru,Room,1,1,19,996,2021,Unfurnished,Borehole,Moderate,186000
Ajibode,3 Bedroom Flat,3,3,143,422,2017,Unfurnished,Borehole,Moderate,1059000
Bodija,Self Contained,1,1,36,395,2004,Semi-Furnished,Borehole,Moderate,631000
Oluyole,2 Bedroom Flat,2,2,78,826,2017,Semi-Furnished,Public,Moderate,951000
Mokola,Room,1,1,26,740,1998,Unfurnished,Public,Stable,167000
Ajibode,Room,1,1,26,619,2016,Unfurnished,Borehole,Stable,134000
Challenge,Self Contained,1,1,25,349,2008,Semi-Furnished,Borehole,Poor,259000
Bodija,2 Bedroom Flat,2,2,79,864,1996,Fully Furnished,Well,Moderate,1659000
Agbowo,Room,1,1,23,537,2014,Unfurnished,Borehole,Moderate,219000
Ajibode,Self Contained,1,1,37,472,2019,Unfurnished,Borehole,Stable,353000
Mokola,Mini Flat,1,2,57,755,2002,Unfurnished,Well,Stable,493000
Ajibode,Self Contained,1,1,29,545,1991,Semi-Furnished,Well,Moderate,245000
Agbowo,Self Contained,1,1,32,340,2007,Unfurnished,Borehole,Moderate,303000
Agbowo,3 Bedroom Flat,3,3,134,557,1997,Unfurnished,Borehole,Stable,1251000
Ring Road,Self Contained,1,1,36,409,2009,Semi-Furnished,Well,Moderate,337000
Oluyole,Mini Flat,1,2,58,200,1998,Semi-Furnished,Well,Moderate,770000
Challenge,Mini Flat,1,2,46,391,2002,Unfurnished,Well,Stable,472000
Agbowo,2 Bedroom Flat,2,2,93,455,2010,Fully Furnished,Borehole,Stable,1132000
Akobo,Self Contained,1,1,39,341,2017,Unfurnished,Borehole,Stable,381000
Akobo,Self Contained,1,1,35,653,1996,Unfurnished,Borehole,Moderate,474000
Mokola,Room,1,1,20,410,2020,Unfurnished,Borehole,Moderate,168000
Ring Road,Self Contained,1,1,29,636,2012,Semi-Furnished,Well,Stable,397000
Ajibode,2 Bedroom Flat,2,2,90,328,2002,Unfurnished,Well,Moderate,614000
Oluyole,3 Bedroom Flat,3,3,153,713,1991,Unfurnished,Well,Moderate,1174000
Ajibode,Self Contained,1,1,35,320,2023,Semi-Furnished,Public,Poor,354000
Bodija,Mini Flat,1,2,52,200,1994,Semi-Furnished,Borehole,Moderate,833000
Agbowo,Self Contained,1,1,29,772,1991,Unfurnished,Well,Moderate,313000
Agbowo,Mini Flat,1,2,47,395,2023,Unfurnished,Public,Stable,644000
Agbowo,Self Contained,1,1,33,866,1991,Fully Furnished,Well,Stable,512000
Akobo,Self Contained,1,1,36,651,2009,Semi-Furnished,Borehole,Moderate,472000
Agbowo,Room,1,1,19,692,1997,Unfurnished,Borehole,Stable,235000
Oluyole,Self Contained,1,1,39,738,2012,Unfurnished,Public,Poor,310000
Agbowo,Room,1,1,19,570,2005,Unfurnished,Well,Stable,263000
Ajibode,2 Bedroom Flat,2,2,79,572,2011,Semi-Furnished,Borehole,Stable,878000
Challenge,Room,1,1,24,780,1997,Unfurnished,Well,Moderate,168000
Agbowo,Mini Flat,1,2,52,570,2015,Unfurnished,Borehole,Moderate,519000
Agbowo,Self Contained,1,1,34,418,2012,Unfurnished,Borehole,Moderate,365000
Oluyole,Self Contained,1,1,32,655,2005,Unfurnished,Public,Moderate,297000
Agbowo,3 Bedroom Flat,3,3,121,200,2010,Semi-Furnished,Well,Moderate,1352000
Ajibode,2 Bedroom Flat,2,2,90,787,2018,Unfurnished,Well,Stable,554000
Agbowo,Mini Flat,1,2,50,791,2009,Unfurnished,Well,Stable,606000
Apata,Room,1,1,19,765,2001,Semi-Furnished,Borehole,Stable,187000
Akobo,Self Contained,1,1,33,758,2015,Unfurnished,Borehole,Moderate,368000
Oluyole,Mini Flat,1,2,46,534,1992,Unfurnished,Well,Moderate,546000
Akobo,Room,1,1,21,530,2007,Fully Furnished,Borehole,Moderate,334000
Ajibode,Mini Flat,1,2,53,328,1990,Semi-Furnished,Borehole,Poor,727000
Agbowo,2 Bedroom Flat,2,2,97,864,2008,Unfurnished,Well,Moderate,790000
Challenge,3 Bedroom Flat,3,3,128,462,2002,Semi-Furnished,Borehole,Moderate,1017000
Ajibode,Self Contained,1,1,34,611,2022,Unfurnished,Borehole,Poor,278000
Agbowo,Room,1,1,29,595,2019,Fully Furnished,Borehole,Moderate,297000
Agbowo,Room,1,1,29,308,2011,Unfurnished,Well,Moderate,200000
Agbowo,2 Bedroom Flat,2,2,95,235,2016,Unfurnished,Borehole,Stable,633000
Ologuneru,Room,1,1,21,551,2002,Unfurnished,Well,Moderate,177000
Ajibode,Mini Flat,1,2,48,468,1997,Unfurnished,Borehole,Poor,531000
Bodija,Mini Flat,1,2,57,533,1991,Semi-Furnished,Borehole,Poor,984000
Ajibode,Self Contained,1,1,36,741,2008,Fully Furnished,Well,Poor,435000
Ologuneru,2 Bedroom Flat,2,2,89,590,2013,Unfurnished,Public,Moderate,668000
Ajibode,Room,1,1,18,686,1994,Unfurnished,Borehole,Moderate,173000
Agbowo,Mini Flat,1,2,54,630,1997,Unfurnished,Borehole,Poor,572000
Oluyole,Self Contained,1,1,33,493,2009,Unfurnished,Well,Stable,452000
Oluyole,2 Bedroom Flat,2,2,98,369,1991,Semi-Furnished,Public,Moderate,1197000
Agbowo,Self Contained,1,1,27,597,1995,Fully Furnished,Borehole,Moderate,375000
Agbowo,Room,1,1,22,565,2005,Fully Furnished,Borehole,Moderate,262000
Agbowo,Self Contained,1,1,29,714,1991,Unfurnished,Well,Poor,344000
Agbowo,Self Contained,1,1,32,522,2003,Unfurnished,Public,Moderate,312000
Ajibode,Room,1,1,26,496,2015,Unfurnished,Well,Moderate,218000
Bodija,2 Bedroom Flat,2,2,90,508,2009,Unfurnished,Borehole,Poor,978000
Agbowo,Mini Flat,1,2,46,384,2018,Semi-Furnished,Borehole,Moderate,626000
Agbowo,Room,1,1,28,810,1993,Unfurnished,Borehole,Stable,275000
Akobo,Mini Flat,1,2,54,755,2009,Unfurnished,Public,Moderate,597000
Ologuneru,Duplex,4,4,280,331,2013,Semi-Furnished,Borehole,Moderate,1603000
Akobo,Mini Flat,1,2,56,694,1990,Fully Furnished,Well,Moderate,862000
Ajibode,Self Contained,1,1,39,217,2014,Semi-Furnished,Borehole,Poor,338000
Ajibode,Mini Flat,1,2,61,727,2003,Unfurnished,Borehole,Stable,478000
Apata,Mini Flat,1,2,51,424,2010,Semi-Furnished,Borehole,Moderate,483000
Agbowo,Mini Flat,1,2,64,614,2012,Unfurnished,Public,Moderate,417000
Ajibode,Room,1,1,23,202,2009,Unfurnished,Borehole,Stable,222000
Akobo,Room,1,1,19,334,2015,Semi-Furnished,Borehole,Poor,258000
Akobo,Room,1,1,25,634,2016,Unfurnished,Public,Poor,303000
Akobo,Self Contained,1,1,26,423,2003,Unfurnished,Borehole,Poor,419000
Agbowo,2 Bedroom Flat,2,2,75,398,1993,Unfurnished,Well,Moderate,597000
Ajibode,Room,1,1,22,801,2015,Unfurnished,Borehole,Moderate,201000
Ologuneru,2 Bedroom Flat,2,2,94,947,2005,Fully Furnished,Well,Poor,765000
Agbowo,Room,1,1,24,718,2009,Fully Furnished,Well,Moderate,249000
Oluyole,Room,1,1,18,353,2013,Semi-Furnished,Public,Poor,291000
Oluyole,Self Contained,1,1,34,867,1999,Unfurnished,Borehole,Poor,335000
Akobo,3 Bedroom Flat,3,3,126,268,1991,Fully Furnished,Borehole,Moderate,1908000
Agbowo,3 Bedroom Flat,3,3,126,495,1998,Unfurnished,Borehole,Poor,1122000
Agbowo,Room,1,1,21,559,2007,Unfurnished,Well,Stable,208000
Akobo,Room,1,1,24,896,2019,Fully Furnished,Well,Stable,328000
Mokola,Self Contained,1,1,37,714,1992,Unfurnished,Public,Stable,269000
Apata,Room,1,1,22,466,2018,Unfurnished,Well,Moderate,139000
Ajibode,3 Bedroom Flat,3,3,148,379,1996,Semi-Furnished,Public,Moderate,968000
Ajibode,Mini Flat,1,2,60,730,2014,Unfurnished,Borehole,Stable,511000
Apata,Self Contained,1,1,34,453,2013,Unfurnished,Borehole,Moderate,250000
Oluyole,Self Contained,1,1,39,589,1995,Semi-Furnished,Well,Stable,356000
Ring Road,Mini Flat,1,2,50,303,2004,Unfurnished,Well,Moderate,485000
Ajibode,2 Bedroom Flat,2,2,86,652,2004,Unfurnished,Well,Poor,643000
Akobo,2 Bedroom Flat,2,2,84,637,2016,Semi-Furnished,Well,Stable,901000
Oluyole,Self Contained,1,1,38,326,2010,Unfurnished,Borehole,Moderate,424000
Oluyole,Mini Flat,1,2,57,735,2021,Unfurnished,Borehole,Moderate,614000
Agbowo,3 Bedroom Flat,3,3,135,649,2021,Unfurnished,Borehole,Poor,1150000
Ajibode,Self Contained,1,1,25,683,2001,Unfurnished,Borehole,Moderate,294000
Akobo,Mini Flat,1,2,56,481,1998,Semi-Furnished,Well,Moderate,671000
Agbowo,Self Contained,1,1,25,582,2009,Fully Furnished,Well,Stable,414000
Bodija,Self Contained,1,1,34,561,2004,Semi-Furnished,Borehole,Stable,492000
Apata,Room,1,1,19,523,2002,Unfurnished,Borehole,Poor,167000
Agbowo,Room,1,1,18,580,1997,Unfurnished,Public,Moderate,202000
Mokola,Self Contained,1,1,27,776,2010,Semi-Furnished,Well,Moderate,303000
Ajibode,Self Contained,1,1,36,743,2014,Semi-Furnished,Borehole,Stable,397000
Oluyole,Self Contained,1,1,37,337,2019,Fully Furnished,Well,Moderate,463000
Ologuneru,Mini Flat,1,2,46,727,2020,Semi-Furnished,Borehole,Moderate,476000
Ajibode,Mini Flat,1,2,48,764,1995,Unfurnished,Well,Stable,470000
Ajibode,Mini Flat,1,2,56,522,2000,Unfurnished,Well,Moderate,402000
Agbowo,Self Contained,1,1,34,641,1997,Unfurnished,Borehole,Moderate,285000
Ajibode,Self Contained,1,1,29,638,1997,Unfurnished,Borehole,Stable,346000
Challenge,Mini Flat,1,2,60,397,2001,Semi-Furnished,Well,Moderate,498000
Ring Road,Mini Flat,1,2,61,481,1992,Unfurnished,Borehole,Moderate,373000
Agbowo,2 Bedroom Flat,2,2,73,685,2005,Unfurnished,Borehole,Poor,662000
Agbowo,Room,1,1,22,460,2016,Semi-Furnished,Well,Moderate,259000
Agbowo,2 Bedroom Flat,2,2,73,725,2005,Unfurnished,Borehole,Stable,818000
Oluyole,Room,1,1,28,784,1994,Unfurnished,Well,Moderate,268000
Ajibode,Room,1,1,25,755,2001,Fully Furnished,Borehole,Stable,220000
Akobo,2 Bedroom Flat,2,2,79,906,1992,Semi-Furnished,Public,Moderate,1105000
Akobo,Room,1,1,28,533,1992,Semi-Furnished,Borehole,Moderate,265000
Akobo,2 Bedroom Flat,2,2,76,581,2020,Unfurnished,Borehole,Moderate,909000
Agbowo,Self Contained,1,1,31,607,2013,Semi-Furnished,Well,Moderate,330000
Oluyole,Self Contained,1,1,32,539,2018,Unfurnished,Borehole,Moderate,400000
Ajibode,2 Bedroom Flat,2,2,70,647,2022,Unfurnished,Borehole,Moderate,753000
Ajibode,Mini Flat,1,2,63,241,2005,Unfurnished,Borehole,Moderate,493000
Ring Road,Room,1,1,27,586,2022,Unfurnished,Borehole,Poor,185000
Oluyole,3 Bedroom Flat,3,3,158,302,1999,Semi-Furnished,Borehole,Stable,1191000
Ajibode,Room,1,1,28,376,2019,Unfurnished,Well,Poor,232000
Agbowo,Mini Flat,1,2,55,681,2023,Unfurnished,Well,Moderate,542000
Ajibode,3 Bedroom Flat,3,3,115,514,1996,Fully Furnished,Borehole,Moderate,1450000
Agbowo,2 Bedroom Flat,2,2,79,675,1995,Semi-Furnished,Borehole,Stable,790000
Agbowo,Self Contained,1,1,37,510,2004,Unfurnished,Public,Poor,342000
Ajibode,3 Bedroom Flat,3,3,137,749,2021,Semi-Furnished,Borehole,Moderate,1094000
Bodija,Mini Flat,1,2,48,506,1991,Unfurnished,Borehole,Moderate,670000
Oluyole,Room,1,1,25,200,2021,Unfurnished,Well,Stable,233000
Akobo,3 Bedroom Flat,3,3,151,590,2017,Unfurnished,Well,Poor,1373000
Oluyole,Self Contained,1,1,29,200,2010,Fully Furnished,Public,Stable,623000
Ajibode,Self Contained,1,1,33,288,2006,Semi-Furnished,Well,Moderate,295000
Apata,Self Contained,1,1,28,391,2008,Unfurnished,Well,Stable,278000
Mokola,Room,1,1,27,368,2003,Unfurnished,Well,Moderate,157000
Challenge,Self Contained,1,1,31,451,2023,Unfurnished,Borehole,Moderate,186000
Mokola,Self Contained,1,1,37,362,2009,Semi-Furnished,Borehole,Moderate,313000
Apata,Room,1,1,21,296,2010,Unfurnished,Borehole,Moderate,184000
Bodija,Self Contained,1,1,39,827,1992,Semi-Furnished,Borehole,Moderate,422000
Ajibode,Room,1,1,23,427,2003,Unfurnished,Well,Moderate,208000
Akobo,2 Bedroom Flat,2,2,94,200,2010,Unfurnished,Borehole,Stable,1143000
Challenge,Room,1,1,27,485,2016,Semi-Furnished,Borehole,Stable,155000
Oluyole,Mini Flat,1,2,54,347,1996,Unfurnished,Borehole,Poor,587000
Bodija,Mini Flat,1,2,52,390,2018,Semi-Furnished,Borehole,Stable,832000
Ajibode,Mini Flat,1,2,55,677,1998,Unfurnished,Borehole,Stable,534000
Agbowo,Self Contained,1,1,38,469,2004,Unfurnished,Borehole,Poor,335000
Apata,Room,1,1,21,342,2017,Fully Furnished,Public,Moderate,199000
Akobo,Room,1,1,29,630,2004,Unfurnished,Borehole,Moderate,213000
Bodija,Room,1,1,21,756,2004,Unfurnished,Borehole,Stable,237000
Agbowo,2 Bedroom Flat,2,2,94,646,2019,Semi-Furnished,Well,Moderate,1010000
Agbowo,Room,1,1,19,200,2021,Unfurnished,Well,Moderate,210000
Ring Road,Self Contained,1,1,37,349,2001,Fully Furnished,Well,Moderate,385000
Oluyole,Room,1,1,26,558,2009,Unfurnished,Borehole,Moderate,240000
Challenge,Room,1,1,21,506,2016,Fully Furnished,Borehole,Poor,201000
Bodija,Self Contained,1,1,29,491,1991,Unfurnished,Borehole,Moderate,444000
Akobo,Duplex,4,4,272,373,2011,Unfurnished,Well,Poor,2459000
Agbowo,Self Contained,1,1,25,296,2015,Unfurnished,Well,Moderate,320000
Oluyole,Self Contained,1,1,39,911,1997,Unfurnished,Well,Moderate,409000
Agbowo,Self Contained,1,1,36,554,2015,Semi-Furnished,Well,Stable,413000
Bodija,Self Contained,1,1,35,665,2006,Semi-Furnished,Well,Moderate,417000
Akobo,Room,1,1,25,551,1996,Semi-Furnished,Borehole,Moderate,279000
Apata,Self Contained,1,1,30,558,1990,Unfurnished,Borehole,Stable,278000
Ajibode,2 Bedroom Flat,2,2,85,538,2016,Fully Furnished,Public,Stable,1016000
Mokola,Room,1,1,23,348,2015,Semi-Furnished,Public,Stable,193000
Agbowo,Room,1,1,27,277,2021,Semi-Furnished,Borehole,Moderate,199000
Bodija,Mini Flat,1,2,50,619,2003,Unfurnished,Borehole,Moderate,589000
Ajibode,Room,1,1,22,583,2008,Semi-Furnished,Public,Moderate,229000
Agbowo,Room,1,1,19,718,1998,Unfurnished,Well,Stable,202000
Bodija,Room,1,1,21,682,1990,Unfurnished,Public,Poor,187000
Ajibode,2 Bedroom Flat,2,2,70,404,2010,Unfurnished,Well,Poor,842000
Bodija,3 Bedroom Flat,3,3,148,753,2009,Unfurnished,Borehole,Poor,1466000
Apata,3 Bedroom Flat,3,3,115,687,2022,Unfurnished,Well,Moderate,878000
Ajibode,Room,1,1,29,674,2022,Fully Furnished,Public,Stable,327000
Challenge,2 Bedroom Flat,2,2,96,954,2007,Semi-Furnished,Borehole,Moderate,733000
Agbowo,Room,1,1,23,917,2006,Unfurnished,Borehole,Poor,166000
Akobo,Self Contained,1,1,37,674,2002,Semi-Furnished,Public,Moderate,471000
Agbowo,Self Contained,1,1,31,651,1998,Unfurnished,Borehole,Moderate,380000
Ajibode,Self Contained,1,1,27,744,1990,Semi-Furnished,Borehole,Stable,344000
Ajibode,3 Bedroom Flat,3,3,120,444,2012,Unfurnished,Borehole,Moderate,1179000
Ajibode,Mini Flat,1,2,61,447,2023,Unfurnished,Public,Moderate,512000
Ajibode,Self Contained,1,1,37,671,2003,Unfurnished,Borehole,Poor,310000
Oluyole,Mini Flat,1,2,60,395,2010,Fully Furnished,Well,Stable,887000
Ring Road,Mini Flat,1,2,64,656,2010,Unfurnished,Public,Moderate,532000
Mokola,Room,1,1,27,578,2017,Fully Furnished,Well,Moderate,216000
Oluyole,Self Contained,1,1,33,395,2021,Fully Furnished,Borehole,Stable,519000
Ajibode,Self Contained,1,1,31,554,2019,Unfurnished,Well,Moderate,321000
Agbowo,3 Bedroom Flat,3,3,119,784,2001,Unfurnished,Borehole,Moderate,1113000
Agbowo,2 Bedroom Flat,2,2,74,564,2018,Semi-Furnished,Well,Poor,787000
Agbowo,Room,1,1,26,565,1990,Semi-Furnished,Well,Moderate,224000
Bodija,Duplex,4,4,204,609,2015,Unfurnished,Well,Moderate,2293000
Bodija,Room,1,1,28,632,2005,Unfurnished,Well,Stable,298000
Agbowo,Self Contained,1,1,32,490,2007,Fully Furnished,Borehole,Stable,451000
Agbowo,Room,1,1,29,613,2022,Fully Furnished,Well,Poor,311000
Mokola,Self Contained,1,1,37,361,2012,Semi-Furnished,Well,Moderate,265000
Challenge,2 Bedroom Flat,2,2,91,406,1994,Unfurnished,Borehole,Stable,470000
Agbowo,2 Bedroom Flat,2,2,77,429,2010,Semi-Furnished,Public,Stable,928000
Ring Road,Room,1,1,28,634,1990,Semi-Furnished,Well,Moderate,227000
Apata,Room,1,1,29,578,2020,Fully Furnished,Borehole,Moderate,211000
Agbowo,Mini Flat,1,2,50,525,2007,Semi-Furnished,Borehole,Moderate,628000
Agbowo,Room,1,1,24,674,2010,Unfurnished,Well,Moderate,199000
Bodija,2 Bedroom Flat,2,2,77,618,1996,Unfurnished,Well,Moderate,915000
Apata,Mini Flat,1,2,52,497,1990,Unfurnished,Borehole,Moderate,428000
Ring Road,Mini Flat,1,2,53,363,2012,Semi-Furnished,Borehole,Stable,406000
Ajibode,Mini Flat,1,2,52,402,2016,Unfurnished,Borehole,Stable,503000
Agbowo,Self Contained,1,1,36,285,1991,Unfurnished,Borehole,Poor,263000
Bodija,Room,1,1,23,575,2023,Unfurnished,Borehole,Stable,286000
Bodija,2 Bedroom Flat,2,2,72,394,2005,Unfurnished,Public,Moderate,1219000
Ajibode,Self Contained,1,1,27,460,1999,Semi-Furnished,Well,Stable,299000
Mokola,Mini Flat,1,2,54,527,2009,Semi-Furnished,Borehole,Poor,515000
Oluyole,Room,1,1,22,737,2014,Semi-Furnished,Borehole,Stable,203000
Mokola,Room,1,1,19,717,1993,Unfurnished,Borehole,Poor,174000
Mokola,Self Contained,1,1,36,540,2021,Unfurnished,Borehole,Moderate,242000
Challenge,2 Bedroom Flat,2,2,89,777,2017,Semi-Furnished,Well,Moderate,625000
Agbowo,Self Contained,1,1,39,200,2002,Fully Furnished,Well,Stable,465000
Akobo,Mini Flat,1,2,56,887,1994,Semi-Furnished,Borehole,Poor,870000
Ajibode,Room,1,1,18,674,2006,Fully Furnished,Borehole,Poor,260000
Oluyole,Room,1,1,18,568,1996,Semi-Furnished,Borehole,Stable,228000
Ajibode,Mini Flat,1,2,54,389,1999,Unfurnished,Borehole,Stable,501000
Oluyole,Duplex,4,4,212,471,2016,Unfurnished,Well,Poor,2686000
Agbowo,Room,1,1,21,659,2012,Unfurnished,Borehole,Moderate,219000
Ajibode,Self Contained,1,1,36,663,2005,Unfurnished,Borehole,Stable,253000
Ajibode,Self Contained,1,1,30,670,2016,Unfurnished,Well,Moderate,310000
Ajibode,Self Contained,1,1,38,418,2004,Unfurnished,Borehole,Poor,305000
Oluyole,Self Contained,1,1,39,382,1995,Semi-Furnished,Well,Poor,398000
Oluyole,Self Contained,1,1,34,585,2013,Semi-Furnished,Well,Poor,394000
Bodija,Mini Flat,1,2,62,688,2012,Fully Furnished,Public,Moderate,1023000
Ajibode,Room,1,1,29,550,1994,Semi-Furnished,Borehole,Poor,249000
Ajibode,2 Bedroom Flat,2,2,95,816,1996,Unfurnished,Well,Stable,777000
Ajibode,Mini Flat,1,2,61,555,2011,Unfurnished,Public,Moderate,425000
Ajibode,3 Bedroom Flat,3,3,138,549,2018,Unfurnished,Well,Stable,1075000
Ring Road,2 Bedroom Flat,2,2,79,670,2020,Unfurnished,Public,Poor,734000
Agbowo,2 Bedroom Flat,2,2,70,769,2023,Unfurnished,Borehole,Stable,776000
Agbowo,Room,1,1,22,307,2008,Fully Furnished,Public,Stable,291000
Ajibode,2 Bedroom Flat,2,2,72,348,2023,Semi-Furnished,Borehole,Moderate,690000
Agbowo,Self Contained,1,1,26,493,2019,Semi-Furnished,Borehole,Poor,355000
Bodija,Self Contained,1,1,33,1118,2008,Semi-Furnished,Well,Moderate,515000
Akobo,2 Bedroom Flat,2,2,82,502,2007,Unfurnished,Well,Poor,877000
Agbowo,Self Contained,1,1,28,528,1990,Unfurnished,Well,Poor,227000
Ajibode,Duplex,4,4,192,661,2005,Unfurnished,Borehole,Poor,2333000
Agbowo,Mini Flat,1,2,46,725,2017,Unfurnished,Borehole,Moderate,531000
Agbowo,2 Bedroom Flat,2,2,73,580,2000,Semi-Furnished,Public,Stable,835000
Ajibode,2 Bedroom Flat,2,2,84,759,2021,Unfurnished,Borehole,Moderate,672000
Apata,Self Contained,1,1,34,335,2015,Fully Furnished,Borehole,Moderate,228000
Akobo,2 Bedroom Flat,2,2,80,412,1999,Semi-Furnished,Borehole,Moderate,1220000
Bodija,Self Contained,1,1,36,759,2012,Unfurnished,Borehole,Stable,416000
Agbowo,Self Contained,1,1,29,551,2022,Fully Furnished,Borehole,Stable,423000
Agbowo,Duplex,4,4,199,322,2003,Unfurnished,Public,Stable,2047000
Bodija,Mini Flat,1,2,51,311,1998,Unfurnished,Borehole,Stable,765000
Oluyole,Mini Flat,1,2,61,404,2003,Unfurnished,Public,Moderate,652000
Oluyole,Duplex,4,4,268,550,1991,Fully Furnished,Borehole,Moderate,4235000
Ajibode,Mini Flat,1,2,56,634,2000,Unfurnished,Public,Stable,657000
Bodija,Room,1,1,29,490,2003,Fully Furnished,Borehole,Moderate,363000
Agbowo,Mini Flat,1,2,46,619,2014,Unfurnished,Borehole,Moderate,670000
Ring Road,Mini Flat,1,2,49,471,2022,Semi-Furnished,Borehole,Poor,602000
Akobo,Mini Flat,1,2,51,770,1998,Unfurnished,Borehole,Moderate,592000
Bodija,3 Bedroom Flat,3,3,130,1009,2002,Fully Furnished,Borehole,Moderate,1804000
Ajibode,Mini Flat,1,2,54,479,1999,Fully Furnished,Borehole,Poor,770000
Akobo,Duplex,4,4,236,636,2022,Semi-Furnished,Well,Poor,3692000
Ajibode,2 Bedroom Flat,2,2,71,621,1998,Fully Furnished,Public,Stable,925000
Agbowo,3 Bedroom Flat,3,3,113,574,2002,Unfurnished,Borehole,Poor,1138000
Ajibode,Self Contained,1,1,27,667,2013,Unfurnished,Public,Poor,272000
Oluyole,Room,1,1,21,636,2006,Unfurnished,Borehole,Moderate,241000
Ajibode,Self Contained,1,1,26,465,2022,Unfurnished,Borehole,Moderate,324000
Agbowo,2 Bedroom Flat,2,2,87,786,2012,Unfurnished,Borehole,Stable,806000
Ring Road,2 Bedroom Flat,2,2,81,586,2016,Unfurnished,Borehole,Poor,766000
Ajibode,Mini Flat,1,2,49,480,2015,Unfurnished,Well,Poor,515000
Bodija,Self Contained,1,1,28,989,2013,Semi-Furnished,Borehole,Moderate,637000
Agbowo,Room,1,1,29,529,2000,Semi-Furnished,Well,Moderate,204000
Ajibode,Room,1,1,27,595,2018,Semi-Furnished,Public,Moderate,262000
Challenge,Self Contained,1,1,27,581,1994,Semi-Furnished,Borehole,Poor,309000
Ajibode,Self Contained,1,1,32,526,2013,Semi-Furnished,Borehole,Moderate,355000
Bodija,Duplex,4,4,267,630,1998,Unfurnished,Public,Stable,2922000
Akobo,Self Contained,1,1,31,397,1999,Unfurnished,Borehole,Stable,474000
Akobo,Self Contained,1,1,32,657,2000,Unfurnished,Borehole,Moderate,423000
Oluyole,Self Contained,1,1,25,233,2020,Fully Furnished,Borehole,Stable,538000
Agbowo,Room,1,1,27,316,1992,Fully Furnished,Borehole,Stable,284000
Ajibode,Room,1,1,27,878,2014,Fully Furnished,Well,Stable,276000
Oluyole,Mini Flat,1,2,57,323,2016,Unfurnished,Borehole,Stable,648000
Bodija,Mini Flat,1,2,60,200,1990,Unfurnished,Borehole,Moderate,752000
Mokola,3 Bedroom Flat,3,3,126,328,2005,Unfurnished,Well,Stable,1098000
Mokola,Self Contained,1,1,32,863,2004,Fully Furnished,Borehole,Stable,400000
Mokola,Mini Flat,1,2,58,227,2023,Fully Furnished,Well,Poor,558000
Bodija,2 Bedroom Flat,2,2,82,377,2000,Unfurnished,Borehole,Poor,873000
Agbowo,Mini Flat,1,2,62,287,1998,Unfurnished,Borehole,Stable,520000
Challenge,Room,1,1,29,500,2013,Unfurnished,Borehole,Moderate,140000
Bodija,2 Bedroom Flat,2,2,75,471,2011,Unfurnished,Borehole,Moderate,1163000
Ajibode,Mini Flat,1,2,55,463,1996,Unfurnished,Public,Moderate,475000
Mokola,Mini Flat,1,2,62,884,2019,Fully Furnished,Borehole,Moderate,635000
Ring Road,Room,1,1,27,334,2018,Semi-Furnished,Well,Moderate,231000
Bodija,3 Bedroom Flat,3,3,157,531,1998,Fully Furnished,Well,Moderate,1944000
Ajibode,Mini Flat,1,2,64,610,1990,Unfurnished,Public,Stable,534000
Agbowo,Room,1,1,18,373,1992,Unfurnished,Borehole,Moderate,165000
Challenge,Self Contained,1,1,37,637,1994,Semi-Furnished,Borehole,Stable,375000
Ring Road,Room,1,1,27,478,2000,Unfurnished,Well,Poor,176000
Ajibode,Room,1,1,18,617,1993,Unfurnished,Well,Moderate,192000
Ajibode,Mini Flat,1,2,48,530,2022,Unfurnished,Well,Moderate,561000
Ring Road,Mini Flat,1,2,54,200,2022,Unfurnished,Borehole,Moderate,553000
Agbowo,Self Contained,1,1,39,785,2009,Fully Furnished,Well,Poor,481000
Bodija,Room,1,1,26,922,2009,Unfurnished,Borehole,Moderate,213000
Ologuneru,Self Contained,1,1,25,518,2023,Unfurnished,Public,Poor,285000
Ajibode,Room,1,1,27,388,2010,Fully Furnished,Well,Stable,283000
Akobo,Room,1,1,24,821,1996,Semi-Furnished,Well,Moderate,325000
Ajibode,Room,1,1,22,890,2005,Unfurnished,Borehole,Moderate,237000
Agbowo,Mini Flat,1,2,60,519,2021,Unfurnished,Borehole,Moderate,516000
Challenge,Mini Flat,1,2,63,510,2000,Unfurnished,Well,Poor,341000
Agbowo,Self Contained,1,1,31,535,2018,Unfurnished,Borehole,Poor,293000
Ologuneru,Mini Flat,1,2,51,248,2023,Unfurnished,Borehole,Stable,463000
Bodija,Room,1,1,23,497,1999,Semi-Furnished,Borehole,Poor,369000
Agbowo,2 Bedroom Flat,2,2,72,858,1992,Unfurnished,Borehole,Poor,772000
Agbowo,Self Contained,1,1,39,519,2011,Unfurnished,Borehole,Poor,316000
Agbowo,Room,1,1,25,362,2021,Unfurnished,Well,Poor,171000
Agbowo,Self Contained,1,1,38,639,2009,Unfurnished,Borehole,Poor,333000
Ajibode,Self Contained,1,1,28,429,1991,Unfurnished,Borehole,Poor,287000
Agbowo,2 Bedroom Flat,2,2,87,538,1997,Unfurnished,Public,Poor,769000
Bodija,Mini Flat,1,2,58,321,2014,Unfurnished,Borehole,Stable,769000
Oluyole,Room,1,1,27,363,2000,Unfurnished,Well,Poor,285000
Akobo,Mini Flat,1,2,64,682,2013,Unfurnished,Well,Moderate,592000
Oluyole,Room,1,1,23,570,2015,Semi-Furnished,Borehole,Stable,287000
Ajibode,Self Contained,1,1,26,410,1994,Semi-Furnished,Borehole,Poor,325000
Ajibode,2 Bedroom Flat,2,2,99,571,2004,Fully Furnished,Borehole,Stable,999000
Oluyole,Room,1,1,18,440,2003,Fully Furnished,Borehole,Poor,359000
Bodija,Mini Flat,1,2,60,408,2007,Semi-Furnished,Well,Poor,981000
Ajibode,Self Contained,1,1,25,759,2001,Semi-Furnished,Borehole,Moderate,371000
Challenge,Room,1,1,29,690,1992,Unfurnished,Well,Poor,197000
Challenge,2 Bedroom Flat,2,2,98,546,2022,Unfurnished,Well,Poor,688000
Bodija,Mini Flat,1,2,50,575,1993,Fully Furnished,Well,Moderate,896000
Ajibode,Room,1,1,27,548,2015,Unfurnished,Well,Moderate,172000
Challenge,Room,1,1,23,637,2010,Unfurnished,Borehole,Moderate,190000
Akobo,Self Contained,1,1,28,406,2005,Semi-Furnished,Well,Stable,517000
Challenge,Mini Flat,1,2,48,705,2012,Semi-Furnished,Well,Moderate,452000
Challenge,2 Bedroom Flat,2,2,93,613,2013,Unfurnished,Borehole,Stable,729000
Challenge,Self Contained,1,1,33,502,1998,Fully Furnished,Borehole,Poor,362000
Bodija,Room,1,1,26,462,2008,Fully Furnished,Borehole,Stable,372000
Ajibode,Room,1,1,20,701,2016,Unfurnished,Borehole,Poor,184000
Oluyole,Room,1,1,18,522,2020,Unfurnished,Borehole,Moderate,258000
Akobo,2 Bedroom Flat,2,2,91,424,1990,Unfurnished,Well,Moderate,1093000
Challenge,Room,1,1,25,480,2002,Semi-Furnished,Borehole,Moderate,192000
Ajibode,Self Contained,1,1,34,688,1993,Semi-Furnished,Borehole,Moderate,386000
Ajibode,Room,1,1,23,260,2014,Semi-Furnished,Well,Stable,189000
Ring Road,Self Contained,1,1,30,486,1999,Fully Furnished,Borehole,Poor,384000
Challenge,Mini Flat,1,2,51,742,2012,Unfurnished,Well,Poor,443000
Ring Road,Mini Flat,1,2,59,519,2019,Fully Furnished,Well,Stable,830000
Challenge,Room,1,1,24,599,2003,Unfurnished,Borehole,Poor,166000
Akobo,Room,1,1,26,745,2021,Semi-Furnished,Public,Poor,294000
Akobo,Room,1,1,29,710,2019,Semi-Furnished,Public,Moderate,279000
Ring Road,Room,1,1,19,470,1994,Unfurnished,Well,Moderate,205000
Akobo,Self Contained,1,1,26,526,2004,Unfurnished,Borehole,Moderate,268000
Akobo,2 Bedroom Flat,2,2,89,712,2006,Unfurnished,Well,Moderate,884000
Ajibode,Room,1,1,27,719,2022,Semi-Furnished,Well,Poor,189000
Bodija,Room,1,1,21,534,2001,Semi-Furnished,Borehole,Moderate,293000
Oluyole,Self Contained,1,1,28,540,2014,Unfurnished,Public,Moderate,450000
Agbowo,2 Bedroom Flat,2,2,86,598,2008,Semi-Furnished,Public,Moderate,757000
Ajibode,Mini Flat,1,2,52,796,2012,Unfurnished,Borehole,Moderate,467000
Agbowo,Room,1,1,23,742,1994,Unfurnished,Well,Moderate,224000
Agbowo,Self Contained,1,1,35,674,2010,Fully Furnished,Well,Stable,441000
Ajibode,Mini Flat,1,2,48,355,2003,Unfurnished,Well,Stable,493000
Agbowo,Self Contained,1,1,39,500,1995,Fully Furnished,Borehole,Poor,383000
Ring Road,2 Bedroom Flat,2,2,75,509,2008,Unfurnished,Well,Poor,670000
Bodija,Room,1,1,23,805,1993,Fully Furnished,Borehole,Stable,384000
Ajibode,Self Contained,1,1,33,507,2013,Unfurnished,Borehole,Moderate,318000
Ajibode,Mini Flat,1,2,51,775,2015,Unfurnished,Public,Poor,489000
Oluyole,Duplex,4,4,192,447,2008,Fully Furnished,Well,Poor,2788000
Agbowo,Room,1,1,20,461,2021,Semi-Furnished,Borehole,Moderate,248000
Mokola,Mini Flat,1,2,53,636,1991,Unfurnished,Public,Stable,450000
Akobo,Self Contained,1,1,28,832,2022,Unfurnished,Borehole,Stable,442000
Challenge,Mini Flat,1,2,51,511,1999,Fully Furnished,Public,Moderate,556000
Agbowo,Self Contained,1,1,28,200,2022,Semi-Furnished,Borehole,Moderate,393000
Oluyole,2 Bedroom Flat,2,2,98,268,2012,Semi-Furnished,Public,Moderate,989000
Agbowo,Room,1,1,22,603,2023,Unfurnished,Borehole,Moderate,192000
Apata,2 Bedroom Flat,2,2,91,284,2019,Semi-Furnished,Well,Poor,706000
Akobo,Self Contained,1,1,25,394,1994,Unfurnished,Public,Poor,394000
Agbowo,2 Bedroom Flat,2,2,97,552,2010,Unfurnished,Borehole,Poor,684000
Agbowo,Room,1,1,18,200,2005,Unfurnished,Borehole,Moderate,218000
Ajibode,Room,1,1,28,481,1996,Fully Furnished,Borehole,Poor,264000
Oluyole,Self Contained,1,1,29,340,1998,Semi-Furnished,Well,Poor,467000
Ajibode,Mini Flat,1,2,63,280,2013,Fully Furnished,Borehole,Poor,733000
Akobo,2 Bedroom Flat,2,2,85,405,2015,Unfurnished,Public,Moderate,991000
Agbowo,Self Contained,1,1,36,357,2021,Semi-Furnished,Well,Moderate,357000
Oluyole,Self Contained,1,1,33,634,2016,Unfurnished,Borehole,Poor,433000
Mokola,3 Bedroom Flat,3,3,129,765,2008,Semi-Furnished,Borehole,Stable,1001000
Challenge,Mini Flat,1,2,46,484,1997,Unfurnished,Public,Poor,362000
Challenge,Self Contained,1,1,39,442,1995,Unfurnished,Public,Moderate,256000
Ajibode,Mini Flat,1,2,56,475,2008,Unfurnished,Public,Poor,571000
Ajibode,Room,1,1,19,350,2012,Unfurnished,Public,Stable,235000
Oluyole,Self Contained,1,1,37,318,1991,Fully Furnished,Well,Stable,561000
Agbowo,Self Contained,1,1,37,253,1992,Unfurnished,Public,Moderate,299000
Agbowo,Room,1,1,22,310,1991,Semi-Furnished,Borehole,Moderate,234000
Ajibode,Room,1,1,23,843,2002,Unfurnished,Borehole,Moderate,203000
Agbowo,Room,1,1,23,425,2021,Unfurnished,Borehole,Moderate,227000
Ajibode,2 Bedroom Flat,2,2,86,200,2014,Unfurnished,Borehole,Moderate,780000
Ring Road,Mini Flat,1,2,53,444,2002,Unfurnished,Well,Moderate,570000
Agbowo,Self Contained,1,1,31,263,2019,Unfurnished,Borehole,Moderate,323000
Bodija,2 Bedroom Flat,2,2,81,560,2008,Unfurnished,Borehole,Poor,1118000
Ajibode,Room,1,1,19,541,2013,Semi-Furnished,Borehole,Stable,194000
Oluyole,Mini Flat,1,2,53,560,2022,Unfurnished,Borehole,Moderate,552000
Agbowo,Mini Flat,1,2,54,542,2002,Unfurnished,Public,Moderate,489000
Ring Road,Room,1,1,20,482,2020,Unfurnished,Borehole,Stable,161000
Ring Road,2 Bedroom Flat,2,2,95,287,1997,Unfurnished,Well,Moderate,672000
Agbowo,Mini Flat,1,2,45,536,2019,Unfurnished,Borehole,Moderate,456000
Ring Road,Self Contained,1,1,36,733,2008,Semi-Furnished,Borehole,Stable,352000
Ologuneru,Self Contained,1,1,35,876,2021,Semi-Furnished,Borehole,Stable,305000
Mokola,Self Contained,1,1,34,507,2019,Unfurnished,Borehole,Poor,269000
Mokola,Self Contained,1,1,32,526,2006,Unfurnished,Public,Moderate,236000
Agbowo,Room,1,1,26,640,2023,Unfurnished,Borehole,Moderate,208000
Akobo,Self Contained,1,1,35,818,2005,Unfurnished,Public,Poor,384000
Ajibode,2 Bedroom Flat,2,2,87,462,1995,Unfurnished,Borehole,Moderate,691000
Ajibode,Self Contained,1,1,32,674,1991,Unfurnished,Well,Poor,287000
Ologuneru,Room,1,1,21,401,1994,Fully Furnished,Borehole,Moderate,255000
Agbowo,2 Bedroom Flat,2,2,94,609,2008,Unfurnished,Borehole,Moderate,879000
Challenge,Self Contained,1,1,28,724,1990,Semi-Furnished,Borehole,Moderate,312000
Challenge,Room,1,1,23,317,2014,Fully Furnished,Borehole,Stable,246000
Mokola,Self Contained,1,1,34,455,2005,Unfurnished,Public,Poor,262000
Ologuneru,Room,1,1,25,721,2019,Semi-Furnished,Public,Poor,152000
Agbowo,Mini Flat,1,2,47,660,2019,Unfurnished,Borehole,Stable,535000
Ajibode,Mini Flat,1,2,60,736,1999,Unfurnished,Well,Moderate,416000
Agbowo,Room,1,1,21,702,2013,Fully Furnished,Borehole,Moderate,289000
Ajibode,Room,1,1,28,488,2010,Unfurnished,Borehole,Moderate,206000
Ajibode,Self Contained,1,1,36,945,2004,Unfurnished,Well,Moderate,336000
Agbowo,Room,1,1,18,574,1994,Semi-Furnished,Borehole,Stable,229000
Challenge,2 Bedroom Flat,2,2,99,200,2011,Unfurnished,Borehole,Poor,530000
Akobo,Mini Flat,1,2,55,499,1997,Unfurnished,Well,Poor,572000
Agbowo,Room,1,1,28,465,2020,Unfurnished,Public,Moderate,177000
Akobo,Self Contained,1,1,36,693,1990,Unfurnished,Public,Stable,432000
Agbowo,Self Contained,1,1,36,468,2009,Unfurnished,Borehole,Stable,312000
Ajibode,Self Contained,1,1,25,747,2017,Unfurnished,Well,Moderate,304000
Challenge,Mini Flat,1,2,63,650,2020,Unfurnished,Borehole,Poor,512000
Akobo,Self Contained,1,1,32,369,2013,Unfurnished,Well,Moderate,400000
Challenge,Self Contained,1,1,29,524,1996,Semi-Furnished,Public,Poor,294000
Ajibode,Self Contained,1,1,35,410,1991,Unfurnished,Borehole,Moderate,289000
Mokola,Self Contained,1,1,36,583,1998,Semi-Furnished,Borehole,Moderate,336000
Akobo,Room,1,1,22,409,2008,Fully Furnished,Borehole,Poor,347000
Akobo,Mini Flat,1,2,51,563,2014,Semi-Furnished,Borehole,Moderate,699000
Akobo,Room,1,1,23,500,2012,Semi-Furnished,Borehole,Moderate,344000
Mokola,Room,1,1,23,522,1999,Semi-Furnished,Well,Poor,218000
Akobo,2 Bedroom Flat,2,2,76,919,2012,Unfurnished,Borehole,Poor,878000
Akobo,Room,1,1,27,485,2022,Unfurnished,Public,Stable,294000
Ologuneru,Mini Flat,1,2,51,201,2008,Semi-Furnished,Public,Moderate,543000
Challenge,Room,1,1,25,732,2023,Unfurnished,Borehole,Stable,136000
Bodija,Duplex,4,4,288,731,1992,Semi-Furnished,Borehole,Moderate,3609000
Oluyole,Duplex,4,4,216,200,1996,Semi-Furnished,Borehole,Stable,2802000
Agbowo,Self Contained,1,1,35,423,1990,Unfurnished,Well,Moderate,324000
Agbowo,2 Bedroom Flat,2,2,78,628,1990,Semi-Furnished,Well,Moderate,949000
Akobo,2 Bedroom Flat,2,2,74,644,2019,Unfurnished,Well,Poor,1039000
Apata,Room,1,1,21,549,2021,Unfurnished,Well,Poor,141000
Apata,Self Contained,1,1,39,553,2008,Fully Furnished,Well,Poor,309000
Agbowo,Room,1,1,29,381,1999,Semi-Furnished,Public,Stable,248000
Bodija,Room,1,1,25,200,2022,Semi-Furnished,Borehole,Moderate,328000
Ajibode,Self Contained,1,1,30,918,1993,Semi-Furnished,Borehole,Moderate,332000
Ologuneru,Self Contained,1,1,28,375,2009,Fully Furnished,Well,Moderate,362000
Ologuneru,Self Contained,1,1,39,581,2004,Unfurnished,Borehole,Moderate,266000
Akobo,Room,1,1,25,521,2019,Semi-Furnished,Well,Moderate,265000
Challenge,Self Contained,1,1,33,711,1996,Unfurnished,Well,Moderate,314000
Oluyole,3 Bedroom Flat,3,3,139,570,2007,Unfurnished,Public,Poor,1359000
Akobo,Self Contained,1,1,37,577,2019,Unfurnished,Borehole,Stable,486000
Ajibode,Mini Flat,1,2,58,200,1997,Semi-Furnished,Public,Stable,664000
Bodija,Room,1,1,28,399,2010,Unfurnished,Borehole,Poor,230000
Oluyole,Mini Flat,1,2,53,684,1996,Unfurnished,Borehole,Moderate,578000
Oluyole,Self Contained,1,1,32,667,1994,Unfurnished,Borehole,Moderate,354000
Agbowo,2 Bedroom Flat,2,2,70,378,2021,Fully Furnished,Borehole,Poor,877000
Apata,Room,1,1,22,265,2005,Semi-Furnished,Well,Stable,181000
Ajibode,Mini Flat,1,2,45,572,2015,Fully Furnished,Borehole,Poor,561000
Bodija,Self Contained,1,1,31,200,2016,Unfurnished,Borehole,Moderate,489000
Oluyole,Self Contained,1,1,32,343,2017,Semi-Furnished,Borehole,Moderate,571000
Oluyole,Self Contained,1,1,39,866,2022,Unfurnished,Borehole,Moderate,402000
Akobo,2 Bedroom Flat,2,2,71,810,1991,Fully Furnished,Borehole,Moderate,1005000
Agbowo,Room,1,1,24,637,2004,Unfurnished,Borehole,Stable,219000
Ajibode,Mini Flat,1,2,62,605,1996,Semi-Furnished,Public,Moderate,656000
Akobo,Room,1,1,27,200,2009,Semi-Furnished,Borehole,Moderate,389000
Akobo,3 Bedroom Flat,3,3,118,416,2002,Semi-Furnished,Public,Stable,1443000
Ajibode,2 Bedroom Flat,2,2,83,496,2021,Semi-Furnished,Well,Stable,764000
Oluyole,Mini Flat,1,2,52,420,2018,Unfurnished,Borehole,Stable,534000
Bodija,Self Contained,1,1,34,486,1993,Unfurnished,Well,Moderate,489000
Oluyole,Self Contained,1,1,25,783,2008,Semi-Furnished,Borehole,Poor,395000
Mokola,Self Contained,1,1,39,452,1999,Unfurnished,Well,Moderate,330000
Ajibode,Mini Flat,1,2,49,488,2001,Semi-Furnished,Borehole,Stable,520000
Ajibode,Self Contained,1,1,27,683,2011,Unfurnished,Borehole,Moderate,328000
Challenge,2 Bedroom Flat,2,2,90,294,2016,Unfurnished,Borehole,Moderate,808000
Akobo,Self Contained,1,1,37,398,2006,Fully Furnished,Well,Moderate,508000
Oluyole,2 Bedroom Flat,2,2,95,417,1995,Unfurnished,Borehole,Poor,1035000
Mokola,Room,1,1,26,560,2003,Unfurnished,Well,Moderate,160000
Challenge,Room,1,1,26,487,2022,Semi-Furnished,Well,Poor,219000
Ologuneru,Room,1,1,24,493,2017,Semi-Furnished,Borehole,Stable,201000
Bodija,Room,1,1,26,430,1996,Unfurnished,Well,Moderate,257000
Bodija,2 Bedroom Flat,2,2,96,357,2000,Unfurnished,Well,Stable,865000
Agbowo,2 Bedroom Flat,2,2,80,659,2022,Unfurnished,Well,Stable,828000
Ajibode,Mini Flat,1,2,46,489,1992,Unfurnished,Borehole,Moderate,432000
Akobo,Room,1,1,18,661,2011,Unfurnished,Well,Stable,258000
Agbowo,Room,1,1,24,349,2002,Semi-Furnished,Borehole,Poor,255000
Apata,Self Contained,1,1,30,430,2018,Unfurnished,Borehole,Stable,194000
Akobo,Mini Flat,1,2,63,510,1995,Unfurnished,Borehole,Poor,607000
Akobo,Room,1,1,26,526,2017,Unfurnished,Public,Poor,255000
Agbowo,Self Contained,1,1,28,685,2004,Fully Furnished,Borehole,Moderate,398000
Ajibode,Self Contained,1,1,27,472,2013,Unfurnished,Borehole,Poor,364000
Ajibode,Mini Flat,1,2,58,684,2015,Unfurnished,Borehole,Poor,461000
Agbowo,Mini Flat,1,2,61,617,1990,Semi-Furnished,Borehole,Moderate,663000
Ajibode,Room,1,1,24,530,2015,Unfurnished,Borehole,Moderate,227000
Akobo,Room,1,1,24,378,2020,Fully Furnished,Borehole,Moderate,365000
Ring Road,2 Bedroom Flat,2,2,96,686,2012,Unfurnished,Public,Poor,662000
Ring Road,2 Bedroom Flat,2,2,85,383,2021,Unfurnished,Well,Stable,696000
Akobo,Self Contained,1,1,26,546,1990,Semi-Furnished,Borehole,Moderate,413000
Ajibode,2 Bedroom Flat,2,2,71,540,2007,Unfurnished,Well,Moderate,727000
Mokola,Room,1,1,27,512,2006,Unfurnished,Borehole,Stable,163000
Ring Road,Self Contained,1,1,33,479,2017,Unfurnished,Borehole,Stable,300000
Ajibode,Mini Flat,1,2,51,402,1990,Semi-Furnished,Public,Stable,621000
Oluyole,Room,1,1,18,258,1994,Fully Furnished,Borehole,Moderate,265000
Agbowo,Self Contained,1,1,35,802,1994,Unfurnished,Well,Stable,379000
Challenge,2 Bedroom Flat,2,2,95,461,1991,Unfurnished,Well,Moderate,594000
Ologuneru,Room,1,1,26,526,2000,Semi-Furnished,Well,Stable,179000
Ajibode,Room,1,1,22,525,2019,Semi-Furnished,Well,Stable,264000
Ring Road,Mini Flat,1,2,49,747,2021,Semi-Furnished,Borehole,Moderate,572000
Akobo,Mini Flat,1,2,57,897,1997,Semi-Furnished,Borehole,Moderate,734000
Ologuneru,Room,1,1,18,578,1991,Fully Furnished,Borehole,Moderate,204000
Bodija,Self Contained,1,1,35,521,2014,Unfurnished,Borehole,Moderate,432000
Mokola,Self Contained,1,1,37,347,2008,Fully Furnished,Well,Poor,416000
Ajibode,Room,1,1,27,290,1996,Semi-Furnished,Well,Stable,240000
Agbowo,Mini Flat,1,2,61,230,2003,Fully Furnished,Borehole,Moderate,728000
Ajibode,Room,1,1,22,406,1993,Unfurnished,Well,Poor,192000
Ologuneru,Mini Flat,1,2,53,200,2022,Unfurnished,Borehole,Poor,415000
Mokola,Mini Flat,1,2,64,744,2019,Unfurnished,Borehole,Poor,519000
Mokola,Room,1,1,18,626,2009,Fully Furnished,Borehole,Poor,218000
Apata,Mini Flat,1,2,63,504,2003,Semi-Furnished,Borehole,Moderate,507000
Ajibode,Room,1,1,19,749,2016,Semi-Furnished,Borehole,Moderate,244000
Agbowo,Mini Flat,1,2,53,357,2002,Unfurnished,Well,Stable,488000
Ajibode,Room,1,1,21,402,1996,Unfurnished,Public,Moderate,160000
Ajibode,Self Contained,1,1,31,201,2007,Unfurnished,Borehole,Moderate,331000
Agbowo,Self Contained,1,1,29,689,1998,Unfurnished,Borehole,Stable,355000
Bodija,Self Contained,1,1,35,404,2012,Unfurnished,Borehole,Stable,527000
Agbowo,Mini Flat,1,2,47,552,2020,Unfurnished,Borehole,Poor,432000
Ajibode,Mini Flat,1,2,52,730,1991,Unfurnished,Well,Stable,492000
Ajibode,Room,1,1,26,796,1994,Unfurnished,Well,Poor,212000
Ajibode,Room,1,1,23,544,2012,Semi-Furnished,Borehole,Moderate,212000
Ologuneru,Duplex,4,4,239,619,2021,Unfurnished,Well,Moderate,1497000
Challenge,Self Contained,1,1,34,387,2005,Fully Furnished,Well,Moderate,422000
Ologuneru,2 Bedroom Flat,2,2,74,853,2000,Unfurnished,Public,Stable,759000
Agbowo,Self Contained,1,1,26,520,2003,Semi-Furnished,Borehole,Moderate,365000
Agbowo,Mini Flat,1,2,55,564,1992,Unfurnished,Borehole,Poor,516000
Challenge,Room,1,1,25,476,1997,Unfurnished,Borehole,Moderate,214000
Agbowo,Self Contained,1,1,38,765,2004,Fully Furnished,Well,Moderate,472000
Agbowo,Mini Flat,1,2,62,585,1998,Unfurnished,Borehole,Moderate,550000
Agbowo,Self Contained,1,1,26,686,2005,Semi-Furnished,Borehole,Poor,395000
Ajibode,Mini Flat,1,2,60,613,2015,Unfurnished,Borehole,Poor,518000
Agbowo,2 Bedroom Flat,2,2,75,510,2021,Unfurnished,Public,Moderate,638000
Agbowo,2 Bedroom Flat,2,2,95,717,2007,Unfurnished,Borehole,Poor,670000
Oluyole,Room,1,1,20,612,1997,Unfurnished,Borehole,Stable,293000
Ajibode,2 Bedroom Flat,2,2,98,377,2021,Unfurnished,Borehole,Moderate,794000
Ajibode,Self Contained,1,1,25,371,1999,Semi-Furnished,Borehole,Poor,373000
Challenge,Room,1,1,29,576,2001,Semi-Furnished,Well,Stable,180000
Ajibode,2 Bedroom Flat,2,2,96,713,2001,Semi-Furnished,Borehole,Moderate,761000
Agbowo,Room,1,1,23,845,1999,Fully Furnished,Well,Stable,343000
Mokola,Self Contained,1,1,27,230,2023,Semi-Furnished,Well,Moderate,311000
Ajibode,Self Contained,1,1,27,554,2019,Unfurnished,Well,Poor,319000
Ajibode,Self Contained,1,1,39,638,2020,Semi-Furnished,Borehole,Moderate,323000
Bodija,Room,1,1,26,603,2014,Semi-Furnished,Public,Poor,381000
Agbowo,2 Bedroom Flat,2,2,99,731,2013,Fully Furnished,Borehole,Stable,1245000
Akobo,2 Bedroom Flat,2,2,90,667,2022,Unfurnished,Well,Stable,1139000
Challenge,Room,1,1,24,372,1998,Unfurnished,Public,Poor,176000
Ajibode,3 Bedroom Flat,3,3,122,367,2014,Semi-Furnished,Well,Poor,1270000
Akobo,Room,1,1,24,606,2009,Unfurnished,Well,Moderate,304000
Bodija,Room,1,1,21,728,2006,Unfurnished,Borehole,Stable,279000
Ajibode,Mini Flat,1,2,59,575,1995,Fully Furnished,Well,Moderate,717000
Akobo,Room,1,1,21,265,2009,Unfurnished,Well,Moderate,292000
Agbowo,Room,1,1,27,361,2015,Fully Furnished,Borehole,Moderate,295000
Bodija,Room,1,1,23,674,2001,Unfurnished,Well,Stable,261000
Ajibode,Self Contained,1,1,32,487,1996,Semi-Furnished,Borehole,Moderate,282000
Bodija,Room,1,1,25,571,2019,Unfurnished,Borehole,Poor,347000
Agbowo,Mini Flat,1,2,46,741,2011,Unfurnished,Borehole,Moderate,580000
Mokola,Room,1,1,27,333,2018,Semi-Furnished,Well,Moderate,190000
Ajibode,Self Contained,1,1,33,475,2011,Unfurnished,Well,Poor,283000
Agbowo,2 Bedroom Flat,2,2,87,455,2013,Unfurnished,Borehole,Stable,675000
Bodija,Self Contained,1,1,31,613,1992,Fully Furnished,Well,Poor,501000
Oluyole,Self Contained,1,1,31,689,2013,Unfurnished,Public,Poor,303000
Akobo,Room,1,1,23,283,2015,Semi-Furnished,Borehole,Poor,328000
Oluyole,3 Bedroom Flat,3,3,111,549,1994,Unfurnished,Public,Poor,1542000
Challenge,Room,1,1,20,706,2002,Semi-Furnished,Borehole,Stable,176000
Mokola,Self Contained,1,1,25,216,2011,Unfurnished,Well,Moderate,249000
Agbowo,Self Contained,1,1,30,538,2023,Fully Furnished,Well,Poor,461000
Bodija,Mini Flat,1,2,52,331,1992,Unfurnished,Borehole,Stable,767000
Mokola,Self Contained,1,1,26,434,2021,Semi-Furnished,Borehole,Moderate,364000
Ologuneru,3 Bedroom Flat,3,3,142,200,2013,Semi-Furnished,Borehole,Stable,1063000
Ring Road,3 Bedroom Flat,3,3,149,800,1998,Fully Furnished,Well,Poor,1094000
Agbowo,Mini Flat,1,2,61,485,1992,Fully Furnished,Borehole,Moderate,679000
Ajibode,Self Contained,1,1,33,404,2011,Semi-Furnished,Borehole,Stable,402000
Bodija,Self Contained,1,1,37,609,2013,Fully Furnished,Borehole,Moderate,588000
Challenge,2 Bedroom Flat,2,2,70,362,1999,Fully Furnished,Borehole,Poor,752000
Bodija,Mini Flat,1,2,56,345,2009,Unfurnished,Borehole,Moderate,658000
Bodija,Mini Flat,1,2,48,821,2001,Semi-Furnished,Public,Stable,775000
Mokola,3 Bedroom Flat,3,3,128,875,2001,Fully Furnished,Borehole,Stable,1396000
Agbowo,Self Contained,1,1,37,443,2006,Semi-Furnished,Borehole,Moderate,356000
Mokola,2 Bedroom Flat,2,2,85,742,1993,Unfurnished,Borehole,Poor,561000
Agbowo,Mini Flat,1,2,63,614,1997,Unfurnished,Well,Stable,589000
Agbowo,Self Contained,1,1,33,295,1996,Unfurnished,Public,Moderate,347000
Bodija,Mini Flat,1,2,63,382,2007,Unfurnished,Borehole,Moderate,622000
Challenge,Room,1,1,27,829,2015,Unfurnished,Well,Poor,152000
Ajibode,Room,1,1,22,293,2020,Unfurnished,Public,Moderate,189000
Ajibode,2 Bedroom Flat,2,2,84,960,1997,Fully Furnished,Well,Stable,1120000
Apata,3 Bedroom Flat,3,3,132,447,2023,Fully Furnished,Public,Stable,1362000
Ajibode,Self Contained,1,1,30,834,2005,Fully Furnished,Well,Moderate,525000
Akobo,Self Contained,1,1,31,494,2009,Unfurnished,Borehole,Moderate,413000
Akobo,Room,1,1,19,693,1999,Fully Furnished,Borehole,Moderate,295000
Bodija,3 Bedroom Flat,3,3,150,801,1994,Unfurnished,Borehole,Moderate,1737000
Akobo,Room,1,1,28,800,2000,Unfurnished,Well,Moderate,317000
Agbowo,Mini Flat,1,2,61,444,2011,Unfurnished,Borehole,Poor,392000
Bodija,2 Bedroom Flat,2,2,79,395,2000,Unfurnished,Borehole,Poor,959000
Agbowo,Self Contained,1,1,31,535,2007,Unfurnished,Well,Moderate,368000
Oluyole,3 Bedroom Flat,3,3,141,315,2007,Semi-Furnished,Well,Moderate,1724000
Ajibode,Self Contained,1,1,29,593,2020,Unfurnished,Well,Stable,289000
Akobo,Mini Flat,1,2,55,402,2009,Semi-Furnished,Borehole,Stable,809000
Ajibode,Room,1,1,28,744,2012,Unfurnished,Public,Stable,211000
Agbowo,Self Contained,1,1,26,447,1999,Unfurnished,Well,Poor,338000
Ajibode,Mini Flat,1,2,64,236,2006,Semi-Furnished,Borehole,Moderate,502000
Ajibode,Room,1,1,27,802,1997,Semi-Furnished,Public,Poor,210000
Mokola,2 Bedroom Flat,2,2,97,583,2020,Unfurnished,Well,Stable,695000
Agbowo,3 Bedroom Flat,3,3,127,555,2015,Unfurnished,Borehole,Moderate,1114000
Apata,Room,1,1,25,746,1998,Unfurnished,Well,Stable,127000
Ologuneru,Self Contained,1,1,37,706,2021,Unfurnished,Well,Stable,250000
Akobo,Room,1,1,20,412,2012,Semi-Furnished,Public,Stable,317000
Ajibode,Self Contained,1,1,35,469,2021,Unfurnished,Well,Stable,377000
Agbowo,Self Contained,1,1,29,349,1994,Unfurnished,Borehole,Poor,336000
Challenge,Room,1,1,27,286,1990,Unfurnished,Well,Moderate,171000
Agbowo,3 Bedroom Flat,3,3,149,654,2020,Unfurnished,Borehole,Stable,888000
Ajibode,Room,1,1,18,620,2020,Unfurnished,Public,Poor,167000
Bodija,Self Contained,1,1,26,686,1998,Unfurnished,Borehole,Moderate,451000
Mokola,Room,1,1,23,780,2022,Semi-Furnished,Public,Poor,182000
Challenge,Room,1,1,27,689,2015,Unfurnished,Borehole,Stable,148000
Ajibode,2 Bedroom Flat,2,2,97,705,1991,Unfurnished,Borehole,Stable,745000
Oluyole,Self Contained,1,1,36,200,2023,Unfurnished,Well,Stable,347000
Agbowo,2 Bedroom Flat,2,2,90,494,2006,Semi-Furnished,Borehole,Stable,922000
Ajibode,2 Bedroom Flat,2,2,98,723,1995,Unfurnished,Public,Stable,609000
Ring Road,Self Contained,1,1,33,339,2020,Semi-Furnished,Borehole,Moderate,383000
Agbowo,Room,1,1,28,566,2017,Unfurnished,Borehole,Poor,207000
Agbowo,2 Bedroom Flat,2,2,83,643,2010,Semi-Furnished,Public,Poor,1064000
Ajibode,3 Bedroom Flat,3,3,129,629,2000,Unfurnished,Well,Moderate,1186000
Ring Road,Room,1,1,25,616,2016,Unfurnished,Borehole,Moderate,219000
Challenge,Room,1,1,29,657,2009,Unfurnished,Well,Moderate,198000
Akobo,2 Bedroom Flat,2,2,92,582,2009,Fully Furnished,Borehole,Moderate,1021000
Challenge,Mini Flat,1,2,53,286,1991,Fully Furnished,Borehole,Moderate,618000
Ajibode,Room,1,1,18,641,2016,Fully Furnished,Borehole,Poor,307000
Bodija,Room,1,1,23,601,2007,Semi-Furnished,Public,Poor,251000
Agbowo,Self Contained,1,1,27,289,2002,Unfurnished,Borehole,Poor,325000
Ajibode,3 Bedroom Flat,3,3,128,798,2007,Unfurnished,Public,Stable,913000
Bodija,Room,1,1,28,646,2000,Fully Furnished,Public,Stable,391000
Apata,Mini Flat,1,2,54,301,2003,Unfurnished,Borehole,Moderate,443000
Ajibode,Room,1,1,24,402,1993,Unfurnished,Borehole,Poor,182000
Agbowo,Self Contained,1,1,36,448,2002,Unfurnished,Borehole,Stable,286000
Ajibode,Self Contained,1,1,31,448,2008,Unfurnished,Public,Poor,209000
Agbowo,Self Contained,1,1,36,602,2014,Semi-Furnished,Borehole,Moderate,385000
Ring Road,Room,1,1,24,374,2004,Fully Furnished,Borehole,Moderate,188000
Bodija,2 Bedroom Flat,2,2,71,753,2009,Semi-Furnished,Well,Moderate,1248000
Bodija,Duplex,4,4,293,738,2006,Unfurnished,Well,Moderate,3492000
Challenge,Self Contained,1,1,38,661,1990,Semi-Furnished,Borehole,Moderate,328000
Ajibode,Self Contained,1,1,39,557,2018,Semi-Furnished,Borehole,Stable,309000
Bodija,2 Bedroom Flat,2,2,76,718,2008,Unfurnished,Borehole,Stable,915000
Agbowo,Room,1,1,21,500,2019,Unfurnished,Borehole,Moderate,248000
Akobo,Room,1,1,21,419,2014,Semi-Furnished,Borehole,Poor,262000
Ologuneru,Mini Flat,1,2,63,764,2017,Unfurnished,Well,Stable,411000
Challenge,Self Contained,1,1,38,607,2000,Fully Furnished,Borehole,Poor,373000
Agbowo,Mini Flat,1,2,51,426,2005,Semi-Furnished,Public,Moderate,544000
Mokola,Room,1,1,28,474,2007,Fully Furnished,Well,Poor,249000
Ajibode,2 Bedroom Flat,2,2,79,417,1998,Unfurnished,Borehole,Moderate,797000
Ajibode,Mini Flat,1,2,51,913,2017,Unfurnished,Well,Stable,504000
Ajibode,Room,1,1,23,550,2016,Unfurnished,Borehole,Stable,204000
Agbowo,Mini Flat,1,2,58,578,2012,Unfurnished,Borehole,Poor,569000
Bodija,Duplex,4,4,186,679,2011,Unfurnished,Borehole,Moderate,2672000
Akobo,Room,1,1,19,331,1993,Semi-Furnished,Well,Stable,233000
Ring Road,3 Bedroom Flat,3,3,112,747,2021,Unfurnished,Public,Stable,883000
Bodija,3 Bedroom Flat,3,3,142,440,2013,Fully Furnished,Well,Moderate,1899000
Bodija,2 Bedroom Flat,2,2,82,879,2017,Unfurnished,Well,Moderate,963000
Ajibode,Self Contained,1,1,30,493,1995,Unfurnished,Borehole,Poor,289000
Ajibode,Self Contained,1,1,25,736,2022,Unfurnished,Public,Poor,315000
Bodija,Self Contained,1,1,26,200,2020,Semi-Furnished,Public,Stable,412000
Agbowo,2 Bedroom Flat,2,2,98,338,1999,Unfurnished,Borehole,Moderate,817000
Mokola,Room,1,1,22,497,2001,Unfurnished,Borehole,Moderate,171000
Ajibode,Self Contained,1,1,39,200,1996,Fully Furnished,Borehole,Stable,379000
Ajibode,Self Contained,1,1,39,658,2013,Fully Furnished,Public,Poor,385000
Bodija,3 Bedroom Flat,3,3,129,606,2017,Fully Furnished,Well,Moderate,2046000
Agbowo,2 Bedroom Flat,2,2,77,371,2000,Fully Furnished,Borehole,Poor,935000
Ajibode,Self Contained,1,1,31,547,2021,Unfurnished,Borehole,Moderate,346000
Oluyole,Self Contained,1,1,30,695,2009,Semi-Furnished,Borehole,Poor,374000
Ajibode,Mini Flat,1,2,63,200,2017,Unfurnished,Well,Stable,506000
Akobo,Self Contained,1,1,30,320,1990,Semi-Furnished,Borehole,Stable,484000
Agbowo,Room,1,1,22,489,2016,Unfurnished,Well,Poor,213000
Ajibode,Room,1,1,28,554,2005,Unfurnished,Well,Moderate,159000
Agbowo,Self Contained,1,1,35,539,1995,Unfurnished,Borehole,Moderate,343000
Challenge,Self Contained,1,1,39,710,1999,Semi-Furnished,Well,Moderate,285000
Agbowo,Room,1,1,18,635,2008,Semi-Furnished,Well,Moderate,225000
Challenge,Self Contained,1,1,30,675,1999,Unfurnished,Public,Stable,277000
Ajibode,Room,1,1,27,299,2015,Semi-Furnished,Borehole,Stable,234000
Challenge,Self Contained,1,1,25,576,2023,Semi-Furnished,Public,Moderate,287000
Agbowo,Room,1,1,21,494,1990,Semi-Furnished,Borehole,Poor,209000
Oluyole,Room,1,1,28,813,1999,Unfurnished,Borehole,Moderate,267000
Akobo,Mini Flat,1,2,54,581,2022,Unfurnished,Borehole,Moderate,718000
Apata,Room,1,1,20,429,2015,Unfurnished,Public,Poor,146000
Agbowo,Mini Flat,1,2,49,703,2023,Unfurnished,Borehole,Poor,556000
Ajibode,Self Contained,1,1,26,651,2002,Semi-Furnished,Borehole,Moderate,385000
Ajibode,Room,1,1,27,402,2019,Semi-Furnished,Borehole,Moderate,243000
Mokola,Self Contained,1,1,31,487,2013,Semi-Furnished,Borehole,Moderate,370000
Bodija,Self Contained,1,1,37,490,2023,Unfurnished,Borehole,Poor,481000
Challenge,2 Bedroom Flat,2,2,99,770,2008,Fully Furnished,Well,Moderate,787000
Agbowo,3 Bedroom Flat,3,3,150,586,1991,Unfurnished,Borehole,Poor,1390000
Agbowo,Self Contained,1,1,27,680,2019,Unfurnished,Well,Moderate,319000
Ajibode,Self Contained,1,1,37,461,2011,Semi-Furnished,Public,Stable,319000
Ologuneru,Self Contained,1,1,32,610,2021,Semi-Furnished,Well,Poor,298000
Oluyole,Room,1,1,20,784,2022,Fully Furnished,Well,Moderate,366000
Apata,Self Contained,1,1,33,485,2004,Semi-Furnished,Borehole,Poor,303000
Agbowo,Room,1,1,21,570,1995,Unfurnished,Borehole,Moderate,178000
Akobo,Room,1,1,18,304,2005,Semi-Furnished,Borehole,Moderate,292000
Oluyole,Mini Flat,1,2,51,412,2010,Unfurnished,Public,Stable,570000
Agbowo,Mini Flat,1,2,58,489,2023,Semi-Furnished,Public,Poor,539000
Mokola,Self Contained,1,1,28,359,2022,Unfurnished,Borehole,Stable,324000
Apata,3 Bedroom Flat,3,3,140,787,1997,Semi-Furnished,Public,Moderate,1269000
Ring Road,Room,1,1,25,399,2001,Fully Furnished,Borehole,Stable,205000
Oluyole,Room,1,1,21,691,2007,Unfurnished,Borehole,Poor,312000
Agbowo,Self Contained,1,1,35,583,2010,Semi-Furnished,Borehole,Moderate,392000
Agbowo,Self Contained,1,1,33,555,2016,Semi-Furnished,Well,Stable,448000
Ologuneru,Mini Flat,1,2,64,817,2001,Semi-Furnished,Public,Poor,487000
Ajibode,Room,1,1,29,200,1995,Semi-Furnished,Public,Moderate,200000
Oluyole,Mini Flat,1,2,55,514,2020,Semi-Furnished,Borehole,Poor,729000
Oluyole,Room,1,1,22,355,2023,Fully Furnished,Borehole,Stable,366000
Akobo,Room,1,1,18,200,1996,Unfurnished,Borehole,Stable,294000
Ologuneru,Room,1,1,18,334,2020,Semi-Furnished,Borehole,Stable,180000
Agbowo,Mini Flat,1,2,54,553,1993,Semi-Furnished,Borehole,Stable,698000
Agbowo,Room,1,1,21,419,2006,Unfurnished,Well,Moderate,192000
Ajibode,3 Bedroom Flat,3,3,110,711,2018,Unfurnished,Public,Moderate,986000
Bodija,Self Contained,1,1,29,511,1992,Unfurnished,Borehole,Moderate,481000
Agbowo,Room,1,1,21,491,2013,Semi-Furnished,Well,Stable,296000
Agbowo,Self Contained,1,1,31,492,1992,Unfurnished,Public,Poor,364000
Mokola,Self Contained,1,1,28,532,2016,Unfurnished,Well,Moderate,265000
Apata,Room,1,1,22,474,1990,Semi-Furnished,Public,Stable,205000
Ajibode,Mini Flat,1,2,54,396,2004,Semi-Furnished,Borehole,Poor,580000
Agbowo,Mini Flat,1,2,59,728,2003,Unfurnished,Borehole,Stable,504000
Apata,Mini Flat,1,2,63,437,1993,Semi-Furnished,Borehole,Moderate,332000
Ajibode,2 Bedroom Flat,2,2,70,480,1993,Unfurnished,Borehole,Moderate,702000
Ajibode,Mini Flat,1,2,54,627,2014,Unfurnished,Borehole,Moderate,490000
Ajibode,Room,1,1,18,607,2000,Fully Furnished,Borehole,Poor,290000
Akobo,Room,1,1,23,389,2022,Fully Furnished,Public,Stable,341000
Ajibode,Self Contained,1,1,39,685,2000,Semi-Furnished,Borehole,Poor,375000
Ologuneru,Room,1,1,28,646,2001,Unfurnished,Well,Stable,190000
Bodija,Self Contained,1,1,33,582,2004,Fully Furnished,Public,Moderate,629000
Bodija,Self Contained,1,1,36,472,2015,Unfurnished,Public,Moderate,413000
Agbowo,2 Bedroom Flat,2,2,82,476,2013,Unfurnished,Public,Stable,913000
Bodija,Self Contained,1,1,30,513,2015,Semi-Furnished,Well,Poor,529000
Oluyole,2 Bedroom Flat,2,2,73,328,2016,Semi-Furnished,Borehole,Moderate,1041000
Challenge,Mini Flat,1,2,63,542,2016,Unfurnished,Borehole,Poor,364000
Challenge,Room,1,1,26,710,1991,Semi-Furnished,Borehole,Poor,162000
Akobo,Duplex,4,4,188,707,2012,Semi-Furnished,Borehole,Poor,2728000
Ring Road,Room,1,1,27,481,1998,Unfurnished,Borehole,Poor,171000
Mokola,Self Contained,1,1,28,741,1997,Unfurnished,Borehole,Moderate,224000
Challenge,Room,1,1,27,893,1990,Fully Furnished,Borehole,Poor,287000
Ajibode,Self Contained,1,1,30,493,2010,Fully Furnished,Borehole,Moderate,500000
Ajibode,Mini Flat,1,2,61,674,2015,Unfurnished,Borehole,Stable,451000
Ajibode,Room,1,1,28,200,2004,Unfurnished,Public,Stable,182000
Oluyole,3 Bedroom Flat,3,3,144,323,2014,Unfurnished,Borehole,Moderate,1073000
Agbowo,Room,1,1,27,566,2005,Unfurnished,Borehole,Stable,210000
Agbowo,3 Bedroom Flat,3,3,135,368,2012,Fully Furnished,Borehole,Poor,1355000
Ring Road,2 Bedroom Flat,2,2,85,917,2001,Semi-Furnished,Well,Stable,856000
Ring Road,Room,1,1,29,657,2008,Semi-Furnished,Borehole,Poor,245000
Ring Road,Room,1,1,21,723,2023,Semi-Furnished,Well,Stable,199000
Agbowo,Room,1,1,22,544,1997,Unfurnished,Borehole,Moderate,222000
Oluyole,Self Contained,1,1,37,369,2012,Unfurnished,Borehole,Moderate,411000
Agbowo,Room,1,1,25,456,2000,Unfurnished,Public,Poor,212000
Ajibode,3 Bedroom Flat,3,3,147,595,2023,Semi-Furnished,Public,Moderate,1149000
Ajibode,Room,1,1,27,435,1994,Fully Furnished,Borehole,Stable,293000
Agbowo,2 Bedroom Flat,2,2,89,670,2014,Unfurnished,Borehole,Stable,864000
Agbowo,Self Contained,1,1,32,678,2013,Semi-Furnished,Borehole,Poor,373000
Mokola,Room,1,1,18,550,2013,Unfurnished,Well,Moderate,162000
Ajibode,Mini Flat,1,2,64,221,2023,Semi-Furnished,Borehole,Stable,472000
Oluyole,Self Contained,1,1,27,858,2007,Semi-Furnished,Well,Stable,459000
Bodija,Room,1,1,28,511,2001,Unfurnished,Well,Poor,351000
Agbowo,Self Contained,1,1,26,1037,2004,Semi-Furnished,Borehole,Moderate,402000
Bodija,Room,1,1,28,667,2001,Unfurnished,Well,Moderate,257000
Agbowo,Room,1,1,27,512,2018,Unfurnished,Well,Poor,214000
Akobo,Self Contained,1,1,31,630,2018,Semi-Furnished,Well,Moderate,463000
Agbowo,Self Contained,1,1,31,200,2009,Unfurnished,Borehole,Moderate,352000
Ajibode,Room,1,1,27,734,2004,Unfurnished,Well,Poor,201000
Ajibode,Room,1,1,29,1012,1992,Fully Furnished,Public,Moderate,285000
Bodija,Duplex,4,4,253,200,2005,Unfurnished,Well,Stable,2334000
Ring Road,Self Contained,1,1,26,498,2008,Semi-Furnished,Borehole,Poor,272000
Agbowo,Self Contained,1,1,26,531,1996,Semi-Furnished,Well,Stable,311000
Oluyole,Room,1,1,22,707,2011,Fully Furnished,Borehole,Stable,298000
Akobo,Room,1,1,20,929,2004,Unfurnished,Borehole,Moderate,236000
Apata,Mini Flat,1,2,55,618,1998,Unfurnished,Borehole,Poor,414000
Mokola,Room,1,1,19,935,2006,Unfurnished,Well,Stable,182000
Akobo,Mini Flat,1,2,54,580,2022,Unfurnished,Well,Poor,711000
Akobo,Room,1,1,18,631,1991,Semi-Furnished,Well,Poor,263000
Ring Road,Self Contained,1,1,34,609,1996,Unfurnished,Borehole,Stable,380000
Agbowo,Mini Flat,1,2,58,769,2020,Unfurnished,Borehole,Moderate,496000
Agbowo,Mini Flat,1,2,49,473,2003,Fully Furnished,Borehole,Poor,764000
Ajibode,Self Contained,1,1,31,697,1993,Unfurnished,Public,Moderate,278000
Mokola,Mini Flat,1,2,45,328,1999,Semi-Furnished,Well,Stable,495000
Challenge,Self Contained,1,1,30,498,2011,Semi-Furnished,Well,Moderate,282000
Ajibode,2 Bedroom Flat,2,2,76,435,2013,Unfurnished,Well,Moderate,550000
Akobo,Mini Flat,1,2,53,565,2007,Unfurnished,Public,Moderate,653000
Bodija,2 Bedroom Flat,2,2,72,493,2000,Unfurnished,Borehole,Stable,1234000
Ajibode,Room,1,1,23,753,1990,Unfurnished,Borehole,Poor,222000
Ologuneru,Room,1,1,24,391,2021,Unfurnished,Borehole,Moderate,136000
Ajibode,Room,1,1,23,238,2005,Unfurnished,Borehole,Stable,250000
Ajibode,Self Contained,1,1,28,305,2003,Unfurnished,Well,Moderate,340000
Akobo,Self Contained,1,1,32,728,2022,Semi-Furnished,Well,Moderate,507000
Oluyole,Room,1,1,19,375,1996,Fully Furnished,Public,Moderate,292000
Ajibode,Room,1,1,27,621,2008,Fully Furnished,Public,Stable,317000
Akobo,Self Contained,1,1,32,496,2014,Unfurnished,Borehole,Moderate,409000
Bodija,Room,1,1,26,698,1994,Unfurnished,Borehole,Stable,353000
Ajibode,Room,1,1,29,508,1999,Semi-Furnished,Borehole,Poor,232000
Ajibode,2 Bedroom Flat,2,2,99,1047,1993,Unfurnished,Well,Poor,827000
Akobo,Self Contained,1,1,34,891,2013,Unfurnished,Borehole,Moderate,436000
Agbowo,Room,1,1,29,493,1995,Unfurnished,Public,Moderate,219000
Apata,Self Contained,1,1,32,468,2001,Semi-Furnished,Borehole,Stable,293000
Mokola,Self Contained,1,1,38,1113,2009,Semi-Furnished,Well,Poor,363000
Ologuneru,Room,1,1,18,355,2015,Fully Furnished,Well,Poor,200000
Agbowo,Self Contained,1,1,29,540,2001,Unfurnished,Borehole,Moderate,305000
Ologuneru,Mini Flat,1,2,45,554,2022,Semi-Furnished,Borehole,Stable,467000
Agbowo,Room,1,1,21,549,2001,Semi-Furnished,Borehole,Stable,318000
Agbowo,Self Contained,1,1,28,237,1993,Unfurnished,Well,Poor,299000
Ajibode,2 Bedroom Flat,2,2,99,639,2006,Semi-Furnished,Well,Moderate,700000
Ajibode,Mini Flat,1,2,52,375,1999,Semi-Furnished,Well,Moderate,616000
Oluyole,Self Contained,1,1,32,808,2008,Semi-Furnished,Borehole,Stable,519000
Bodija,Room,1,1,19,287,2022,Unfurnished,Well,Stable,319000
Agbowo,3 Bedroom Flat,3,3,154,560,2017,Unfurnished,Public,Stable,1110000
Akobo,Duplex,4,4,228,200,1991,Semi-Furnished,Well,Moderate,2868000
Agbowo,2 Bedroom Flat,2,2,76,200,2010,Semi-Furnished,Borehole,Stable,970000
Akobo,Room,1,1,21,398,2012,Semi-Furnished,Borehole,Stable,325000
Agbowo,Self Contained,1,1,35,424,2022,Unfurnished,Borehole,Moderate,328000
Mokola,2 Bedroom Flat,2,2,77,813,2015,Unfurnished,Borehole,Moderate,721000
Mokola,Self Contained,1,1,33,542,2019,Unfurnished,Borehole,Moderate,276000
Bodija,3 Bedroom Flat,3,3,131,782,1993,Unfurnished,Well,Stable,1130000
Agbowo,Self Contained,1,1,36,481,1995,Unfurnished,Public,Poor,403000
Agbowo,Room,1,1,22,659,2023,Unfurnished,Borehole,Poor,200000
Challenge,Room,1,1,23,419,2009,Semi-Furnished,Public,Moderate,213000
Agbowo,Duplex,4,4,180,407,2004,Unfurnished,Well,Moderate,2220000
Ajibode,Duplex,4,4,218,222,2012,Semi-Furnished,Public,Moderate,2078000
Ajibode,3 Bedroom Flat,3,3,125,610,1998,Unfurnished,Public,Moderate,1210000
Bodija,Room,1,1,25,597,2023,Semi-Furnished,Borehole,Moderate,389000
Bodija,Room,1,1,25,689,2023,Semi-Furnished,Well,Poor,287000
Mokola,Mini Flat,1,2,55,588,2016,Unfurnished,Well,Stable,445000
Agbowo,Room,1,1,18,914,2005,Fully Furnished,Borehole,Stable,276000
Agbowo,2 Bedroom Flat,2,2,74,581,1993,Semi-Furnished,Borehole,Stable,997000
Challenge,Self Contained,1,1,29,728,2017,Unfurnished,Public,Poor,294000
Mokola,Mini Flat,1,2,47,491,2006,Unfurnished,Borehole,Poor,464000
Agbowo,Mini Flat,1,2,60,386,2001,Semi-Furnished,Borehole,Stable,633000
Bodija,Self Contained,1,1,31,679,1994,Unfurnished,Well,Poor,469000
Agbowo,2 Bedroom Flat,2,2,87,533,2019,Unfurnished,Well,Moderate,671000
Apata,Room,1,1,23,699,2003,Unfurnished,Borehole,Poor,191000
Ajibode,Self Contained,1,1,32,613,2003,Unfurnished,Borehole,Moderate,316000
Apata,Self Contained,1,1,34,407,1991,Unfurnished,Borehole,Stable,230000
Oluyole,Mini Flat,1,2,48,743,2017,Unfurnished,Well,Stable,597000
Bodija,Mini Flat,1,2,52,393,2010,Fully Furnished,Well,Poor,1110000
Ajibode,Self Contained,1,1,37,662,2004,Unfurnished,Borehole,Moderate,352000
Bodija,Self Contained,1,1,29,780,2012,Unfurnished,Borehole,Poor,504000
Agbowo,Room,1,1,18,480,1999,Fully Furnished,Borehole,Moderate,244000
Ajibode,Room,1,1,24,758,2015,Unfurnished,Borehole,Stable,213000
Akobo,Self Contained,1,1,32,621,2023,Semi-Furnished,Borehole,Poor,432000
Ologuneru,Room,1,1,20,703,1991,Unfurnished,Public,Moderate,164000
Akobo,Self Contained,1,1,31,399,2020,Unfurnished,Borehole,Moderate,499000
Oluyole,3 Bedroom Flat,3,3,121,588,1994,Semi-Furnished,Borehole,Stable,1458000
Ajibode,Mini Flat,1,2,55,296,2008,Unfurnished,Well,Stable,535000
Agbowo,Self Contained,1,1,25,858,2019,Semi-Furnished,Public,Moderate,376000
Ajibode,3 Bedroom Flat,3,3,136,200,2006,Fully Furnished,Public,Stable,1779000
Akobo,Duplex,4,4,269,486,2018,Unfurnished,Borehole,Stable,2596000
Apata,Mini Flat,1,2,55,382,2001,Unfurnished,Public,Moderate,350000
Oluyole,Room,1,1,19,671,1997,Semi-Furnished,Borehole,Moderate,297000
Ajibode,2 Bedroom Flat,2,2,77,896,2004,Semi-Furnished,Borehole,Stable,680000
Agbowo,2 Bedroom Flat,2,2,97,667,2023,Unfurnished,Borehole,Moderate,745000
Bodija,Mini Flat,1,2,53,1083,2017,Unfurnished,Borehole,Poor,608000
Agbowo,Self Contained,1,1,39,301,2010,Unfurnished,Well,Poor,296000
Mokola,Room,1,1,21,315,2006,Unfurnished,Borehole,Moderate,162000
Mokola,Room,1,1,19,389,2007,Fully Furnished,Well,Poor,251000
Akobo,Self Contained,1,1,36,571,2013,Unfurnished,Borehole,Moderate,319000
Agbowo,Self Contained,1,1,27,365,2013,Unfurnished,Well,Moderate,335000
Agbowo,Self Contained,1,1,30,414,2001,Unfurnished,Borehole,Moderate,335000
Ajibode,2 Bedroom Flat,2,2,88,661,1990,Unfurnished,Borehole,Stable,684000
Agbowo,Room,1,1,29,326,2021,Unfurnished,Borehole,Stable,224000
Agbowo,Room,1,1,25,346,1994,Semi-Furnished,Borehole,Moderate,187000
Oluyole,Room,1,1,24,478,2015,Unfurnished,Borehole,Moderate,276000
Akobo,Mini Flat,1,2,52,495,1992,Unfurnished,Borehole,Poor,650000
Ajibode,Room,1,1,21,731,2022,Unfurnished,Public,Moderate,189000
Agbowo,Room,1,1,26,387,2009,Fully Furnished,Borehole,Moderate,264000
Ajibode,Room,1,1,25,420,2001,Semi-Furnished,Borehole,Poor,242000
Ajibode,Room,1,1,26,654,2009,Unfurnished,Well,Moderate,178000
Mokola,3 Bedroom Flat,3,3,146,694,2006,Semi-Furnished,Borehole,Moderate,1100000
Ajibode,Self Contained,1,1,26,807,1997,Semi-Furnished,Well,Moderate,347000
Agbowo,2 Bedroom Flat,2,2,73,634,2002,Fully Furnished,Public,Moderate,977000
Ajibode,Self Contained,1,1,27,573,1998,Unfurnished,Public,Moderate,285000
Ring Road,3 Bedroom Flat,3,3,144,653,2008,Unfurnished,Public,Moderate,1096000
Bodija,Room,1,1,25,501,2015,Semi-Furnished,Borehole,Stable,302000
Agbowo,Self Contained,1,1,32,500,1994,Fully Furnished,Borehole,Poor,357000
Bodija,Room,1,1,29,230,2014,Semi-Furnished,Borehole,Moderate,272000
Oluyole,Mini Flat,1,2,50,710,1994,Unfurnished,Borehole,Stable,520000
Apata,Room,1,1,18,588,2012,Semi-Furnished,Well,Moderate,186000
Agbowo,Self Contained,1,1,39,689,2021,Semi-Furnished,Borehole,Moderate,388000
Ring Road,Room,1,1,20,200,1995,Semi-Furnished,Public,Moderate,195000
Apata,Room,1,1,26,541,2003,Unfurnished,Borehole,Moderate,152000
Ring Road,2 Bedroom Flat,2,2,80,395,2018,Unfurnished,Borehole,Moderate,635000
Akobo,Mini Flat,1,2,60,820,2011,Unfurnished,Borehole,Moderate,683000
Akobo,2 Bedroom Flat,2,2,87,660,2009,Unfurnished,Borehole,Poor,898000
Agbowo,Duplex,4,4,232,592,1997,Unfurnished,Borehole,Poor,2231000
Challenge,2 Bedroom Flat,2,2,76,472,2016,Semi-Furnished,Well,Stable,710000
Bodija,Room,1,1,18,621,1996,Unfurnished,Well,Moderate,305000
Oluyole,Room,1,1,18,382,2023,Unfurnished,Well,Moderate,228000
Agbowo,Self Contained,1,1,36,532,2017,Semi-Furnished,Well,Poor,376000
Oluyole,3 Bedroom Flat,3,3,150,445,2020,Semi-Furnished,Well,Stable,1444000
Mokola,Room,1,1,28,957,2010,Semi-Furnished,Public,Poor,194000
Ajibode,Mini Flat,1,2,49,814,1999,Semi-Furnished,Borehole,Poor,526000
Mokola,Room,1,1,26,741,2002,Semi-Furnished,Well,Moderate,200000
Bodija,Room,1,1,26,281,2015,Unfurnished,Well,Poor,328000
Mokola,Room,1,1,21,705,2023,Semi-Furnished,Borehole,Stable,180000
Agbowo,Self Contained,1,1,29,583,2008,Unfurnished,Borehole,Poor,317000
Agbowo,2 Bedroom Flat,2,2,76,770,1995,Unfurnished,Public,Poor,815000
Ring Road,2 Bedroom Flat,2,2,93,608,2004,Fully Furnished,Public,Stable,1131000
Agbowo,Room,1,1,23,548,2007,Fully Furnished,Borehole,Stable,244000
Mokola,Duplex,4,4,193,592,2009,Semi-Furnished,Well,Stable,1585000
Bodija,Room,1,1,21,224,1990,Semi-Furnished,Borehole,Moderate,334000
Bodija,Room,1,1,27,411,2011,Unfurnished,Well,Moderate,299000
Agbowo,Self Contained,1,1,25,617,2007,Fully Furnished,Borehole,Moderate,480000
Akobo,Self Contained,1,1,34,755,1999,Semi-Furnished,Borehole,Moderate,418000
Agbowo,2 Bedroom Flat,2,2,77,450,2009,Semi-Furnished,Well,Poor,837000
Ajibode,Room,1,1,26,542,1995,Unfurnished,Borehole,Poor,187000
Agbowo,2 Bedroom Flat,2,2,92,261,2011,Fully Furnished,Well,Moderate,968000
Ajibode,Room,1,1,22,812,1993,Unfurnished,Well,Poor,226000
Ologuneru,2 Bedroom Flat,2,2,89,750,1993,Unfurnished,Borehole,Poor,631000
Ologuneru,Room,1,1,23,667,2008,Unfurnished,Public,Moderate,133000
Agbowo,2 Bedroom Flat,2,2,70,623,2018,Unfurnished,Well,Stable,675000
Oluyole,2 Bedroom Flat,2,2,89,829,2017,Unfurnished,Well,Moderate,805000
Agbowo,Self Contained,1,1,39,405,2002,Unfurnished,Borehole,Moderate,343000
Oluyole,2 Bedroom Flat,2,2,81,385,2017,Semi-Furnished,Borehole,Stable,1174000
Challenge,2 Bedroom Flat,2,2,90,741,2019,Fully Furnished,Well,Stable,779000
Apata,2 Bedroom Flat,2,2,79,728,2011,Unfurnished,Borehole,Poor,539000
Agbowo,Mini Flat,1,2,50,335,2012,Unfurnished,Well,Poor,543000
Challenge,3 Bedroom Flat,3,3,122,454,2007,Unfurnished,Borehole,Poor,1177000
Agbowo,Self Contained,1,1,39,854,2006,Semi-Furnished,Well,Stable,354000
Ologuneru,Mini Flat,1,2,61,624,2020,Unfurnished,Well,Poor,565000
Ajibode,Self Contained,1,1,32,691,2017,Unfurnished,Well,Moderate,329000
Akobo,Duplex,4,4,285,341,1997,Fully Furnished,Public,Poor,4410000
Akobo,Room,1,1,19,668,2021,Unfurnished,Well,Poor,300000
Oluyole,Mini Flat,1,2,53,294,1995,Unfurnished,Borehole,Stable,608000
Ajibode,Room,1,1,19,200,1997,Fully Furnished,Well,Stable,316000
Apata,Mini Flat,1,2,48,680,2011,Semi-Furnished,Borehole,Moderate,494000
Ajibode,Room,1,1,28,808,2020,Semi-Furnished,Well,Stable,273000
Akobo,Self Contained,1,1,33,504,1995,Semi-Furnished,Well,Moderate,453000
Agbowo,Mini Flat,1,2,55,451,1993,Unfurnished,Well,Stable,363000
Agbowo,Self Contained,1,1,37,857,1996,Unfurnished,Well,Moderate,319000
Bodija,Mini Flat,1,2,51,514,2023,Semi-Furnished,Well,Stable,1107000
Agbowo,Mini Flat,1,2,48,538,2016,Semi-Furnished,Well,Poor,461000
Ajibode,Room,1,1,26,854,1991,Unfurnished,Public,Stable,213000
Ajibode,Mini Flat,1,2,54,486,2003,Unfurnished,Borehole,Moderate,469000
Agbowo,Room,1,1,29,432,2018,Fully Furnished,Well,Moderate,339000
Challenge,Self Contained,1,1,39,696,2011,Semi-Furnished,Borehole,Moderate,254000
Ring Road,Self Contained,1,1,28,421,1994,Fully Furnished,Borehole,Stable,445000
Ajibode,Self Contained,1,1,26,523,2007,Unfurnished,Borehole,Moderate,353000
Agbowo,Room,1,1,26,312,2005,Unfurnished,Borehole,Poor,255000
Ajibode,Room,1,1,20,583,1995,Unfurnished,Borehole,Moderate,185000
Ajibode,Mini Flat,1,2,49,562,1990,Unfurnished,Public,Stable,619000
Oluyole,Mini Flat,1,2,47,724,2001,Unfurnished,Well,Poor,629000
Akobo,Room,1,1,23,704,2013,Unfurnished,Borehole,Moderate,232000
Ajibode,Mini Flat,1,2,53,649,2000,Semi-Furnished,Borehole,Stable,533000
Agbowo,Room,1,1,23,620,2023,Semi-Furnished,Well,Moderate,259000
Ajibode,Mini Flat,1,2,49,536,2018,Unfurnished,Well,Moderate,458000
Mokola,Room,1,1,29,659,2021,Semi-Furnished,Well,Moderate,127000
Ologuneru,Self Contained,1,1,28,349,2010,Semi-Furnished,Well,Poor,206000
Ajibode,Mini Flat,1,2,55,200,2022,Semi-Furnished,Borehole,Moderate,550000
Agbowo,Self Contained,1,1,26,759,2022,Fully Furnished,Borehole,Stable,391000
Mokola,Self Contained,1,1,39,671,2017,Semi-Furnished,Borehole,Moderate,286000
Apata,Room,1,1,29,527,1990,Semi-Furnished,Public,Moderate,173000
Agbowo,2 Bedroom Flat,2,2,91,743,2001,Unfurnished,Well,Moderate,718000
Ajibode,Room,1,1,22,418,2022,Unfurnished,Borehole,Stable,204000
Ajibode,Mini Flat,1,2,48,423,1994,Semi-Furnished,Borehole,Poor,559000
Akobo,Room,1,1,24,398,1991,Unfurnished,Well,Stable,237000
Agbowo,2 Bedroom Flat,2,2,75,652,2013,Semi-Furnished,Borehole,Stable,859000
Ajibode,3 Bedroom Flat,3,3,113,265,2010,Unfurnished,Borehole,Stable,1189000
Akobo,Room,1,1,23,411,2019,Semi-Furnished,Well,Stable,375000
Ajibode,Self Contained,1,1,38,602,2004,Fully Furnished,Borehole,Stable,398000
Challenge,Room,1,1,23,333,1998,Unfurnished,Well,Stable,166000
Agbowo,Self Contained,1,1,28,431,2021,Unfurnished,Borehole,Poor,327000
Ajibode,2 Bedroom Flat,2,2,75,200,1997,Semi-Furnished,Well,Stable,888000
Akobo,Self Contained,1,1,34,659,2012,Semi-Furnished,Borehole,Moderate,435000
Agbowo,Room,1,1,20,426,2016,Unfurnished,Well,Moderate,220000
Ologuneru,3 Bedroom Flat,3,3,145,352,1997,Fully Furnished,Borehole,Stable,1212000
Bodija,Self Contained,1,1,35,316,2018,Fully Furnished,Public,Moderate,565000
Agbowo,Room,1,1,23,474,2000,Fully Furnished,Borehole,Moderate,312000
Oluyole,Self Contained,1,1,36,265,2010,Semi-Furnished,Well,Moderate,513000
Agbowo,Room,1,1,26,899,2019,Unfurnished,Borehole,Poor,199000
Ring Road,2 Bedroom Flat,2,2,74,200,2022,Unfurnished,Borehole,Poor,563000
Agbowo,Self Contained,1,1,35,468,1992,Unfurnished,Public,Moderate,295000
Bodija,Self Contained,1,1,28,569,2002,Semi-Furnished,Well,Poor,504000
Ajibode,2 Bedroom Flat,2,2,74,410,2012,Unfurnished,Borehole,Poor,731000
Agbowo,Self Contained,1,1,26,588,2015,Semi-Furnished,Borehole,Poor,412000
Mokola,Room,1,1,18,406,1999,Semi-Furnished,Public,Poor,250000
Challenge,Room,1,1,24,825,2012,Unfurnished,Well,Poor,183000
Agbowo,Room,1,1,24,348,1997,Unfurnished,Borehole,Stable,191000
Agbowo,Mini Flat,1,2,55,200,2003,Fully Furnished,Borehole,Poor,703000
Mokola,Mini Flat,1,2,46,316,2013,Semi-Furnished,Well,Poor,521000
Apata,Self Contained,1,1,28,619,2007,Unfurnished,Well,Stable,273000
Ajibode,Room,1,1,27,528,2014,Unfurnished,Borehole,Stable,162000
Bodija,Room,1,1,25,685,2009,Unfurnished,Borehole,Moderate,250000
Agbowo,Room,1,1,19,640,2014,Semi-Furnished,Borehole,Moderate,226000
Ring Road,Mini Flat,1,2,64,435,2006,Unfurnished,Borehole,Stable,398000
Ajibode,2 Bedroom Flat,2,2,71,461,1993,Unfurnished,Borehole,Poor,732000
Ajibode,Self Contained,1,1,26,480,2010,Unfurnished,Well,Stable,291000
Challenge,Mini Flat,1,2,63,889,2009,Fully Furnished,Borehole,Poor,648000
Ajibode,Self Contained,1,1,33,674,2006,Unfurnished,Borehole,Moderate,271000
Bodija,Room,1,1,24,890,2012,Unfurnished,Borehole,Stable,277000
Bodija,Room,1,1,22,701,2010,Semi-Furnished,Borehole,Moderate,279000
Agbowo,2 Bedroom Flat,2,2,84,538,2010,Unfurnished,Borehole,Moderate,689000
Agbowo,2 Bedroom Flat,2,2,92,366,2013,Semi-Furnished,Borehole,Poor,935000
Bodija,Duplex,4,4,266,586,2007,Unfurnished,Borehole,Stable,2859000
Ajibode,Room,1,1,24,539,2008,Unfurnished,Borehole,Stable,211000
Akobo,Mini Flat,1,2,47,533,1994,Unfurnished,Borehole,Stable,556000
Challenge,Mini Flat,1,2,47,512,2016,Fully Furnished,Well,Stable,572000
Challenge,Mini Flat,1,2,55,200,1995,Fully Furnished,Public,Stable,649000
Ajibode,2 Bedroom Flat,2,2,87,776,2003,Unfurnished,Public,Stable,704000
Ajibode,3 Bedroom Flat,3,3,130,540,1992,Unfurnished,Borehole,Poor,942000
Agbowo,Room,1,1,21,295,1990,Semi-Furnished,Borehole,Poor,184000
Agbowo,Mini Flat,1,2,59,636,2020,Fully Furnished,Well,Moderate,724000
Agbowo,Self Contained,1,1,33,395,1999,Unfurnished,Borehole,Moderate,291000
Oluyole,2 Bedroom Flat,2,2,70,651,2020,Unfurnished,Public,Poor,791000
Ajibode,2 Bedroom Flat,2,2,84,708,2006,Unfurnished,Well,Moderate,700000
Ajibode,3 Bedroom Flat,3,3,129,733,2005,Unfurnished,Borehole,Poor,1079000
Agbowo,Mini Flat,1,2,49,521,2016,Unfurnished,Well,Moderate,674000
Oluyole,2 Bedroom Flat,2,2,99,475,2005,Unfurnished,Public,Moderate,792000
Ajibode,Room,1,1,26,437,1993,Semi-Furnished,Borehole,Moderate,246000
Akobo,Room,1,1,18,419,2016,Fully Furnished,Borehole,Stable,361000
Agbowo,Self Contained,1,1,27,546,1998,Unfurnished,Well,Moderate,366000
Ring Road,Mini Flat,1,2,51,512,2014,Unfurnished,Well,Moderate,577000
Ring Road,2 Bedroom Flat,2,2,73,401,2013,Fully Furnished,Well,Moderate,997000
Agbowo,2 Bedroom Flat,2,2,82,344,2017,Unfurnished,Well,Moderate,784000
Agbowo,Room,1,1,25,530,2007,Fully Furnished,Public,Poor,262000
Agbowo,Mini Flat,1,2,51,471,2015,Unfurnished,Borehole,Moderate,581000
Agbowo,Self Contained,1,1,31,344,1999,Semi-Furnished,Borehole,Moderate,337000
Oluyole,Room,1,1,29,699,2023,Unfurnished,Borehole,Stable,212000
Mokola,Self Contained,1,1,36,868,2000,Unfurnished,Well,Moderate,329000
Oluyole,Mini Flat,1,2,60,723,2003,Unfurnished,Well,Poor,576000
Mokola,Room,1,1,27,420,1990,Semi-Furnished,Borehole,Stable,183000
Agbowo,2 Bedroom Flat,2,2,83,540,2006,Semi-Furnished,Borehole,Moderate,764000
Ajibode,Room,1,1,24,827,2006,Semi-Furnished,Borehole,Moderate,236000
Oluyole,Room,1,1,24,338,1999,Fully Furnished,Borehole,Moderate,330000
Agbowo,Self Contained,1,1,25,690,2019,Semi-Furnished,Well,Moderate,296000
Oluyole,Mini Flat,1,2,50,289,2022,Semi-Furnished,Borehole,Stable,893000
Agbowo,Mini Flat,1,2,60,853,1991,Unfurnished,Borehole,Poor,482000
Ajibode,2 Bedroom Flat,2,2,83,472,2009,Unfurnished,Well,Moderate,686000
Ologuneru,Room,1,1,22,951,2021,Unfurnished,Borehole,Poor,215000
Ajibode,Room,1,1,23,861,1992,Semi-Furnished,Well,Poor,206000
Ologuneru,Room,1,1,19,530,1994,Semi-Furnished,Borehole,Stable,211000
Ologuneru,Room,1,1,18,420,2009,Semi-Furnished,Well,Stable,194000
Challenge,Self Contained,1,1,29,585,1992,Unfurnished,Borehole,Poor,327000
Akobo,Duplex,4,4,233,517,1992,Semi-Furnished,Borehole,Moderate,2777000
Akobo,Mini Flat,1,2,47,477,1995,Unfurnished,Borehole,Moderate,804000
Mokola,Self Contained,1,1,33,251,2013,Unfurnished,Borehole,Stable,296000
Agbowo,3 Bedroom Flat,3,3,152,457,1997,Semi-Furnished,Borehole,Stable,1411000
Bodija,Self Contained,1,1,31,350,2005,Semi-Furnished,Borehole,Poor,451000
Akobo,Room,1,1,22,649,1990,Unfurnished,Public,Stable,251000
Agbowo,Room,1,1,27,728,2003,Unfurnished,Borehole,Stable,264000
Agbowo,Self Contained,1,1,37,683,1999,Unfurnished,Borehole,Moderate,333000
Agbowo,Room,1,1,20,611,1999,Unfurnished,Borehole,Stable,235000
Akobo,Room,1,1,26,396,2011,Semi-Furnished,Well,Moderate,288000
Mokola,Self Contained,1,1,25,586,2020,Unfurnished,Well,Poor,227000
Ajibode,Self Contained,1,1,39,692,1993,Fully Furnished,Well,Moderate,402000
Apata,3 Bedroom Flat,3,3,159,444,2012,Unfurnished,Borehole,Stable,877000
Oluyole,Room,1,1,22,571,2001,Unfurnished,Borehole,Stable,240000
Mokola,3 Bedroom Flat,3,3,132,523,1997,Fully Furnished,Well,Stable,1340000
Bodija,Self Contained,1,1,32,849,2013,Unfurnished,Borehole,Stable,503000
Challenge,Room,1,1,25,703,1990,Semi-Furnished,Borehole,Poor,236000
Ajibode,Room,1,1,25,659,2015,Semi-Furnished,Borehole,Moderate,225000
Mokola,Self Contained,1,1,39,240,2011,Fully Furnished,Well,Moderate,395000
Ajibode,Self Contained,1,1,34,581,2014,Semi-Furnished,Public,Moderate,315000
Ring Road,Self Contained,1,1,39,522,2020,Unfurnished,Well,Moderate,292000
Ologuneru,2 Bedroom Flat,2,2,77,520,2023,Unfurnished,Public,Poor,502000
Agbowo,Self Contained,1,1,29,268,2000,Unfurnished,Well,Poor,338000
Ajibode,Room,1,1,29,354,1993,Unfurnished,Well,Moderate,242000
Challenge,3 Bedroom Flat,3,3,128,537,1997,Unfurnished,Public,Stable,781000
Agbowo,Mini Flat,1,2,45,750,2014,Semi-Furnished,Borehole,Poor,707000
Mokola,Room,1,1,28,443,2020,Semi-Furnished,Borehole,Stable,223000
Ajibode,Self Contained,1,1,33,478,2012,Fully Furnished,Borehole,Stable,449000
Ajibode,Mini Flat,1,2,51,870,1993,Semi-Furnished,Borehole,Stable,625000
Ologuneru,Room,1,1,18,496,1996,Unfurnished,Well,Stable,166000
Oluyole,Self Contained,1,1,37,526,1999,Semi-Furnished,Borehole,Moderate,410000
Mokola,Room,1,1,22,529,1995,Fully Furnished,Borehole,Moderate,257000
Agbowo,Room,1,1,27,307,2020,Unfurnished,Borehole,Moderate,141000
Oluyole,Self Contained,1,1,32,652,1993,Unfurnished,Borehole,Stable,396000
Akobo,Room,1,1,24,432,2010,Fully Furnished,Borehole,Stable,271000
Akobo,Self Contained,1,1,33,544,2009,Fully Furnished,Well,Stable,569000
Oluyole,Self Contained,1,1,34,629,2006,Semi-Furnished,Borehole,Poor,432000
Akobo,Self Contained,1,1,33,899,1995,Semi-Furnished,Borehole,Moderate,521000
Agbowo,2 Bedroom Flat,2,2,76,312,2000,Unfurnished,Borehole,Moderate,672000
Agbowo,Room,1,1,21,705,2007,Unfurnished,Well,Moderate,230000
Challenge,Room,1,1,25,706,1998,Unfurnished,Borehole,Stable,171000
Agbowo,Mini Flat,1,2,56,435,2001,Unfurnished,Borehole,Moderate,558000
Oluyole,Self Contained,1,1,32,657,2020,Unfurnished,Borehole,Moderate,394000
Agbowo,Room,1,1,18,845,2020,Fully Furnished,Borehole,Moderate,314000
Akobo,Room,1,1,19,412,2023,Semi-Furnished,Borehole,Moderate,288000
Challenge,Room,1,1,21,593,2005,Unfurnished,Public,Moderate,200000
Ajibode,3 Bedroom Flat,3,3,125,622,2001,Unfurnished,Borehole,Moderate,943000
Ajibode,Self Contained,1,1,38,646,2002,Fully Furnished,Borehole,Poor,486000
Ajibode,Self Contained,1,1,33,688,2002,Unfurnished,Well,Moderate,324000
Akobo,Self Contained,1,1,30,579,1991,Unfurnished,Public,Stable,332000
Mokola,Mini Flat,1,2,64,642,2004,Fully Furnished,Public,Poor,597000
Ajibode,Self Contained,1,1,27,385,2002,Unfurnished,Borehole,Moderate,340000
Oluyole,Self Contained,1,1,33,579,2023,Semi-Furnished,Public,Moderate,422000
Agbowo,Mini Flat,1,2,53,464,2015,Unfurnished,Well,Moderate,502000
Bodija,Self Contained,1,1,32,328,1995,Unfurnished,Borehole,Poor,358000
Apata,Room,1,1,22,458,2010,Unfurnished,Borehole,Poor,129000
Agbowo,Duplex,4,4,200,598,2022,Unfurnished,Borehole,Moderate,2266000
Bodija,3 Bedroom Flat,3,3,156,628,2004,Unfurnished,Borehole,Moderate,1400000
Ajibode,Self Contained,1,1,37,321,2017,Unfurnished,Well,Stable,345000
Ajibode,Mini Flat,1,2,46,381,1995,Unfurnished,Well,Moderate,402000
Agbowo,2 Bedroom Flat,2,2,85,680,1995,Semi-Furnished,Public,Poor,771000
Ajibode,Self Contained,1,1,27,641,2000,Unfurnished,Well,Moderate,288000
Akobo,Room,1,1,20,709,2003,Unfurnished,Borehole,Moderate,242000
Agbowo,Room,1,1,27,796,2010,Unfurnished,Borehole,Moderate,229000
Bodija,2 Bedroom Flat,2,2,85,646,2009,Semi-Furnished,Borehole,Poor,1097000
Ajibode,Duplex,4,4,185,475,1994,Semi-Furnished,Public,Moderate,2204000
Agbowo,Self Contained,1,1,35,570,1998,Semi-Furnished,Public,Poor,387000
Oluyole,3 Bedroom Flat,3,3,129,848,2019,Unfurnished,Public,Moderate,1260000
Ologuneru,Self Contained,1,1,38,1047,2016,Unfurnished,Borehole,Stable,215000
Ajibode,Self Contained,1,1,29,633,1994,Fully Furnished,Borehole,Poor,391000
Ring Road,Room,1,1,23,646,1994,Unfurnished,Borehole,Moderate,173000
Akobo,Self Contained,1,1,36,680,2004,Semi-Furnished,Well,Moderate,424000
Akobo,Self Contained,1,1,35,554,1998,Fully Furnished,Well,Poor,609000
Bodija,2 Bedroom Flat,2,2,76,759,2014,Unfurnished,Borehole,Stable,923000
Ajibode,3 Bedroom Flat,3,3,135,731,1997,Semi-Furnished,Borehole,Stable,1247000
Ajibode,Mini Flat,1,2,54,613,2003,Unfurnished,Well,Stable,506000
Akobo,Self Contained,1,1,38,492,2021,Semi-Furnished,Borehole,Moderate,424000
Agbowo,Self Contained,1,1,27,276,2020,Semi-Furnished,Borehole,Stable,385000
Ring Road,3 Bedroom Flat,3,3,119,681,2012,Fully Furnished,Borehole,Moderate,1392000
Agbowo,Mini Flat,1,2,47,588,1990,Unfurnished,Borehole,Moderate,565000
Ajibode,Mini Flat,1,2,57,417,2020,Semi-Furnished,Public,Stable,615000
Oluyole,Room,1,1,23,346,1996,Unfurnished,Public,Moderate,256000
Agbowo,Duplex,4,4,203,669,2004,Unfurnished,Well,Moderate,2035000
Bodija,Self Contained,1,1,26,261,1995,Semi-Furnished,Borehole,Stable,426000
Oluyole,Self Contained,1,1,28,603,2005,Unfurnished,Borehole,Stable,332000
Ring Road,Room,1,1,28,701,2003,Unfurnished,Well,Stable,159000
Challenge,3 Bedroom Flat,3,3,122,648,2006,Unfurnished,Public,Poor,840000
Oluyole,2 Bedroom Flat,2,2,87,479,1999,Unfurnished,Borehole,Stable,814000
Oluyole,Self Contained,1,1,36,325,2018,Unfurnished,Public,Moderate,389000
Apata,2 Bedroom Flat,2,2,84,655,1997,Semi-Furnished,Borehole,Moderate,753000
Agbowo,Duplex,4,4,199,766,2000,Fully Furnished,Well,Stable,2874000
Ajibode,2 Bedroom Flat,2,2,72,446,2007,Semi-Furnished,Well,Moderate,666000
Agbowo,Room,1,1,26,641,2009,Fully Furnished,Public,Moderate,285000
Ajibode,Room,1,1,21,834,2005,Fully Furnished,Borehole,Moderate,286000
Oluyole,Self Contained,1,1,25,610,2016,Semi-Furnished,Public,Moderate,407000
Akobo,Self Contained,1,1,36,478,2012,Fully Furnished,Borehole,Poor,625000
Akobo,Room,1,1,25,737,2003,Unfurnished,Borehole,Poor,348000
Ajibode,Room,1,1,18,417,2001,Unfurnished,Borehole,Moderate,197000
Oluyole,Room,1,1,23,316,2016,Semi-Furnished,Borehole,Stable,270000
Agbowo,3 Bedroom Flat,3,3,112,696,2002,Semi-Furnished,Public,Moderate,1066000
Oluyole,2 Bedroom Flat,2,2,74,476,2005,Unfurnished,Well,Moderate,1016000
Bodija,Room,1,1,28,493,2022,Unfurnished,Borehole,Moderate,317000
Agbowo,Self Contained,1,1,36,437,2013,Unfurnished,Borehole,Stable,325000
Ajibode,2 Bedroom Flat,2,2,86,464,2001,Fully Furnished,Borehole,Moderate,911000
Ajibode,Room,1,1,23,802,1998,Unfurnished,Public,Stable,187000
Mokola,Self Contained,1,1,35,849,2002,Semi-Furnished,Borehole,Moderate,294000
Ring Road,Room,1,1,24,873,1997,Semi-Furnished,Borehole,Stable,212000
Akobo,3 Bedroom Flat,3,3,140,746,2007,Semi-Furnished,Borehole,Moderate,1350000
Ajibode,Self Contained,1,1,29,633,2016,Unfurnished,Borehole,Stable,271000
Agbowo,Room,1,1,23,292,2022,Semi-Furnished,Borehole,Poor,242000
Oluyole,Mini Flat,1,2,55,516,1996,Unfurnished,Well,Moderate,579000
Challenge,Room,1,1,21,938,2002,Semi-Furnished,Well,Moderate,199000
Ajibode,Room,1,1,23,471,2004,Unfurnished,Well,Poor,166000
Ajibode,3 Bedroom Flat,3,3,134,822,2023,Unfurnished,Well,Poor,929000
Oluyole,2 Bedroom Flat,2,2,78,559,2009,Unfurnished,Public,Stable,813000
Agbowo,Room,1,1,28,200,2006,Unfurnished,Well,Moderate,216000
Agbowo,Room,1,1,21,665,2018,Fully Furnished,Public,Poor,305000
Ajibode,2 Bedroom Flat,2,2,76,777,2010,Fully Furnished,Borehole,Poor,922000
Bodija,Self Contained,1,1,25,541,2003,Semi-Furnished,Borehole,Moderate,574000
Mokola,Mini Flat,1,2,46,771,2018,Unfurnished,Public,Poor,443000
Apata,Self Contained,1,1,34,249,2011,Semi-Furnished,Borehole,Stable,278000
Akobo,Room,1,1,19,300,2022,Semi-Furnished,Well,Stable,270000
Bodija,Room,1,1,23,586,2002,Unfurnished,Borehole,Stable,322000
Ajibode,Self Contained,1,1,38,635,2020,Unfurnished,Well,Moderate,297000
Bodija,Mini Flat,1,2,55,794,2001,Semi-Furnished,Well,Stable,601000
Agbowo,2 Bedroom Flat,2,2,98,665,2021,Unfurnished,Borehole,Stable,673000
Akobo,Room,1,1,20,335,1995,Unfurnished,Well,Moderate,294000
Agbowo,Self Contained,1,1,35,588,2000,Semi-Furnished,Well,Moderate,379000
Agbowo,Mini Flat,1,2,59,658,2012,Semi-Furnished,Well,Stable,578000
Ajibode,Mini Flat,1,2,54,212,1996,Semi-Furnished,Well,Moderate,556000
Agbowo,2 Bedroom Flat,2,2,97,542,2009,Semi-Furnished,Borehole,Moderate,893000
Ajibode,Mini Flat,1,2,54,489,1993,Semi-Furnished,Well,Moderate,567000
Ajibode,Self Contained,1,1,33,432,2010,Fully Furnished,Borehole,Poor,495000
Ologuneru,Mini Flat,1,2,61,639,2019,Fully Furnished,Well,Stable,469000
Bodija,Self Contained,1,1,26,343,2014,Unfurnished,Well,Stable,440000
Bodija,2 Bedroom Flat,2,2,81,625,2020,Semi-Furnished,Borehole,Moderate,1100000
Ring Road,Self Contained,1,1,36,650,1991,Semi-Furnished,Well,Moderate,357000
Ologuneru,Room,1,1,20,745,2009,Semi-Furnished,Well,Stable,192000
Akobo,2 Bedroom Flat,2,2,77,347,2003,Unfurnished,Borehole,Stable,898000
Mokola,Room,1,1,22,279,2012,Unfurnished,Public,Poor,190000
Agbowo,Self Contained,1,1,39,600,1994,Semi-Furnished,Borehole,Moderate,408000
Agbowo,Mini Flat,1,2,49,498,2008,Semi-Furnished,Public,Moderate,668000
Agbowo,Mini Flat,1,2,55,1072,1996,Semi-Furnished,Well,Moderate,638000
Oluyole,Self Contained,1,1,26,632,2010,Unfurnished,Borehole,Moderate,397000
Oluyole,3 Bedroom Flat,3,3,159,560,2022,Semi-Furnished,Borehole,Moderate,1215000
Agbowo,Room,1,1,18,518,2009,Semi-Furnished,Well,Stable,190000
Ajibode,Self Contained,1,1,30,330,1998,Semi-Furnished,Borehole,Stable,296000
Akobo,Mini Flat,1,2,46,651,2020,Unfurnished,Well,Moderate,778000
Ajibode,Duplex,4,4,236,535,1997,Unfurnished,Borehole,Moderate,1789000
Akobo,Room,1,1,20,535,2000,Unfurnished,Borehole,Moderate,271000
Oluyole,Room,1,1,18,566,1996,Unfurnished,Borehole,Moderate,267000
Oluyole,2 Bedroom Flat,2,2,71,589,2010,Unfurnished,Well,Moderate,699000
Challenge,Mini Flat,1,2,46,236,2017,Semi-Furnished,Borehole,Poor,478000
Ring Road,Self Contained,1,1,36,700,2004,Unfurnished,Well,Moderate,282000
Bodija,2 Bedroom Flat,2,2,76,397,1997,Unfurnished,Well,Stable,1264000
Oluyole,3 Bedroom Flat,3,3,128,525,2001,Semi-Furnished,Borehole,Poor,1389000
Akobo,Self Contained,1,1,39,781,1994,Semi-Furnished,Borehole,Poor,404000
Ajibode,Self Contained,1,1,32,870,1997,Unfurnished,Borehole,Moderate,282000
Ajibode,Self Contained,1,1,37,243,2003,Unfurnished,Well,Moderate,311000
Agbowo,Self Contained,1,1,26,555,1993,Unfurnished,Public,Stable,309000
Bodija,Self Contained,1,1,25,599,2016,Unfurnished,Borehole,Stable,473000
Akobo,Room,1,1,28,278,2004,Semi-Furnished,Well,Poor,326000
Mokola,2 Bedroom Flat,2,2,82,694,2009,Semi-Furnished,Borehole,Moderate,795000
Ajibode,Self Contained,1,1,36,570,2011,Unfurnished,Well,Poor,295000
Ajibode,2 Bedroom Flat,2,2,93,584,2019,Fully Furnished,Borehole,Poor,900000
Ologuneru,2 Bedroom Flat,2,2,80,384,2022,Unfurnished,Borehole,Poor,511000
Ajibode,Self Contained,1,1,36,624,2017,Unfurnished,Borehole,Moderate,266000
Bodija,Room,1,1,24,700,1993,Semi-Furnished,Borehole,Stable,271000
Akobo,Room,1,1,26,572,2003,Semi-Furnished,Borehole,Stable,277000
Bodija,Room,1,1,28,457,1991,Unfurnished,Borehole,Moderate,264000
Ajibode,2 Bedroom Flat,2,2,85,471,2008,Unfurnished,Borehole,Stable,620000
Ajibode,Self Contained,1,1,30,589,2003,Semi-Furnished,Public,Moderate,294000
Ajibode,Mini Flat,1,2,57,558,1996,Fully Furnished,Borehole,Stable,802000
Akobo,Room,1,1,20,712,1998,Unfurnished,Well,Poor,285000
Bodija,Mini Flat,1,2,60,463,2022,Semi-Furnished,Borehole,Stable,608000
Agbowo,Duplex,4,4,197,330,2013,Fully Furnished,Well,Poor,2669000
Akobo,Room,1,1,25,614,2010,Unfurnished,Well,Poor,265000
Mokola,Room,1,1,26,464,1990,Unfurnished,Public,Stable,184000
Ajibode,2 Bedroom Flat,2,2,78,691,2010,Unfurnished,Public,Moderate,853000
Bodija,Self Contained,1,1,28,551,2013,Unfurnished,Borehole,Stable,503000
Oluyole,Self Contained,1,1,39,667,1993,Unfurnished,Borehole,Moderate,471000
Agbowo,2 Bedroom Flat,2,2,75,367,1995,Semi-Furnished,Well,Stable,919000
Agbowo,2 Bedroom Flat,2,2,89,575,1992,Unfurnished,Borehole,Poor,753000
Akobo,Duplex,4,4,211,424,2023,Unfurnished,Well,Moderate,2380000
Ring Road,Room,1,1,25,330,2014,Semi-Furnished,Borehole,Moderate,241000
Challenge,Self Contained,1,1,37,395,2016,Unfurnished,Public,Moderate,285000
Akobo,Room,1,1,21,451,2007,Fully Furnished,Borehole,Moderate,360000
Oluyole,Self Contained,1,1,35,774,1994,Unfurnished,Borehole,Moderate,342000
Agbowo,2 Bedroom Flat,2,2,74,447,2013,Unfurnished,Borehole,Poor,775000
Akobo,Self Contained,1,1,30,321,2021,Unfurnished,Well,Moderate,367000
Bodija,Self Contained,1,1,38,573,2010,Semi-Furnished,Borehole,Moderate,580000
Ajibode,Mini Flat,1,2,59,555,2023,Semi-Furnished,Borehole,Poor,514000
Oluyole,Room,1,1,27,461,2018,Unfurnished,Borehole,Moderate,244000
Bodija,Room,1,1,22,520,1994,Semi-Furnished,Public,Poor,364000
Agbowo,Self Contained,1,1,28,725,2017,Unfurnished,Borehole,Moderate,357000
Ring Road,2 Bedroom Flat,2,2,83,670,1995,Unfurnished,Borehole,Moderate,559000
Ajibode,Mini Flat,1,2,64,655,2000,Semi-Furnished,Borehole,Moderate,549000
Agbowo,Mini Flat,1,2,56,336,1997,Unfurnished,Borehole,Stable,462000
Ajibode,Room,1,1,18,1069,2000,Semi-Furnished,Public,Moderate,260000
Challenge,2 Bedroom Flat,2,2,74,739,2009,Semi-Furnished,Public,Moderate,734000
Oluyole,Room,1,1,29,643,2011,Unfurnished,Public,Moderate,191000
Agbowo,Mini Flat,1,2,64,340,2001,Unfurnished,Well,Moderate,393000
Oluyole,Room,1,1,27,720,1994,Unfurnished,Borehole,Stable,243000
Agbowo,3 Bedroom Flat,3,3,150,459,2023,Unfurnished,Borehole,Poor,1091000
Challenge,Room,1,1,25,515,2023,Fully Furnished,Borehole,Poor,228000
Bodija,Room,1,1,23,247,2019,Unfurnished,Borehole,Poor,244000
Agbowo,2 Bedroom Flat,2,2,99,326,2012,Semi-Furnished,Borehole,Poor,932000
Apata,Room,1,1,20,628,2014,Unfurnished,Borehole,Moderate,185000
Agbowo,Self Contained,1,1,33,731,1995,Unfurnished,Borehole,Moderate,242000
Ajibode,Self Contained,1,1,27,673,2018,Fully Furnished,Well,Moderate,340000
Akobo,Self Contained,1,1,25,667,2010,Semi-Furnished,Public,Moderate,531000
Ologuneru,Mini Flat,1,2,60,538,1996,Semi-Furnished,Borehole,Moderate,466000
Agbowo,Self Contained,1,1,32,476,1998,Semi-Furnished,Well,Poor,422000
Ajibode,Self Contained,1,1,29,602,1990,Semi-Furnished,Borehole,Moderate,357000
Agbowo,Mini Flat,1,2,56,697,2020,Semi-Furnished,Borehole,Poor,618000
Bodija,Room,1,1,29,550,2009,Unfurnished,Public,Poor,281000
Ajibode,Mini Flat,1,2,57,767,2017,Semi-Furnished,Borehole,Stable,635000
Akobo,Room,1,1,24,511,2008,Semi-Furnished,Borehole,Poor,315000
Ologuneru,2 Bedroom Flat,2,2,74,373,1990,Semi-Furnished,Borehole,Stable,687000
Bodija,Self Contained,1,1,29,548,2018,Fully Furnished,Well,Poor,597000
Agbowo,Mini Flat,1,2,45,569,1999,Unfurnished,Well,Stable,565000
Agbowo,Room,1,1,27,535,2012,Semi-Furnished,Borehole,Moderate,308000
Ajibode,3 Bedroom Flat,3,3,150,780,2007,Fully Furnished,Borehole,Stable,1397000
Ring Road,3 Bedroom Flat,3,3,147,694,2018,Unfurnished,Well,Poor,924000
Agbowo,2 Bedroom Flat,2,2,91,292,2017,Semi-Furnished,Borehole,Stable,1015000
Agbowo,2 Bedroom Flat,2,2,87,826,1996,Fully Furnished,Borehole,Moderate,1058000
Akobo,Mini Flat,1,2,56,200,2020,Fully Furnished,Well,Poor,708000
Bodija,Room,1,1,22,937,1991,Semi-Furnished,Borehole,Stable,392000
Akobo,Self Contained,1,1,33,498,2004,Unfurnished,Borehole,Stable,483000
Ajibode,Room,1,1,21,515,2011,Unfurnished,Well,Poor,206000
Mokola,Room,1,1,26,539,2000,Semi-Furnished,Borehole,Stable,196000
Apata,Mini Flat,1,2,51,619,2008,Unfurnished,Borehole,Stable,466000
Akobo,Duplex,4,4,236,549,1995,Semi-Furnished,Borehole,Stable,3333000
Apata,3 Bedroom Flat,3,3,133,525,1998,Unfurnished,Well,Poor,813000
Ajibode,Self Contained,1,1,38,785,2018,Unfurnished,Borehole,Poor,307000
Bodija,Room,1,1,23,651,1992,Fully Furnished,Well,Stable,424000
Akobo,Mini Flat,1,2,60,377,2002,Unfurnished,Borehole,Moderate,688000
Akobo,Room,1,1,24,683,2004,Unfurnished,Borehole,Moderate,262000
Agbowo,2 Bedroom Flat,2,2,77,644,1994,Unfurnished,Borehole,Stable,659000
Agbowo,2 Bedroom Flat,2,2,95,451,1994,Fully Furnished,Well,Moderate,975000
Ajibode,Mini Flat,1,2,53,692,1991,Semi-Furnished,Borehole,Stable,613000
Agbowo,2 Bedroom Flat,2,2,82,521,2019,Semi-Furnished,Borehole,Poor,714000
Ajibode,Room,1,1,21,510,2017,Unfurnished,Well,Poor,208000
Oluyole,2 Bedroom Flat,2,2,78,505,2021,Semi-Furnished,Borehole,Moderate,1176000
Ajibode,Room,1,1,28,200,2009,Fully Furnished,Well,Stable,275000
Ajibode,Self Contained,1,1,27,455,2009,Semi-Furnished,Borehole,Stable,318000
Bodija,3 Bedroom Flat,3,3,123,678,2018,Semi-Furnished,Borehole,Moderate,1701000
Akobo,Self Contained,1,1,31,545,2021,Unfurnished,Borehole,Stable,411000
Ring Road,2 Bedroom Flat,2,2,75,318,2006,Unfurnished,Public,Moderate,692000
Akobo,Room,1,1,21,723,1997,Unfurnished,Borehole,Moderate,298000
Agbowo,Room,1,1,21,496,2010,Unfurnished,Borehole,Moderate,209000
Challenge,3 Bedroom Flat,3,3,148,330,2012,Unfurnished,Well,Moderate,909000
Bodija,2 Bedroom Flat,2,2,84,947,2016,Semi-Furnished,Borehole,Moderate,1004000
Ajibode,2 Bedroom Flat,2,2,99,360,1995,Semi-Furnished,Borehole,Moderate,660000
Akobo,Self Contained,1,1,36,708,1997,Fully Furnished,Public,Poor,526000
Ring Road,Room,1,1,22,411,1994,Unfurnished,Borehole,Moderate,187000
Agbowo,Room,1,1,21,574,2022,Unfurnished,Well,Stable,201000
Agbowo,2 Bedroom Flat,2,2,74,387,1990,Unfurnished,Borehole,Poor,805000
Ajibode,2 Bedroom Flat,2,2,83,326,2013,Semi-Furnished,Borehole,Moderate,624000
Ajibode,Room,1,1,26,643,2021,Unfurnished,Borehole,Moderate,217000
Agbowo,Mini Flat,1,2,63,622,2022,Fully Furnished,Borehole,Moderate,837000
Akobo,Self Contained,1,1,25,756,1991,Unfurnished,Well,Stable,424000
Ajibode,Self Contained,1,1,34,543,2006,Unfurnished,Well,Moderate,337000
Apata,Self Contained,1,1,25,949,1999,Unfurnished,Well,Stable,260000
Challenge,Self Contained,1,1,39,598,1991,Unfurnished,Well,Moderate,251000
Akobo,Room,1,1,26,652,2001,Unfurnished,Borehole,Stable,193000
Mokola,Room,1,1,27,305,2019,Unfurnished,Borehole,Stable,168000
Ajibode,Room,1,1,22,439,2004,Fully Furnished,Borehole,Moderate,232000
Bodija,Self Contained,1,1,25,643,2012,Semi-Furnished,Borehole,Moderate,518000
Akobo,Self Contained,1,1,26,534,2007,Semi-Furnished,Well,Stable,542000
Mokola,Duplex,4,4,181,583,2020,Fully Furnished,Borehole,Moderate,2239000
Challenge,3 Bedroom Flat,3,3,114,403,2018,Semi-Furnished,Borehole,Moderate,1137000
Agbowo,Mini Flat,1,2,49,571,2003,Semi-Furnished,Public,Moderate,677000
Apata,Self Contained,1,1,33,571,2012,Unfurnished,Borehole,Poor,222000
Ajibode,Self Contained,1,1,27,337,2014,Semi-Furnished,Well,Moderate,285000
Ring Road,Self Contained,1,1,26,665,2017,Semi-Furnished,Borehole,Moderate,347000
Ologuneru,Self Contained,1,1,26,243,2019,Fully Furnished,Borehole,Moderate,389000
Ajibode,2 Bedroom Flat,2,2,70,583,2016,Unfurnished,Well,Moderate,807000
Oluyole,Mini Flat,1,2,50,867,1997,Unfurnished,Borehole,Moderate,708000
Ajibode,Mini Flat,1,2,48,672,2008,Fully Furnished,Borehole,Poor,701000
Agbowo,Self Contained,1,1,38,671,1990,Unfurnished,Well,Moderate,221000
Bodija,Self Contained,1,1,35,388,2009,Unfurnished,Borehole,Stable,407000
Akobo,Self Contained,1,1,32,868,2019,Semi-Furnished,Well,Poor,541000
Apata,Mini Flat,1,2,53,797,2018,Semi-Furnished,Borehole,Moderate,382000
Oluyole,Mini Flat,1,2,64,398,1997,Semi-Furnished,Borehole,Poor,700000
Bodija,2 Bedroom Flat,2,2,77,464,2003,Semi-Furnished,Borehole,Moderate,1060000
Challenge,Self Contained,1,1,30,775,1992,Fully Furnished,Well,Poor,344000
Apata,Room,1,1,21,873,1992,Unfurnished,Well,Moderate,174000
Ajibode,2 Bedroom Flat,2,2,82,322,2003,Fully Furnished,Borehole,Stable,884000
Ologuneru,Mini Flat,1,2,52,369,2010,Unfurnished,Well,Poor,430000
Ajibode,3 Bedroom Flat,3,3,113,524,2016,Unfurnished,Borehole,Moderate,1195000
Mokola,Self Contained,1,1,31,200,2017,Unfurnished,Well,Stable,265000
Agbowo,Room,1,1,28,553,2017,Unfurnished,Borehole,Poor,219000
Ajibode,2 Bedroom Flat,2,2,88,763,1994,Unfurnished,Borehole,Moderate,669000
Agbowo,Room,1,1,25,291,1999,Unfurnished,Well,Moderate,233000
Akobo,Room,1,1,21,572,1998,Semi-Furnished,Borehole,Moderate,313000
Agbowo,Mini Flat,1,2,54,445,2009,Semi-Furnished,Borehole,Poor,615000
Ajibode,Mini Flat,1,2,53,845,2018,Unfurnished,Well,Poor,362000
Akobo,Room,1,1,26,447,2018,Unfurnished,Borehole,Stable,295000
Ring Road,Room,1,1,27,823,2017,Unfurnished,Well,Moderate,169000
Agbowo,Self Contained,1,1,39,442,2000,Unfurnished,Well,Stable,304000
Ajibode,Mini Flat,1,2,54,688,2010,Fully Furnished,Public,Stable,682000
Bodija,Duplex,4,4,236,595,2012,Unfurnished,Well,Moderate,3409000
Ajibode,Room,1,1,19,525,2018,Semi-Furnished,Borehole,Moderate,196000
Mokola,Room,1,1,24,407,2004,Semi-Furnished,Borehole,Poor,244000
Mokola,Mini Flat,1,2,60,608,2006,Fully Furnished,Well,Poor,613000
Akobo,2 Bedroom Flat,2,2,98,470,2013,Unfurnished,Borehole,Stable,841000
Agbowo,Room,1,1,19,425,2009,Semi-Furnished,Borehole,Stable,240000
Challenge,Room,1,1,19,815,2000,Unfurnished,Borehole,Poor,211000
Bodija,Room,1,1,25,648,2019,Semi-Furnished,Public,Poor,330000
Mokola,Room,1,1,23,665,2009,Semi-Furnished,Well,Stable,211000
Akobo,Self Contained,1,1,39,479,2011,Unfurnished,Well,Poor,402000
Challenge,Room,1,1,18,516,2013,Semi-Furnished,Borehole,Moderate,173000
Akobo,Room,1,1,24,505,2003,Unfurnished,Borehole,Poor,235000
Agbowo,3 Bedroom Flat,3,3,118,610,2002,Semi-Furnished,Borehole,Moderate,949000
Apata,Mini Flat,1,2,47,665,1990,Unfurnished,Public,Moderate,342000
Bodija,Room,1,1,29,544,2016,Unfurnished,Public,Poor,308000
Akobo,Mini Flat,1,2,57,407,2002,Unfurnished,Well,Stable,614000
Agbowo,Room,1,1,27,686,1997,Unfurnished,Borehole,Poor,191000
Akobo,Self Contained,1,1,27,556,2007,Unfurnished,Borehole,Poor,431000
Akobo,Self Contained,1,1,38,290,2023,Semi-Furnished,Borehole,Moderate,573000
Ajibode,Mini Flat,1,2,46,200,1995,Fully Furnished,Well,Stable,632000
Ajibode,3 Bedroom Flat,3,3,122,603,2016,Unfurnished,Borehole,Poor,885000
Akobo,Room,1,1,29,400,2007,Unfurnished,Public,Moderate,217000
Challenge,Room,1,1,24,627,1998,Fully Furnished,Borehole,Poor,278000
Bodija,Room,1,1,24,410,2004,Unfurnished,Well,Poor,258000
Agbowo,Self Contained,1,1,27,573,2012,Unfurnished,Well,Moderate,329000
Oluyole,Room,1,1,28,481,1992,Unfurnished,Well,Poor,213000
Ajibode,Self Contained,1,1,28,865,1998,Semi-Furnished,Borehole,Moderate,361000
Bodija,Self Contained,1,1,38,721,2011,Semi-Furnished,Well,Moderate,575000
Ajibode,3 Bedroom Flat,3,3,145,792,2012,Unfurnished,Well,Moderate,923000
Ajibode,3 Bedroom Flat,3,3,152,554,2009,Semi-Furnished,Well,Moderate,1225000
Ajibode,Self Contained,1,1,30,698,1996,Unfurnished,Well,Stable,308000
Agbowo,Self Contained,1,1,31,566,2006,Unfurnished,Borehole,Moderate,275000
Ajibode,2 Bedroom Flat,2,2,91,814,1992,Unfurnished,Public,Moderate,841000
Agbowo,Mini Flat,1,2,58,536,1996,Unfurnished,Borehole,Stable,448000
Bodija,2 Bedroom Flat,2,2,91,298,2002,Semi-Furnished,Borehole,Moderate,1253000
Bodija,Self Contained,1,1,37,200,2012,Unfurnished,Borehole,Stable,487000
Agbowo,Room,1,1,18,850,1993,Unfurnished,Borehole,Moderate,224000
Mokola,Room,1,1,20,636,1998,Unfurnished,Well,Poor,190000
Ajibode,Room,1,1,19,647,1995,Semi-Furnished,Well,Poor,242000
Bodija,Mini Flat,1,2,59,818,2007,Fully Furnished,Borehole,Moderate,968000
Ajibode,Self Contained,1,1,34,252,2012,Semi-Furnished,Public,Poor,377000
Ajibode,Room,1,1,24,485,2020,Fully Furnished,Public,Poor,259000
Akobo,2 Bedroom Flat,2,2,93,507,2009,Unfurnished,Well,Poor,1196000
Akobo,Mini Flat,1,2,58,683,1996,Fully Furnished,Well,Stable,740000
Ring Road,Self Contained,1,1,25,425,2001,Unfurnished,Borehole,Poor,301000
Bodija,Self Contained,1,1,33,333,1993,Unfurnished,Borehole,Moderate,360000
Apata,Self Contained,1,1,31,332,2001,Unfurnished,Public,Stable,266000
Ajibode,Mini Flat,1,2,59,756,2004,Semi-Furnished,Well,Poor,514000
Ajibode,Self Contained,1,1,28,416,1991,Semi-Furnished,Borehole,Moderate,393000
Ajibode,2 Bedroom Flat,2,2,88,450,2000,Unfurnished,Well,Stable,716000
Ajibode,Mini Flat,1,2,48,664,2022,Semi-Furnished,Well,Stable,572000
Bodija,Self Contained,1,1,38,424,2003,Unfurnished,Borehole,Moderate,459000
Akobo,Mini Flat,1,2,59,243,2016,Fully Furnished,Well,Poor,942000
Ajibode,Self Contained,1,1,37,265,1993,Unfurnished,Borehole,Moderate,388000
Apata,Room,1,1,29,539,2009,Unfurnished,Well,Poor,148000
Mokola,Mini Flat,1,2,59,639,1991,Unfurnished,Borehole,Moderate,442000
Agbowo,2 Bedroom Flat,2,2,72,513,1993,Unfurnished,Public,Moderate,689000
Ajibode,Self Contained,1,1,33,627,2013,Unfurnished,Well,Moderate,318000
Ajibode,Self Contained,1,1,28,259,1998,Semi-Furnished,Borehole,Poor,368000
Ajibode,Room,1,1,22,271,2008,Semi-Furnished,Borehole,Stable,184000
Ajibode,Room,1,1,24,955,1997,Semi-Furnished,Public,Moderate,255000
Bodija,Room,1,1,26,771,2017,Unfurnished,Borehole,Moderate,293000
Agbowo,3 Bedroom Flat,3,3,152,688,2002,Semi-Furnished,Well,Stable,1276000
Agbowo,Room,1,1,21,431,1997,Semi-Furnished,Public,Stable,243000
Ologuneru,Room,1,1,22,507,2003,Unfurnished,Borehole,Poor,161000
Oluyole,Mini Flat,1,2,48,549,1999,Unfurnished,Borehole,Moderate,544000
Apata,2 Bedroom Flat,2,2,99,786,2009,Unfurnished,Well,Moderate,597000
Ajibode,3 Bedroom Flat,3,3,150,622,1990,Unfurnished,Borehole,Stable,1131000
Agbowo,Mini Flat,1,2,47,644,2001,Fully Furnished,Borehole,Moderate,739000
Bodija,Room,1,1,24,519,2009,Unfurnished,Borehole,Poor,302000
Ajibode,Self Contained,1,1,33,692,2001,Semi-Furnished,Well,Moderate,348000
Ajibode,2 Bedroom Flat,2,2,96,604,2001,Semi-Furnished,Well,Poor,955000
Oluyole,Room,1,1,18,557,2018,Fully Furnished,Borehole,Moderate,447000
Akobo,Room,1,1,23,416,1992,Unfurnished,Public,Poor,296000
Agbowo,3 Bedroom Flat,3,3,158,529,1996,Unfurnished,Borehole,Moderate,1142000
Bodija,2 Bedroom Flat,2,2,72,355,2012,Semi-Furnished,Borehole,Moderate,1337000
Agbowo,Mini Flat,1,2,49,542,2002,Unfurnished,Well,Stable,590000
Ajibode,Room,1,1,29,566,2000,Semi-Furnished,Public,Stable,213000
Agbowo,Mini Flat,1,2,52,200,2014,Unfurnished,Public,Moderate,451000
Ajibode,Room,1,1,20,508,2009,Unfurnished,Borehole,Poor,196000
Ajibode,Room,1,1,20,338,2016,Unfurnished,Borehole,Moderate,181000
Apata,Room,1,1,27,639,1995,Semi-Furnished,Borehole,Stable,185000
Akobo,Room,1,1,29,664,1995,Semi-Furnished,Well,Stable,284000
Oluyole,2 Bedroom Flat,2,2,87,473,1998,Unfurnished,Well,Stable,851000
Agbowo,Mini Flat,1,2,48,648,2010,Unfurnished,Well,Stable,559000
Agbowo,Mini Flat,1,2,51,656,2007,Fully Furnished,Well,Stable,728000
Agbowo,Mini Flat,1,2,61,508,1990,Unfurnished,Borehole,Stable,425000
Ajibode,Room,1,1,21,826,2001,Semi-Furnished,Borehole,Poor,215000
Ajibode,Room,1,1,18,419,1990,Unfurnished,Well,Stable,205000
Challenge,Room,1,1,27,814,2017,Fully Furnished,Borehole,Poor,254000
Oluyole,2 Bedroom Flat,2,2,73,509,2013,Unfurnished,Borehole,Moderate,867000
Bodija,Self Contained,1,1,35,398,2008,Semi-Furnished,Borehole,Stable,464000
Bodija,Room,1,1,29,486,2003,Fully Furnished,Well,Stable,292000
Apata,Room,1,1,25,352,2003,Fully Furnished,Borehole,Stable,258000
Ajibode,Self Contained,1,1,25,691,2015,Semi-Furnished,Well,Moderate,319000
Agbowo,Room,1,1,27,261,2005,Semi-Furnished,Well,Stable,239000
Agbowo,Room,1,1,29,800,2013,Unfurnished,Borehole,Stable,185000
Challenge,Self Contained,1,1,37,381,2021,Semi-Furnished,Well,Moderate,280000
Ologuneru,2 Bedroom Flat,2,2,84,700,1995,Unfurnished,Well,Moderate,618000
Agbowo,Room,1,1,18,554,2019,Unfurnished,Well,Moderate,201000
Ring Road,Self Contained,1,1,32,598,2012,Unfurnished,Well,Stable,197000
Mokola,2 Bedroom Flat,2,2,86,443,2008,Unfurnished,Borehole,Stable,632000
Agbowo,Self Contained,1,1,35,613,2014,Fully Furnished,Borehole,Moderate,494000
Agbowo,Mini Flat,1,2,50,574,2014,Semi-Furnished,Public,Poor,559000
Agbowo,Mini Flat,1,2,57,287,1991,Unfurnished,Borehole,Poor,464000
Ologuneru,2 Bedroom Flat,2,2,96,376,1999,Fully Furnished,Well,Stable,856000
Ajibode,Room,1,1,21,452,2016,Unfurnished,Public,Stable,176000
Challenge,Self Contained,1,1,29,414,1997,Semi-Furnished,Public,Stable,227000
Agbowo,Room,1,1,29,775,2022,Unfurnished,Well,Poor,233000
Oluyole,Room,1,1,18,551,2008,Unfurnished,Borehole,Poor,204000
Agbowo,Room,1,1,23,409,2019,Semi-Furnished,Well,Poor,293000
Akobo,Room,1,1,27,461,2023,Unfurnished,Borehole,Moderate,283000
Mokola,2 Bedroom Flat,2,2,95,459,2003,Unfurnished,Well,Moderate,646000
Challenge,Room,1,1,20,498,2009,Semi-Furnished,Borehole,Poor,204000
Mokola,Room,1,1,22,356,2012,Unfurnished,Well,Poor,191000
Ajibode,Room,1,1,24,403,2004,Fully Furnished,Borehole,Moderate,268000
Oluyole,Mini Flat,1,2,58,687,1991,Semi-Furnished,Public,Moderate,618000
Ajibode,Self Contained,1,1,38,583,2013,Fully Furnished,Well,Stable,400000
Agbowo,Self Contained,1,1,38,522,2013,Fully Furnished,Borehole,Moderate,456000
Bodija,Mini Flat,1,2,61,550,2020,Unfurnished,Borehole,Moderate,855000
Agbowo,Room,1,1,21,541,2005,Unfurnished,Well,Poor,212000
Bodija,2 Bedroom Flat,2,2,82,512,1993,Semi-Furnished,Well,Moderate,1222000
Ologuneru,Self Contained,1,1,26,643,2023,Fully Furnished,Public,Moderate,300000
Ajibode,Room,1,1,20,629,2004,Unfurnished,Borehole,Stable,185000
Oluyole,Room,1,1,22,267,2008,Semi-Furnished,Well,Poor,286000
Agbowo,Duplex,4,4,206,526,2008,Semi-Furnished,Borehole,Poor,2478000
Ajibode,2 Bedroom Flat,2,2,75,278,2009,Semi-Furnished,Borehole,Moderate,876000
Ajibode,Self Contained,1,1,32,664,2018,Unfurnished,Well,Stable,353000
Apata,Self Contained,1,1,31,688,2004,Fully Furnished,Well,Poor,297000
Ring Road,Mini Flat,1,2,64,440,2009,Unfurnished,Borehole,Poor,571000
Ring Road,Room,1,1,18,528,2021,Unfurnished,Borehole,Moderate,221000
Ologuneru,Room,1,1,24,200,2002,Unfurnished,Borehole,Stable,129000
Ajibode,Mini Flat,1,2,57,725,1996,Unfurnished,Borehole,Poor,499000
Agbowo,Mini Flat,1,2,58,677,2005,Unfurnished,Borehole,Moderate,519000
Oluyole,2 Bedroom Flat,2,2,88,757,1999,Unfurnished,Borehole,Poor,840000
Bodija,Mini Flat,1,2,58,817,1991,Semi-Furnished,Public,Moderate,850000
Agbowo,Mini Flat,1,2,61,329,2007,Fully Furnished,Well,Moderate,752000
Agbowo,Self Contained,1,1,33,709,2023,Fully Furnished,Borehole,Stable,520000
Akobo,Self Contained,1,1,30,816,2010,Semi-Furnished,Well,Moderate,485000
Akobo,Self Contained,1,1,36,280,2010,Unfurnished,Borehole,Stable,395000
Ajibode,3 Bedroom Flat,3,3,137,519,1990,Unfurnished,Borehole,Stable,1084000
Bodija,3 Bedroom Flat,3,3,127,484,2004,Unfurnished,Borehole,Moderate,1556000
Bodija,2 Bedroom Flat,2,2,88,703,1999,Unfurnished,Well,Stable,812000
Akobo,Self Contained,1,1,29,200,2014,Unfurnished,Public,Poor,411000
Ajibode,Room,1,1,21,876,2021,Semi-Furnished,Borehole,Moderate,231000
Challenge,Room,1,1,21,529,2020,Unfurnished,Borehole,Stable,151000
Ajibode,2 Bedroom Flat,2,2,87,714,1999,Fully Furnished,Well,Moderate,899000
Agbowo,Room,1,1,20,539,1992,Semi-Furnished,Borehole,Stable,264000
Challenge,Self Contained,1,1,28,638,2011,Unfurnished,Borehole,Moderate,248000
Akobo,2 Bedroom Flat,2,2,95,200,1991,Fully Furnished,Public,Moderate,1128000
Agbowo,Room,1,1,21,480,2012,Semi-Furnished,Well,Moderate,235000
Oluyole,2 Bedroom Flat,2,2,79,702,2013,Unfurnished,Well,Poor,844000
Akobo,Room,1,1,21,601,2021,Fully Furnished,Borehole,Poor,304000
Challenge,2 Bedroom Flat,2,2,81,255,2022,Unfurnished,Well,Moderate,627000
Oluyole,Mini Flat,1,2,46,561,2016,Semi-Furnished,Public,Stable,765000
Akobo,Room,1,1,23,402,2002,Unfurnished,Borehole,Moderate,253000
Bodija,Self Contained,1,1,28,387,2018,Fully Furnished,Well,Moderate,572000
Ajibode,Self Contained,1,1,33,276,2014,Unfurnished,Well,Poor,292000
Agbowo,Self Contained,1,1,25,661,2008,Unfurnished,Borehole,Moderate,287000
Agbowo,2 Bedroom Flat,2,2,80,750,1990,Semi-Furnished,Borehole,Moderate,971000
Akobo,Self Contained,1,1,27,931,2005,Unfurnished,Borehole,Poor,303000
Bodija,Self Contained,1,1,33,284,1997,Unfurnished,Borehole,Stable,302000
Agbowo,Self Contained,1,1,30,688,1996,Unfurnished,Borehole,Poor,288000
Ajibode,Room,1,1,23,699,2010,Fully Furnished,Well,Moderate,232000
Bodija,Mini Flat,1,2,50,445,2000,Unfurnished,Well,Stable,690000
Agbowo,Self Contained,1,1,36,384,2015,Unfurnished,Borehole,Poor,292000
Oluyole,2 Bedroom Flat,2,2,72,354,2004,Unfurnished,Borehole,Moderate,829000
Ajibode,Self Contained,1,1,38,455,1995,Unfurnished,Borehole,Moderate,302000
Akobo,3 Bedroom Flat,3,3,110,586,1993,Semi-Furnished,Borehole,Moderate,1756000
Apata,Self Contained,1,1,31,794,2008,Semi-Furnished,Borehole,Moderate,301000
Ajibode,Self Contained,1,1,39,748,2010,Semi-Furnished,Borehole,Moderate,332000
Bodija,Room,1,1,21,259,2007,Unfurnished,Borehole,Moderate,272000
Ajibode,2 Bedroom Flat,2,2,72,408,2004,Unfurnished,Well,Stable,749000
Akobo,Room,1,1,23,783,1991,Unfurnished,Borehole,Stable,217000
Bodija,Room,1,1,18,418,2020,Semi-Furnished,Well,Moderate,283000
Agbowo,Room,1,1,27,539,1995,Semi-Furnished,Well,Moderate,242000
Bodija,2 Bedroom Flat,2,2,82,243,2008,Unfurnished,Borehole,Stable,879000
Ring Road,Mini Flat,1,2,49,757,2004,Unfurnished,Public,Moderate,467000
Ajibode,Room,1,1,22,205,2022,Semi-Furnished,Well,Stable,211000
Ajibode,2 Bedroom Flat,2,2,92,254,2015,Unfurnished,Borehole,Moderate,755000
Mokola,2 Bedroom Flat,2,2,95,739,2019,Unfurnished,Well,Stable,638000
Akobo,Room,1,1,29,895,2000,Unfurnished,Well,Poor,278000
Ring Road,Room,1,1,28,497,1990,Unfurnished,Borehole,Moderate,184000
Akobo,Mini Flat,1,2,61,541,2003,Fully Furnished,Borehole,Moderate,932000
Mokola,2 Bedroom Flat,2,2,79,713,1999,Unfurnished,Borehole,Moderate,688000
Agbowo,Mini Flat,1,2,58,602,2006,Unfurnished,Well,Poor,593000
Challenge,2 Bedroom Flat,2,2,72,482,2000,Fully Furnished,Borehole,Stable,780000
Ring Road,Room,1,1,25,462,2004,Semi-Furnished,Public,Moderate,165000
Akobo,Room,1,1,25,267,2001,Semi-Furnished,Well,Moderate,381000
Ajibode,Self Contained,1,1,31,591,1992,Semi-Furnished,Borehole,Moderate,390000
Agbowo,Room,1,1,26,533,2011,Unfurnished,Well,Poor,221000
Ajibode,Mini Flat,1,2,64,471,2015,Unfurnished,Borehole,Poor,499000
Agbowo,2 Bedroom Flat,2,2,77,369,2012,Semi-Furnished,Borehole,Moderate,767000
Agbowo,Self Contained,1,1,35,387,2005,Semi-Furnished,Well,Moderate,383000
Bodija,Self Contained,1,1,31,661,1992,Fully Furnished,Well,Stable,486000
Akobo,Self Contained,1,1,32,708,2019,Unfurnished,Borehole,Moderate,375000
Agbowo,Room,1,1,24,491,2002,Unfurnished,Public,Poor,200000
Akobo,Room,1,1,29,472,1997,Unfurnished,Well,Stable,289000
Ajibode,Mini Flat,1,2,49,396,2013,Semi-Furnished,Public,Poor,561000
Ajibode,2 Bedroom Flat,2,2,70,718,1994,Unfurnished,Well,Moderate,768000
Ajibode,Self Contained,1,1,38,555,1996,Unfurnished,Borehole,Poor,332000
Bodija,Room,1,1,19,616,2016,Unfurnished,Borehole,Moderate,296000
Ajibode,2 Bedroom Flat,2,2,83,614,2001,Unfurnished,Well,Moderate,781000
Agbowo,Room,1,1,22,494,2014,Unfurnished,Public,Poor,243000
Agbowo,Mini Flat,1,2,64,340,2022,Fully Furnished,Borehole,Stable,733000
Mokola,Mini Flat,1,2,63,370,2004,Unfurnished,Borehole,Moderate,557000
Ajibode,Room,1,1,26,753,2020,Semi-Furnished,Borehole,Poor,213000
Akobo,Self Contained,1,1,32,419,2000,Semi-Furnished,Public,Stable,501000
Oluyole,Self Contained,1,1,30,476,1995,Unfurnished,Well,Stable,429000
Challenge,Room,1,1,26,345,2015,Unfurnished,Borehole,Poor,186000
Apata,Room,1,1,23,331,1997,Semi-Furnished,Borehole,Stable,182000
Ajibode,Self Contained,1,1,34,411,2019,Semi-Furnished,Borehole,Moderate,265000
Ajibode,2 Bedroom Flat,2,2,77,853,2005,Unfurnished,Borehole,Moderate,745000
Ring Road,Room,1,1,25,668,2004,Unfurnished,Borehole,Stable,170000
Bodija,Room,1,1,29,455,1997,Unfurnished,Well,Moderate,302000
Akobo,Room,1,1,26,744,1998,Unfurnished,Well,Stable,299000
Oluyole,Duplex,4,4,256,522,2010,Semi-Furnished,Well,Poor,2767000
Oluyole,Room,1,1,21,793,1994,Semi-Furnished,Well,Moderate,298000
Apata,Self Contained,1,1,34,948,2008,Unfurnished,Borehole,Moderate,198000
Ologuneru,Room,1,1,18,735,2005,Unfurnished,Borehole,Moderate,174000
Oluyole,Self Contained,1,1,38,567,2007,Semi-Furnished,Well,Stable,485000
Agbowo,Mini Flat,1,2,47,675,2001,Unfurnished,Well,Moderate,416000
Ring Road,Self Contained,1,1,37,552,2005,Unfurnished,Well,Moderate,320000
Ajibode,Mini Flat,1,2,53,219,1994,Fully Furnished,Borehole,Moderate,641000
Agbowo,Room,1,1,25,432,1992,Unfurnished,Well,Moderate,202000
Ring Road,2 Bedroom Flat,2,2,77,378,1996,Unfurnished,Well,Moderate,724000
Agbowo,Mini Flat,1,2,48,428,2021,Unfurnished,Well,Poor,514000
Agbowo,Room,1,1,29,872,2020,Semi-Furnished,Public,Stable,215000
Ajibode,Self Contained,1,1,36,751,2003,Unfurnished,Well,Moderate,303000
Mokola,Room,1,1,18,629,2013,Semi-Furnished,Borehole,Stable,222000
Bodija,2 Bedroom Flat,2,2,82,696,2022,Unfurnished,Well,Stable,892000
Oluyole,2 Bedroom Flat,2,2,83,209,1994,Semi-Furnished,Borehole,Stable,907000
Agbowo,Self Contained,1,1,27,681,1997,Unfurnished,Public,Poor,303000
Challenge,Self Contained,1,1,29,719,1991,Unfurnished,Borehole,Stable,260000
Challenge,2 Bedroom Flat,2,2,78,200,2023,Unfurnished,Well,Moderate,619000
Agbowo,Self Contained,1,1,30,687,2019,Unfurnished,Borehole,Stable,294000
Agbowo,Room,1,1,21,293,2012,Semi-Furnished,Borehole,Moderate,240000
Ajibode,Mini Flat,1,2,57,200,1993,Unfurnished,Public,Stable,559000
Ologuneru,Self Contained,1,1,26,788,2003,Unfurnished,Well,Stable,316000
Akobo,Duplex,4,4,199,368,2011,Unfurnished,Borehole,Moderate,2242000
Apata,Self Contained,1,1,35,421,2019,Unfurnished,Well,Stable,262000
Agbowo,Room,1,1,29,728,1992,Unfurnished,Borehole,Stable,229000
Challenge,2 Bedroom Flat,2,2,73,495,2000,Unfurnished,Borehole,Stable,618000
Challenge,3 Bedroom Flat,3,3,129,517,1999,Semi-Furnished,Well,Stable,1021000
Oluyole,Room,1,1,25,513,1992,Semi-Furnished,Public,Moderate,308000
Ologuneru,Self Contained,1,1,37,612,1994,Unfurnished,Borehole,Moderate,266000
Agbowo,Self Contained,1,1,26,509,2004,Unfurnished,Public,Poor,270000
Ajibode,Mini Flat,1,2,63,570,1995,Unfurnished,Public,Moderate,552000
Oluyole,Mini Flat,1,2,64,459,1993,Fully Furnished,Well,Moderate,806000
Oluyole,Mini Flat,1,2,46,613,2012,Unfurnished,Well,Poor,611000
Akobo,2 Bedroom Flat,2,2,82,606,1990,Semi-Furnished,Borehole,Moderate,1080000
Ajibode,Mini Flat,1,2,58,891,2023,Unfurnished,Public,Poor,386000
Bodija,Room,1,1,22,481,2004,Semi-Furnished,Well,Moderate,316000
Agbowo,3 Bedroom Flat,3,3,111,516,1993,Unfurnished,Borehole,Moderate,1242000
Agbowo,2 Bedroom Flat,2,2,95,592,2016,Semi-Furnished,Borehole,Moderate,941000
Akobo,Mini Flat,1,2,47,723,2002,Unfurnished,Borehole,Moderate,730000
Challenge,2 Bedroom Flat,2,2,75,353,2021,Semi-Furnished,Borehole,Moderate,650000
Agbowo,2 Bedroom Flat,2,2,90,568,1998,Unfurnished,Borehole,Moderate,623000
Agbowo,Room,1,1,25,200,2014,Unfurnished,Borehole,Stable,214000
Agbowo,Mini Flat,1,2,59,501,1992,Semi-Furnished,Borehole,Stable,680000
Ajibode,Room,1,1,20,743,2005,Semi-Furnished,Borehole,Moderate,206000
Challenge,Room,1,1,28,419,2006,Unfurnished,Well,Poor,160000
Ring Road,2 Bedroom Flat,2,2,85,581,2016,Semi-Furnished,Borehole,Stable,774000
Agbowo,Self Contained,1,1,34,454,1999,Unfurnished,Borehole,Stable,268000
Challenge,Room,1,1,18,395,1990,Fully Furnished,Borehole,Moderate,182000
Ring Road,Room,1,1,20,724,2018,Unfurnished,Well,Moderate,199000
Mokola,Self Contained,1,1,25,361,2007,Unfurnished,Well,Moderate,302000
Ajibode,Room,1,1,19,602,2021,Unfurnished,Public,Stable,214000
Apata,Self Contained,1,1,26,605,2022,Unfurnished,Borehole,Stable,222000
Agbowo,2 Bedroom Flat,2,2,75,396,2011,Semi-Furnished,Borehole,Poor,822000
Agbowo,Self Contained,1,1,31,578,2000,Semi-Furnished,Well,Stable,392000
Ajibode,Self Contained,1,1,30,381,2018,Unfurnished,Borehole,Poor,328000
Bodija,3 Bedroom Flat,3,3,138,643,2009,Unfurnished,Well,Stable,1344000
Ajibode,Self Contained,1,1,25,313,2011,Unfurnished,Borehole,Poor,289000
Agbowo,Room,1,1,29,488,2021,Semi-Furnished,Borehole,Moderate,188000
Agbowo,Self Contained,1,1,32,504,1997,Unfurnished,Borehole,Poor,286000
Challenge,Self Contained,1,1,31,750,2011,Semi-Furnished,Well,Stable,363000
Ring Road,3 Bedroom Flat,3,3,146,575,2004,Unfurnished,Borehole,Stable,991000
Agbowo,Room,1,1,28,721,2005,Unfurnished,Borehole,Poor,226000
Mokola,Room,1,1,28,649,2018,Unfurnished,Well,Moderate,154000
Mokola,2 Bedroom Flat,2,2,91,648,2023,Fully Furnished,Well,Stable,855000
Challenge,Room,1,1,20,490,2009,Fully Furnished,Borehole,Moderate,228000
Ajibode,Self Contained,1,1,28,733,2002,Fully Furnished,Well,Poor,406000
Oluyole,Mini Flat,1,2,52,485,2002,Fully Furnished,Borehole,Moderate,875000
Apata,Room,1,1,26,238,2020,Semi-Furnished,Public,Stable,180000
Oluyole,Room,1,1,20,511,2010,Semi-Furnished,Public,Moderate,312000
Agbowo,Room,1,1,23,631,2019,Semi-Furnished,Borehole,Stable,232000
Bodija,Self Contained,1,1,25,260,2014,Semi-Furnished,Borehole,Poor,467000
Akobo,Mini Flat,1,2,64,390,2019,Unfurnished,Borehole,Moderate,562000
Bodija,Mini Flat,1,2,46,328,1999,Fully Furnished,Well,Moderate,955000
Ajibode,Room,1,1,20,691,1996,Unfurnished,Public,Stable,217000
Agbowo,Room,1,1,22,851,2023,Unfurnished,Public,Stable,183000
Challenge,Mini Flat,1,2,48,512,1993,Semi-Furnished,Borehole,Stable,522000
Mokola,2 Bedroom Flat,2,2,92,645,2011,Semi-Furnished,Borehole,Moderate,834000
Ajibode,Self Contained,1,1,33,640,2018,Unfurnished,Well,Poor,290000
Apata,Room,1,1,21,829,1993,Unfurnished,Borehole,Stable,163000
Agbowo,Room,1,1,20,432,1990,Unfurnished,Borehole,Stable,218000
Oluyole,2 Bedroom Flat,2,2,75,510,2012,Semi-Furnished,Borehole,Stable,748000
Challenge,Room,1,1,29,488,2012,Fully Furnished,Well,Moderate,236000
Mokola,Room,1,1,21,563,1995,Unfurnished,Borehole,Stable,195000
Apata,Room,1,1,27,1000,1994,Fully Furnished,Public,Moderate,223000
Agbowo,Self Contained,1,1,26,555,2012,Semi-Furnished,Borehole,Stable,364000
Mokola,Mini Flat,1,2,59,396,1996,Unfurnished,Well,Moderate,470000
Ajibode,Room,1,1,23,342,1994,Semi-Furnished,Borehole,Stable,226000
Oluyole,Self Contained,1,1,37,775,2022,Fully Furnished,Borehole,Poor,553000
Challenge,3 Bedroom Flat,3,3,117,395,2015,Unfurnished,Borehole,Moderate,1080000
Oluyole,Self Contained,1,1,38,669,2010,Semi-Furnished,Public,Poor,491000
Agbowo,Self Contained,1,1,25,427,2023,Unfurnished,Well,Stable,337000
Ring Road,Mini Flat,1,2,61,321,2015,Unfurnished,Borehole,Moderate,454000
Ajibode,Self Contained,1,1,36,658,1999,Semi-Furnished,Borehole,Poor,357000
Ajibode,Self Contained,1,1,39,436,1991,Unfurnished,Borehole,Stable,286000
Oluyole,2 Bedroom Flat,2,2,75,626,2009,Semi-Furnished,Well,Stable,1007000
Bodija,Room,1,1,23,639,2003,Unfurnished,Borehole,Poor,250000
Mokola,Room,1,1,26,648,1996,Unfurnished,Public,Poor,194000
Agbowo,Duplex,4,4,247,501,1999,Unfurnished,Public,Stable,2391000
Ajibode,Room,1,1,25,673,2020,Semi-Furnished,Borehole,Moderate,258000
Mokola,Room,1,1,18,383,1997,Semi-Furnished,Public,Poor,197000
Bodija,Room,1,1,18,200,1990,Semi-Furnished,Borehole,Poor,321000
Ajibode,3 Bedroom Flat,3,3,130,677,2018,Unfurnished,Well,Moderate,1049000
Oluyole,Room,1,1,23,579,2020,Semi-Furnished,Borehole,Stable,236000
Bodija,Self Contained,1,1,28,440,1997,Unfurnished,Public,Moderate,465000
Akobo,Mini Flat,1,2,50,285,2005,Unfurnished,Borehole,Stable,627000
Bodija,Room,1,1,29,200,2008,Unfurnished,Borehole,Stable,283000
Mokola,Room,1,1,18,559,2015,Unfurnished,Borehole,Moderate,176000
Mokola,Mini Flat,1,2,55,846,1999,Semi-Furnished,Well,Poor,574000
Oluyole,Room,1,1,29,525,2007,Unfurnished,Borehole,Moderate,245000
Ajibode,Self Contained,1,1,27,484,1991,Unfurnished,Public,Moderate,328000
Mokola,Self Contained,1,1,27,545,2018,Unfurnished,Borehole,Moderate,314000
Oluyole,2 Bedroom Flat,2,2,91,942,1991,Unfurnished,Borehole,Poor,816000
Oluyole,Room,1,1,28,685,1992,Unfurnished,Well,Poor,229000
Agbowo,Room,1,1,27,381,2013,Unfurnished,Well,Stable,212000
Ring Road,Room,1,1,26,555,1998,Unfurnished,Borehole,Moderate,217000
Oluyole,Room,1,1,21,609,2003,Unfurnished,Well,Poor,267000
Ajibode,Mini Flat,1,2,60,359,2000,Unfurnished,Well,Stable,476000
Agbowo,2 Bedroom Flat,2,2,93,686,2013,Fully Furnished,Borehole,Stable,1102000
Ring Road,Self Contained,1,1,38,402,2003,Unfurnished,Borehole,Moderate,321000
Ajibode,Room,1,1,28,278,2007,Unfurnished,Public,Stable,151000
Ologuneru,Mini Flat,1,2,64,563,2002,Semi-Furnished,Borehole,Stable,451000
Oluyole,Room,1,1,21,535,2023,Unfurnished,Well,Moderate,207000
Akobo,Room,1,1,19,549,2008,Semi-Furnished,Borehole,Poor,296000
Agbowo,Room,1,1,18,412,2000,Unfurnished,Well,Stable,207000
Agbowo,3 Bedroom Flat,3,3,116,437,2015,Unfurnished,Well,Stable,1152000
Apata,Mini Flat,1,2,57,753,1994,Fully Furnished,Well,Poor,515000
Agbowo,Room,1,1,27,629,2010,Semi-Furnished,Borehole,Stable,204000
Challenge,3 Bedroom Flat,3,3,135,377,1998,Unfurnished,Borehole,Poor,846000
Agbowo,Self Contained,1,1,25,200,2001,Semi-Furnished,Well,Poor,362000
Ajibode,Room,1,1,24,385,1990,Unfurnished,Borehole,Poor,233000
Ajibode,Mini Flat,1,2,57,578,2003,Semi-Furnished,Borehole,Stable,589000
Bodija,Self Contained,1,1,35,436,2015,Semi-Furnished,Borehole,Moderate,549000
Ologuneru,Mini Flat,1,2,47,422,1996,Fully Furnished,Well,Moderate,617000
Agbowo,Self Contained,1,1,36,443,2005,Semi-Furnished,Borehole,Moderate,393000
Agbowo,Room,1,1,19,536,2004,Semi-Furnished,Borehole,Moderate,197000
Agbowo,Room,1,1,27,691,1993,Fully Furnished,Borehole,Poor,270000
Bodija,Mini Flat,1,2,51,549,2019,Unfurnished,Borehole,Stable,612000
Bodija,Self Contained,1,1,32,561,2012,Unfurnished,Public,Poor,417000
Ring Road,Self Contained,1,1,36,509,2011,Unfurnished,Borehole,Poor,290000
Bodija,Mini Flat,1,2,63,460,2004,Unfurnished,Borehole,Poor,669000
Bodija,Self Contained,1,1,39,710,2006,Semi-Furnished,Borehole,Poor,437000
Ajibode,2 Bedroom Flat,2,2,86,683,1991,Semi-Furnished,Public,Poor,821000
Ologuneru,Mini Flat,1,2,53,918,1997,Unfurnished,Public,Poor,378000
Agbowo,3 Bedroom Flat,3,3,115,659,1995,Fully Furnished,Borehole,Poor,1280000
Ajibode,Room,1,1,29,460,2017,Fully Furnished,Borehole,Moderate,220000
Oluyole,Mini Flat,1,2,59,387,1994,Unfurnished,Borehole,Stable,579000
Akobo,2 Bedroom Flat,2,2,90,721,2010,Unfurnished,Public,Moderate,978000
Agbowo,Mini Flat,1,2,45,403,2009,Semi-Furnished,Borehole,Stable,569000
Agbowo,Self Contained,1,1,32,695,2023,Semi-Furnished,Borehole,Moderate,397000
Challenge,Mini Flat,1,2,53,413,1996,Unfurnished,Well,Moderate,403000
Ajibode,Self Contained,1,1,39,612,2019,Semi-Furnished,Borehole,Poor,336000
Mokola,Room,1,1,27,359,2019,Unfurnished,Borehole,Moderate,182000
Akobo,Mini Flat,1,2,50,690,2004,Unfurnished,Public,Poor,707000
Agbowo,Room,1,1,22,327,2016,Unfurnished,Public,Poor,225000
Bodija,Room,1,1,23,599,1998,Unfurnished,Borehole,Poor,215000
Agbowo,Room,1,1,27,514,2016,Fully Furnished,Well,Stable,282000
Challenge,Room,1,1,25,568,1991,Unfurnished,Public,Moderate,187000
Bodija,2 Bedroom Flat,2,2,81,478,2016,Fully Furnished,Well,Poor,1373000
Agbowo,Room,1,1,25,474,2014,Fully Furnished,Public,Poor,263000
Akobo,3 Bedroom Flat,3,3,142,577,1996,Unfurnished,Well,Poor,1624000
Ologuneru,Room,1,1,18,369,2002,Unfurnished,Well,Poor,210000
Agbowo,Room,1,1,27,368,2009,Semi-Furnished,Borehole,Stable,246000
Apata,Self Contained,1,1,31,485,2011,Semi-Furnished,Borehole,Poor,255000
Agbowo,Mini Flat,1,2,62,478,2007,Unfurnished,Well,Poor,509000
Ajibode,Mini Flat,1,2,53,369,2000,Fully Furnished,Well,Stable,648000
Ajibode,Room,1,1,24,716,1995,Unfurnished,Public,Moderate,169000
Agbowo,Self Contained,1,1,37,489,1993,Unfurnished,Well,Moderate,233000
Ajibode,Room,1,1,27,509,1992,Semi-Furnished,Well,Moderate,232000
Ajibode,Room,1,1,26,311,1995,Semi-Furnished,Well,Poor,307000
Ring Road,Room,1,1,29,922,2004,Unfurnished,Public,Moderate,199000
Mokola,Room,1,1,19,986,1992,Unfurnished,Borehole,Moderate,161000
Challenge,2 Bedroom Flat,2,2,88,409,2006,Unfurnished,Borehole,Stable,601000
Ajibode,2 Bedroom Flat,2,2,76,770,2019,Semi-Furnished,Borehole,Moderate,868000
Ajibode,Room,1,1,26,533,2011,Unfurnished,Borehole,Moderate,189000
Ajibode,Mini Flat,1,2,57,838,1991,Unfurnished,Well,Stable,372000
Oluyole,Room,1,1,25,610,2005,Semi-Furnished,Borehole,Moderate,265000
Apata,Room,1,1,18,567,2011,Unfurnished,Borehole,Stable,173000
Agbowo,Room,1,1,26,200,2000,Unfurnished,Borehole,Stable,165000
Ajibode,Mini Flat,1,2,49,391,2001,Unfurnished,Public,Poor,445000
Bodija,Mini Flat,1,2,50,553,2004,Unfurnished,Public,Moderate,608000
Agbowo,Self Contained,1,1,33,585,2010,Unfurnished,Borehole,Poor,333000
Agbowo,Room,1,1,29,331,1993,Unfurnished,Borehole,Poor,190000
Akobo,2 Bedroom Flat,2,2,99,418,1996,Unfurnished,Borehole,Stable,901000
Oluyole,Self Contained,1,1,28,649,2018,Semi-Furnished,Borehole,Moderate,399000
Ajibode,Self Contained,1,1,30,301,1995,Semi-Furnished,Borehole,Stable,324000
Ajibode,2 Bedroom Flat,2,2,99,574,2006,Semi-Furnished,Borehole,Poor,938000
Ologuneru,Room,1,1,27,772,1991,Unfurnished,Well,Poor,184000
Agbowo,Room,1,1,18,619,2006,Unfurnished,Borehole,Poor,200000
Ajibode,Room,1,1,21,610,2018,Semi-Furnished,Borehole,Poor,282000
Ajibode,Self Contained,1,1,27,200,2016,Semi-Furnished,Well,Moderate,395000
Ajibode,2 Bedroom Flat,2,2,78,402,1996,Semi-Furnished,Borehole,Moderate,874000
Agbowo,Mini Flat,1,2,49,919,2000,Semi-Furnished,Public,Moderate,620000
Challenge,Room,1,1,26,442,2015,Unfurnished,Well,Poor,176000
Agbowo,Room,1,1,29,777,2021,Unfurnished,Borehole,Moderate,240000
Bodija,Mini Flat,1,2,54,440,2012,Unfurnished,Well,Moderate,775000
Oluyole,2 Bedroom Flat,2,2,78,499,1996,Fully Furnished,Well,Poor,1440000
Bodija,Self Contained,1,1,28,642,1990,Fully Furnished,Well,Moderate,671000
Mokola,Room,1,1,24,568,2014,Unfurnished,Public,Moderate,183000
Mokola,3 Bedroom Flat,3,3,120,618,2020,Semi-Furnished,Borehole,Stable,1324000
Ajibode,2 Bedroom Flat,2,2,96,402,1995,Semi-Furnished,Well,Stable,799000
Challenge,Mini Flat,1,2,54,345,2017,Unfurnished,Well,Moderate,440000
Bodija,Room,1,1,18,390,2020,Unfurnished,Borehole,Moderate,269000
Ologuneru,Self Contained,1,1,38,454,2005,Unfurnished,Borehole,Stable,261000
Bodija,Room,1,1,29,508,2004,Semi-Furnished,Borehole,Stable,336000
Ologuneru,Room,1,1,28,736,2011,Semi-Furnished,Public,Moderate,171000
Challenge,Self Contained,1,1,25,565,2007,Unfurnished,Well,Poor,249000
Agbowo,Self Contained,1,1,30,637,1997,Semi-Furnished,Well,Moderate,322000
Bodija,Self Contained,1,1,26,575,1999,Unfurnished,Public,Moderate,361000
Ologuneru,Room,1,1,18,349,1995,Semi-Furnished,Well,Moderate,203000
Mokola,Room,1,1,23,553,1999,Fully Furnished,Borehole,Stable,240000
Ajibode,2 Bedroom Flat,2,2,86,573,1996,Semi-Furnished,Borehole,Moderate,826000
Oluyole,Room,1,1,26,686,2017,Semi-Furnished,Borehole,Moderate,302000
Agbowo,Self Contained,1,1,34,357,2014,Semi-Furnished,Well,Poor,315000
Ajibode,Self Contained,1,1,29,200,2017,Fully Furnished,Borehole,Stable,468000
Agbowo,Room,1,1,19,581,1998,Semi-Furnished,Borehole,Stable,266000
Agbowo,Room,1,1,24,613,1994,Unfurnished,Well,Moderate,236000
Mokola,Self Contained,1,1,31,517,2005,Fully Furnished,Public,Moderate,397000
Agbowo,Self Contained,1,1,28,555,2018,Semi-Furnished,Well,Moderate,345000
Mokola,Room,1,1,28,708,2012,Semi-Furnished,Borehole,Stable,225000
Ajibode,Room,1,1,26,467,2007,Fully Furnished,Well,Stable,276000
Agbowo,Self Contained,1,1,35,499,2015,Semi-Furnished,Borehole,Poor,447000
Agbowo,Room,1,1,28,564,1994,Unfurnished,Borehole,Moderate,193000
Agbowo,Self Contained,1,1,37,330,1997,Unfurnished,Public,Poor,311000
Ajibode,Mini Flat,1,2,53,522,2008,Fully Furnished,Well,Stable,678000
Ajibode,2 Bedroom Flat,2,2,99,538,2017,Unfurnished,Borehole,Stable,791000
Bodija,Self Contained,1,1,37,844,1993,Semi-Furnished,Borehole,Moderate,531000
Agbowo,Mini Flat,1,2,45,496,2009,Unfurnished,Borehole,Stable,583000
Agbowo,Room,1,1,18,586,2011,Fully Furnished,Well,Stable,341000
Agbowo,Self Contained,1,1,29,715,2001,Unfurnished,Public,Poor,340000
Ring Road,Room,1,1,27,399,1990,Unfurnished,Borehole,Moderate,178000
Ring Road,2 Bedroom Flat,2,2,95,797,1997,Fully Furnished,Borehole,Stable,864000
Bodija,Self Contained,1,1,25,867,2016,Unfurnished,Public,Stable,471000
Agbowo,Mini Flat,1,2,48,544,2010,Semi-Furnished,Borehole,Stable,618000
Ajibode,Mini Flat,1,2,49,452,2022,Unfurnished,Well,Stable,461000
Apata,Self Contained,1,1,32,842,2022,Fully Furnished,Borehole,Moderate,344000
Ajibode,3 Bedroom Flat,3,3,137,693,1994,Unfurnished,Borehole,Moderate,973000
Agbowo,Self Contained,1,1,33,564,2004,Unfurnished,Public,Moderate,400000
Agbowo,Room,1,1,20,806,2019,Unfurnished,Borehole,Moderate,197000
Agbowo,2 Bedroom Flat,2,2,72,787,1992,Unfurnished,Borehole,Moderate,786000
Ajibode,Mini Flat,1,2,59,489,2017,Fully Furnished,Borehole,Stable,737000
Challenge,Room,1,1,22,594,2019,Unfurnished,Borehole,Moderate,148000
Ajibode,Room,1,1,19,653,1992,Unfurnished,Borehole,Moderate,177000
Akobo,Mini Flat,1,2,59,555,2020,Unfurnished,Public,Stable,612000
Ajibode,Mini Flat,1,2,48,299,2003,Semi-Furnished,Borehole,Moderate,469000
Ajibode,Self Contained,1,1,31,381,1995,Semi-Furnished,Well,Moderate,372000
Ring Road,3 Bedroom Flat,3,3,128,305,2008,Semi-Furnished,Public,Moderate,1089000
Ajibode,Self Contained,1,1,27,638,1994,Fully Furnished,Well,Poor,436000
Mokola,Mini Flat,1,2,52,336,2015,Unfurnished,Borehole,Moderate,500000
Bodija,Self Contained,1,1,38,584,2007,Semi-Furnished,Well,Poor,473000
Ajibode,Room,1,1,27,879,2020,Unfurnished,Borehole,Stable,236000
Apata,Room,1,1,26,806,2007,Unfurnished,Borehole,Poor,190000
Agbowo,Room,1,1,23,219,1998,Semi-Furnished,Borehole,Moderate,223000
Mokola,Room,1,1,21,319,2015,Fully Furnished,Borehole,Poor,243000
Ajibode,Room,1,1,26,410,1991,Fully Furnished,Well,Moderate,247000
Mokola,Room,1,1,18,339,2021,Unfurnished,Well,Stable,156000
Ajibode,3 Bedroom Flat,3,3,138,252,1995,Unfurnished,Borehole,Moderate,1041000
Bodija,Room,1,1,27,548,2009,Unfurnished,Borehole,Moderate,300000
Challenge,Self Contained,1,1,36,676,1997,Semi-Furnished,Well,Moderate,259000
Apata,Room,1,1,28,721,1993,Semi-Furnished,Borehole,Poor,181000
Ring Road,Self Contained,1,1,25,464,2014,Semi-Furnished,Borehole,Moderate,272000
Mokola,Room,1,1,24,501,2020,Unfurnished,Borehole,Stable,179000
Ring Road,Room,1,1,29,614,2008,Unfurnished,Borehole,Stable,204000
Ajibode,Room,1,1,22,530,1996,Unfurnished,Borehole,Poor,182000
Agbowo,Self Contained,1,1,36,695,2019,Semi-Furnished,Borehole,Moderate,401000
Agbowo,Room,1,1,23,627,2016,Unfurnished,Public,Stable,196000
Agbowo,Self Contained,1,1,30,482,2006,Unfurnished,Borehole,Moderate,296000
Agbowo,Room,1,1,21,215,2021,Fully Furnished,Well,Poor,296000
Bodija,2 Bedroom Flat,2,2,90,819,2008,Semi-Furnished,Well,Moderate,1439000
Ajibode,Self Contained,1,1,26,426,2014,Unfurnished,Well,Stable,298000
Oluyole,Mini Flat,1,2,50,614,2018,Fully Furnished,Borehole,Stable,657000
Ajibode,2 Bedroom Flat,2,2,99,205,2014,Fully Furnished,Borehole,Moderate,928000
Agbowo,Room,1,1,23,547,2021,Unfurnished,Borehole,Stable,233000
Bodija,2 Bedroom Flat,2,2,97,568,2000,Fully Furnished,Borehole,Stable,1502000
Challenge,Self Contained,1,1,31,576,1993,Semi-Furnished,Public,Moderate,326000
Oluyole,2 Bedroom Flat,2,2,80,1092,2020,Fully Furnished,Borehole,Poor,1011000
Akobo,2 Bedroom Flat,2,2,96,436,1993,Semi-Furnished,Public,Moderate,1182000
Ajibode,Room,1,1,26,697,1991,Fully Furnished,Borehole,Poor,234000
Bodija,Mini Flat,1,2,58,644,2022,Semi-Furnished,Well,Moderate,732000
Ajibode,Self Contained,1,1,32,427,2016,Unfurnished,Well,Moderate,285000
Agbowo,Room,1,1,28,695,2015,Semi-Furnished,Borehole,Moderate,222000
Agbowo,Room,1,1,28,520,2008,Unfurnished,Borehole,Poor,171000
Ajibode,Room,1,1,20,707,2022,Unfurnished,Borehole,Moderate,198000
Agbowo,Self Contained,1,1,33,902,1999,Semi-Furnished,Public,Moderate,390000
Apata,Self Contained,1,1,31,577,1990,Fully Furnished,Borehole,Moderate,318000
Apata,Room,1,1,28,499,2000,Unfurnished,Public,Moderate,138000
Agbowo,2 Bedroom Flat,2,2,71,739,2003,Semi-Furnished,Borehole,Moderate,867000
Ajibode,Room,1,1,29,801,1995,Unfurnished,Borehole,Stable,198000
Ajibode,Mini Flat,1,2,60,391,2014,Unfurnished,Well,Poor,544000
Agbowo,Mini Flat,1,2,57,468,2012,Fully Furnished,Borehole,Moderate,601000
Apata,Room,1,1,19,671,1994,Semi-Furnished,Borehole,Moderate,157000
Ajibode,Mini Flat,1,2,52,526,2015,Unfurnished,Well,Poor,469000
Challenge,Mini Flat,1,2,58,378,2007,Unfurnished,Public,Stable,422000
Ajibode,Mini Flat,1,2,50,647,2021,Unfurnished,Public,Moderate,473000
Ologuneru,3 Bedroom Flat,3,3,139,670,2010,Semi-Furnished,Borehole,Stable,865000
Agbowo,3 Bedroom Flat,3,3,125,489,2015,Unfurnished,Borehole,Poor,1153000
Challenge,Self Contained,1,1,33,561,1999,Semi-Furnished,Borehole,Moderate,309000
Agbowo,Room,1,1,21,446,2017,Semi-Furnished,Borehole,Poor,290000
Akobo,Room,1,1,20,352,2020,Unfurnished,Well,Stable,249000
Ajibode,Self Contained,1,1,27,460,2004,Unfurnished,Well,Moderate,367000
Ajibode,Mini Flat,1,2,59,563,1997,Fully Furnished,Borehole,Poor,686000
Apata,2 Bedroom Flat,2,2,88,284,1999,Unfurnished,Borehole,Moderate,574000
Ring Road,Room,1,1,29,473,1999,Fully Furnished,Public,Stable,243000
Ring Road,Self Contained,1,1,36,565,2007,Unfurnished,Borehole,Moderate,303000
Akobo,Room,1,1,29,765,2017,Semi-Furnished,Public,Moderate,289000
Challenge,2 Bedroom Flat,2,2,99,493,2017,Unfurnished,Well,Stable,586000
Ajibode,2 Bedroom Flat,2,2,95,325,2009,Semi-Furnished,Well,Stable,942000
Agbowo,Room,1,1,20,512,2013,Unfurnished,Well,Stable,190000
Agbowo,Room,1,1,19,448,1995,Unfurnished,Borehole,Poor,203000
Akobo,2 Bedroom Flat,2,2,99,649,2021,Unfurnished,Well,Stable,1085000
Agbowo,Self Contained,1,1,32,489,1995,Unfurnished,Borehole,Moderate,346000
Ajibode,Self Contained,1,1,35,200,2000,Unfurnished,Well,Poor,330000
Akobo,Duplex,4,4,244,1214,2019,Fully Furnished,Borehole,Poor,3346000
Mokola,2 Bedroom Flat,2,2,70,575,1992,Unfurnished,Borehole,Stable,668000
Agbowo,Room,1,1,22,566,1997,Unfurnished,Well,Stable,192000
Ajibode,Room,1,1,21,272,2022,Semi-Furnished,Well,Moderate,198000
Ajibode,3 Bedroom Flat,3,3,147,286,2008,Unfurnished,Public,Moderate,1111000
Agbowo,3 Bedroom Flat,3,3,147,533,1999,Unfurnished,Borehole,Stable,1053000
Agbowo,Self Contained,1,1,39,610,2008,Unfurnished,Public,Moderate,363000
Akobo,Self Contained,1,1,38,676,1998,Unfurnished,Borehole,Poor,418000
Akobo,2 Bedroom Flat,2,2,71,592,1996,Semi-Furnished,Public,Poor,1102000
Oluyole,Room,1,1,22,336,2003,Unfurnished,Well,Moderate,281000
Agbowo,Room,1,1,21,200,1991,Semi-Furnished,Borehole,Poor,182000
Mokola,Room,1,1,26,531,2011,Semi-Furnished,Borehole,Moderate,231000
Ajibode,Room,1,1,29,453,2009,Unfurnished,Borehole,Poor,195000
Bodija,Room,1,1,21,322,2015,Unfurnished,Borehole,Moderate,286000
Challenge,Self Contained,1,1,37,699,1993,Fully Furnished,Borehole,Moderate,367000
Ajibode,Mini Flat,1,2,52,266,2012,Semi-Furnished,Well,Stable,531000
Ajibode,3 Bedroom Flat,3,3,138,661,2005,Fully Furnished,Borehole,Moderate,1267000
Ring Road,Room,1,1,25,296,2014,Semi-Furnished,Well,Moderate,235000
Agbowo,Room,1,1,29,574,1998,Unfurnished,Well,Moderate,192000
Oluyole,Self Contained,1,1,29,718,2000,Semi-Furnished,Borehole,Moderate,382000
Ajibode,Mini Flat,1,2,46,489,2014,Semi-Furnished,Borehole,Moderate,491000
Oluyole,Mini Flat,1,2,60,854,2020,Unfurnished,Borehole,Poor,663000
Agbowo,Self Contained,1,1,39,895,2016,Unfurnished,Borehole,Moderate,337000
Ajibode,2 Bedroom Flat,2,2,83,592,2003,Semi-Furnished,Well,Stable,719000
Akobo,Room,1,1,25,647,2012,Unfurnished,Borehole,Stable,263000
Agbowo,Self Contained,1,1,28,740,2005,Unfurnished,Public,Moderate,328000
Agbowo,Room,1,1,19,647,2009,Unfurnished,Public,Moderate,221000
Ajibode,Duplex,4,4,212,628,1992,Semi-Furnished,Borehole,Stable,2336000
Ajibode,Duplex,4,4,241,455,1995,Unfurnished,Public,Stable,2137000
Agbowo,Mini Flat,1,2,60,246,2018,Unfurnished,Borehole,Moderate,508000
Ajibode,2 Bedroom Flat,2,2,99,299,1993,Semi-Furnished,Public,Poor,971000
Ring Road,Self Contained,1,1,32,978,1990,Semi-Furnished,Well,Stable,313000
Ajibode,3 Bedroom Flat,3,3,120,608,1997,Fully Furnished,Well,Moderate,1412000
Bodija,Mini Flat,1,2,53,505,2009,Fully Furnished,Borehole,Moderate,1027000
Ajibode,Self Contained,1,1,30,777,2005,Unfurnished,Public,Poor,275000
Agbowo,Self Contained,1,1,36,415,2020,Fully Furnished,Well,Moderate,471000
Apata,Mini Flat,1,2,62,654,2021,Semi-Furnished,Borehole,Moderate,439000
Ajibode,Room,1,1,22,563,2023,Semi-Furnished,Borehole,Poor,271000
Ologuneru,Self Contained,1,1,37,632,2018,Semi-Furnished,Borehole,Moderate,358000
Ajibode,Room,1,1,29,489,2001,Fully Furnished,Public,Moderate,262000
Challenge,Self Contained,1,1,36,376,1993,Unfurnished,Borehole,Poor,327000
Bodija,2 Bedroom Flat,2,2,97,401,2023,Unfurnished,Borehole,Moderate,1041000
Ring Road,Self Contained,1,1,31,408,1995,Unfurnished,Public,Stable,241000
Bodija,Mini Flat,1,2,63,549,1998,Semi-Furnished,Public,Stable,779000
Bodija,Room,1,1,26,269,1994,Unfurnished,Borehole,Moderate,290000
Ajibode,Room,1,1,27,325,2005,Unfurnished,Borehole,Poor,183000
Ajibode,Room,1,1,24,574,1990,Unfurnished,Public,Poor,254000
Ring Road,2 Bedroom Flat,2,2,93,527,2009,Unfurnished,Public,Moderate,716000
Agbowo,Room,1,1,21,584,1999,Unfurnished,Public,Poor,246000
Agbowo,Room,1,1,29,541,2014,Semi-Furnished,Well,Stable,253000
Challenge,Mini Flat,1,2,49,1003,2017,Unfurnished,Borehole,Moderate,444000
Agbowo,Self Contained,1,1,33,572,2022,Fully Furnished,Public,Poor,403000
Apata,Room,1,1,21,481,2004,Semi-Furnished,Well,Stable,189000
Oluyole,Self Contained,1,1,25,568,2010,Unfurnished,Borehole,Stable,399000
Akobo,Room,1,1,25,733,1999,Semi-Furnished,Public,Moderate,348000
Ring Road,Self Contained,1,1,31,541,2005,Unfurnished,Public,Poor,265000
Ajibode,Self Contained,1,1,35,673,2009,Fully Furnished,Public,Moderate,400000
Agbowo,3 Bedroom Flat,3,3,111,621,1997,Unfurnished,Borehole,Poor,1091000
Bodija,Self Contained,1,1,29,497,2020,Semi-Furnished,Well,Poor,546000
Agbowo,Room,1,1,25,569,1997,Unfurnished,Borehole,Stable,168000
Challenge,Mini Flat,1,2,48,837,2002,Semi-Furnished,Well,Poor,473000
Ring Road,2 Bedroom Flat,2,2,91,593,2013,Fully Furnished,Public,Stable,834000
Agbowo,2 Bedroom Flat,2,2,75,372,2001,Semi-Furnished,Borehole,Poor,773000
Agbowo,Room,1,1,26,492,2006,Unfurnished,Well,Moderate,267000
Ologuneru,2 Bedroom Flat,2,2,79,200,2001,Fully Furnished,Well,Poor,567000
Bodija,Room,1,1,28,574,2002,Unfurnished,Borehole,Moderate,225000
Bodija,Room,1,1,22,786,1994,Semi-Furnished,Borehole,Moderate,321000
Agbowo,Mini Flat,1,2,55,308,2002,Unfurnished,Borehole,Stable,539000
Ring Road,Mini Flat,1,2,61,576,1997,Unfurnished,Public,Poor,533000
Akobo,Self Contained,1,1,28,727,2000,Semi-Furnished,Borehole,Moderate,494000
Challenge,Mini Flat,1,2,63,746,1997,Semi-Furnished,Borehole,Moderate,434000
Mokola,Room,1,1,24,780,2020,Fully Furnished,Borehole,Poor,284000
Agbowo,3 Bedroom Flat,3,3,134,213,2001,Semi-Furnished,Well,Poor,1281000
Agbowo,Self Contained,1,1,30,640,2000,Unfurnished,Public,Moderate,304000
Mokola,Mini Flat,1,2,51,278,2006,Unfurnished,Borehole,Moderate,570000
Agbowo,2 Bedroom Flat,2,2,75,370,2016,Fully Furnished,Well,Poor,951000
Challenge,Self Contained,1,1,29,697,2002,Unfurnished,Borehole,Poor,267000
Apata,Room,1,1,29,578,2002,Unfurnished,Well,Moderate,166000
Akobo,Mini Flat,1,2,61,680,2011,Unfurnished,Borehole,Moderate,573000
Challenge,3 Bedroom Flat,3,3,119,382,2013,Fully Furnished,Borehole,Moderate,1185000
Challenge,Room,1,1,21,815,2019,Unfurnished,Borehole,Moderate,162000
Mokola,Duplex,4,4,292,673,2002,Semi-Furnished,Public,Poor,1877000
Agbowo,Room,1,1,23,710,1997,Semi-Furnished,Public,Moderate,298000
Ajibode,Mini Flat,1,2,55,355,1994,Semi-Furnished,Well,Moderate,588000
Agbowo,2 Bedroom Flat,2,2,79,760,1995,Semi-Furnished,Borehole,Poor,785000
Oluyole,3 Bedroom Flat,3,3,151,493,1996,Unfurnished,Well,Poor,1242000
Bodija,Room,1,1,21,439,2011,Unfurnished,Borehole,Moderate,318000
Challenge,3 Bedroom Flat,3,3,149,662,2019,Unfurnished,Borehole,Poor,1021000
Agbowo,Mini Flat,1,2,64,654,2004,Unfurnished,Borehole,Poor,601000
Akobo,2 Bedroom Flat,2,2,91,397,2009,Unfurnished,Well,Moderate,955000
Ajibode,Self Contained,1,1,27,920,2020,Unfurnished,Borehole,Stable,339000
Challenge,Room,1,1,24,876,1994,Unfurnished,Public,Moderate,195000
Bodija,Mini Flat,1,2,49,658,2001,Unfurnished,Borehole,Poor,816000
Ajibode,Mini Flat,1,2,47,627,2019,Fully Furnished,Borehole,Moderate,529000
Agbowo,Room,1,1,22,609,1992,Semi-Furnished,Well,Moderate,241000
Challenge,Self Contained,1,1,39,271,2002,Unfurnished,Public,Moderate,280000
Bodija,2 Bedroom Flat,2,2,74,570,2000,Unfurnished,Well,Stable,1150000
Ajibode,Mini Flat,1,2,59,567,1999,Semi-Furnished,Borehole,Poor,552000
Ologuneru,Self Contained,1,1,30,446,2019,Unfurnished,Borehole,Poor,241000
Oluyole,Mini Flat,1,2,58,494,1998,Unfurnished,Borehole,Stable,506000
Apata,2 Bedroom Flat,2,2,98,200,2019,Semi-Furnished,Public,Moderate,586000
Agbowo,2 Bedroom Flat,2,2,92,352,2018,Unfurnished,Borehole,Stable,779000
Bodija,Room,1,1,26,715,2023,Semi-Furnished,Public,Poor,326000
Ring Road,Room,1,1,25,861,2015,Semi-Furnished,Well,Moderate,190000
Bodija,Room,1,1,27,380,1991,Unfurnished,Borehole,Stable,256000
Oluyole,Self Contained,1,1,27,582,1996,Semi-Furnished,Borehole,Poor,438000
Agbowo,Room,1,1,23,747,2003,Unfurnished,Borehole,Poor,203000
Bodija,Room,1,1,23,456,2016,Unfurnished,Well,Stable,276000
Ajibode,Mini Flat,1,2,57,671,2015,Unfurnished,Borehole,Stable,518000
Ajibode,Self Contained,1,1,25,543,2009,Unfurnished,Public,Moderate,322000
Ajibode,Room,1,1,22,764,2000,Semi-Furnished,Well,Poor,246000
Ajibode,Room,1,1,18,319,2015,Fully Furnished,Well,Stable,304000
Ologuneru,Self Contained,1,1,33,351,1994,Unfurnished,Borehole,Moderate,243000
Agbowo,2 Bedroom Flat,2,2,88,600,2005,Semi-Furnished,Public,Moderate,810000
Oluyole,Mini Flat,1,2,58,567,2000,Semi-Furnished,Public,Poor,600000
Mokola,2 Bedroom Flat,2,2,95,539,2022,Semi-Furnished,Well,Moderate,711000
Bodija,2 Bedroom Flat,2,2,83,653,1998,Semi-Furnished,Borehole,Poor,1029000
Ajibode,Duplex,4,4,215,382,2011,Unfurnished,Well,Stable,2344000
Oluyole,Room,1,1,18,303,1994,Unfurnished,Borehole,Moderate,250000
Akobo,Mini Flat,1,2,60,459,2009,Fully Furnished,Well,Moderate,822000
Oluyole,Room,1,1,19,480,2023,Semi-Furnished,Borehole,Poor,238000
Challenge,Room,1,1,23,498,2019,Unfurnished,Borehole,Stable,164000
Ologuneru,Room,1,1,26,778,1999,Semi-Furnished,Borehole,Poor,202000
Akobo,Mini Flat,1,2,54,688,2021,Semi-Furnished,Borehole,Stable,720000
Agbowo,Room,1,1,26,645,2013,Unfurnished,Well,Moderate,201000
Akobo,Self Contained,1,1,29,589,2006,Semi-Furnished,Public,Moderate,404000
Ajibode,Room,1,1,29,471,1992,Unfurnished,Borehole,Moderate,192000
Ring Road,Mini Flat,1,2,48,396,2015,Unfurnished,Borehole,Moderate,539000
Ajibode,Self Contained,1,1,29,334,2001,Fully Furnished,Public,Poor,364000
Agbowo,Room,1,1,24,424,2001,Fully Furnished,Public,Moderate,291000
Mokola,3 Bedroom Flat,3,3,145,542,2022,Unfurnished,Well,Moderate,865000
Akobo,Room,1,1,21,342,2016,Fully Furnished,Borehole,Moderate,247000
Agbowo,Self Contained,1,1,38,580,2003,Unfurnished,Well,Poor,275000
Bodija,Room,1,1,25,515,1996,Fully Furnished,Borehole,Poor,309000
Mokola,Room,1,1,29,478,2016,Fully Furnished,Borehole,Stable,232000
Agbowo,Self Contained,1,1,38,759,1999,Semi-Furnished,Well,Stable,437000
Mokola,Room,1,1,29,200,1998,Unfurnished,Borehole,Moderate,159000
Ajibode,Room,1,1,24,480,2023,Unfurnished,Borehole,Moderate,190000
Challenge,Self Contained,1,1,34,200,2018,Fully Furnished,Borehole,Poor,404000
Mokola,Self Contained,1,1,37,592,2007,Semi-Furnished,Borehole,Moderate,327000
Ajibode,3 Bedroom Flat,3,3,131,687,2018,Unfurnished,Well,Moderate,900000
Agbowo,3 Bedroom Flat,3,3,148,306,2019,Fully Furnished,Well,Moderate,1579000
Ajibode,Room,1,1,27,329,2002,Unfurnished,Borehole,Stable,192000
Oluyole,Mini Flat,1,2,48,244,2011,Unfurnished,Well,Poor,658000
Bodija,Room,1,1,20,561,2005,Unfurnished,Borehole,Poor,300000
Akobo,Room,1,1,23,488,2021,Fully Furnished,Public,Stable,299000
Ajibode,Mini Flat,1,2,61,499,2015,Unfurnished,Public,Stable,531000
Ajibode,Self Contained,1,1,35,483,2020,Unfurnished,Well,Poor,278000
Ajibode,Room,1,1,29,374,2008,Semi-Furnished,Well,Moderate,194000
Agbowo,Self Contained,1,1,27,753,2023,Unfurnished,Borehole,Stable,351000
Bodija,Room,1,1,25,599,1995,Semi-Furnished,Well,Stable,307000
Mokola,Mini Flat,1,2,50,336,2000,Semi-Furnished,Public,Stable,605000
Oluyole,Self Contained,1,1,33,423,2011,Unfurnished,Borehole,Poor,373000
Agbowo,3 Bedroom Flat,3,3,123,393,2002,Fully Furnished,Borehole,Stable,1657000
Apata,Mini Flat,1,2,48,803,2005,Semi-Furnished,Well,Moderate,497000
Oluyole,2 Bedroom Flat,2,2,89,678,2015,Fully Furnished,Well,Moderate,1089000
Apata,3 Bedroom Flat,3,3,124,527,2011,Unfurnished,Public,Moderate,1042000
Bodija,Room,1,1,27,857,2002,Semi-Furnished,Borehole,Moderate,349000
Agbowo,2 Bedroom Flat,2,2,83,811,2012,Unfurnished,Borehole,Moderate,743000
Ajibode,Self Contained,1,1,26,508,2021,Semi-Furnished,Well,Moderate,413000
Oluyole,Self Contained,1,1,39,476,2012,Fully Furnished,Borehole,Moderate,416000
Ajibode,Self Contained,1,1,27,484,2021,Unfurnished,Borehole,Stable,306000
Agbowo,Mini Flat,1,2,64,378,2017,Unfurnished,Borehole,Poor,481000
Bodija,2 Bedroom Flat,2,2,99,862,2022,Semi-Furnished,Borehole,Stable,1150000
Akobo,Room,1,1,28,368,2015,Fully Furnished,Well,Stable,280000
Akobo,Mini Flat,1,2,50,706,2019,Semi-Furnished,Borehole,Stable,753000
Ajibode,Mini Flat,1,2,64,674,2006,Fully Furnished,Well,Moderate,686000
Agbowo,Self Contained,1,1,25,495,2018,Unfurnished,Borehole,Poor,333000
Akobo,Room,1,1,20,875,1991,Unfurnished,Well,Stable,237000
Ologuneru,2 Bedroom Flat,2,2,78,269,2023,Unfurnished,Public,Moderate,568000
Oluyole,Room,1,1,21,535,2001,Unfurnished,Borehole,Moderate,215000
Apata,Mini Flat,1,2,61,461,2010,Unfurnished,Public,Moderate,409000
Challenge,Self Contained,1,1,35,722,2016,Semi-Furnished,Borehole,Poor,273000
Akobo,Mini Flat,1,2,46,613,1992,Unfurnished,Well,Poor,870000
Ajibode,3 Bedroom Flat,3,3,117,239,2015,Unfurnished,Well,Poor,1071000
Oluyole,3 Bedroom Flat,3,3,151,773,1994,Unfurnished,Well,Poor,1343000
Akobo,Room,1,1,18,637,2009,Fully Furnished,Well,Moderate,403000
Akobo,Mini Flat,1,2,51,363,1997,Semi-Furnished,Borehole,Moderate,586000
Bodija,2 Bedroom Flat,2,2,82,487,2017,Semi-Furnished,Public,Moderate,1082000
Bodija,Self Contained,1,1,30,316,2018,Semi-Furnished,Well,Moderate,501000
Agbowo,Mini Flat,1,2,49,519,1991,Semi-Furnished,Borehole,Stable,551000
Bodija,Room,1,1,29,577,1991,Unfurnished,Borehole,Stable,270000
Ajibode,Self Contained,1,1,34,489,2012,Unfurnished,Borehole,Moderate,305000
Challenge,Self Contained,1,1,27,468,1999,Unfurnished,Well,Moderate,259000
Ajibode,Mini Flat,1,2,61,259,2017,Unfurnished,Borehole,Stable,484000
Ajibode,Room,1,1,27,610,2008,Semi-Furnished,Well,Stable,212000
Agbowo,2 Bedroom Flat,2,2,81,203,2017,Fully Furnished,Borehole,Poor,1124000
Akobo,Mini Flat,1,2,59,555,2020,Unfurnished,Borehole,Moderate,746000
Agbowo,Mini Flat,1,2,50,226,1991,Unfurnished,Borehole,Poor,594000
Agbowo,3 Bedroom Flat,3,3,158,559,2018,Unfurnished,Public,Stable,1046000
Bodija,Self Contained,1,1,38,548,2003,Unfurnished,Borehole,Moderate,320000
Agbowo,Self Contained,1,1,27,622,2017,Unfurnished,Public,Moderate,318000
Apata,Room,1,1,19,705,1990,Semi-Furnished,Well,Moderate,213000
Apata,Room,1,1,23,738,2005,Semi-Furnished,Borehole,Poor,185000
Bodija,2 Bedroom Flat,2,2,90,260,2010,Unfurnished,Well,Moderate,1052000
Agbowo,Mini Flat,1,2,53,539,2003,Unfurnished,Borehole,Moderate,500000
Oluyole,Mini Flat,1,2,61,911,2006,Fully Furnished,Borehole,Stable,812000
Ajibode,Self Contained,1,1,28,571,2004,Unfurnished,Borehole,Moderate,299000
Bodija,Room,1,1,20,400,2020,Unfurnished,Well,Moderate,250000
Agbowo,Room,1,1,20,535,2003,Unfurnished,Public,Moderate,237000
Apata,3 Bedroom Flat,3,3,119,480,2016,Fully Furnished,Borehole,Moderate,1412000
Ajibode,Mini Flat,1,2,59,338,1992,Unfurnished,Public,Poor,524000
Bodija,Room,1,1,22,706,1995,Semi-Furnished,Borehole,Moderate,351000
Challenge,Room,1,1,20,655,2016,Unfurnished,Borehole,Moderate,187000
Bodija,Room,1,1,21,309,2011,Unfurnished,Borehole,Stable,275000
Ajibode,Room,1,1,29,533,2011,Unfurnished,Well,Poor,165000
Ologuneru,Mini Flat,1,2,64,448,2021,Unfurnished,Borehole,Stable,400000
Bodija,Self Contained,1,1,39,261,2016,Semi-Furnished,Borehole,Moderate,449000
Akobo,2 Bedroom Flat,2,2,78,295,1996,Fully Furnished,Public,Moderate,1264000
Agbowo,Room,1,1,22,322,2001,Fully Furnished,Public,Stable,291000
Bodija,Room,1,1,22,539,2005,Unfurnished,Borehole,Poor,251000
Agbowo,2 Bedroom Flat,2,2,85,467,1994,Unfurnished,Borehole,Moderate,704000
Ajibode,2 Bedroom Flat,2,2,74,377,1998,Semi-Furnished,Borehole,Poor,1001000
Ajibode,Mini Flat,1,2,64,479,2018,Unfurnished,Public,Poor,528000
Mokola,Room,1,1,20,684,2016,Semi-Furnished,Borehole,Moderate,174000
Agbowo,Self Contained,1,1,25,614,2021,Unfurnished,Borehole,Moderate,332000
Ajibode,Room,1,1,28,730,1999,Unfurnished,Borehole,Stable,175000
Bodija,Self Contained,1,1,28,508,2014,Unfurnished,Borehole,Stable,467000
Challenge,Self Contained,1,1,34,838,2014,Semi-Furnished,Well,Poor,274000
Ajibode,Room,1,1,21,612,1993,Semi-Furnished,Borehole,Moderate,250000
Akobo,Mini Flat,1,2,52,461,2012,Unfurnished,Well,Poor,652000
Ajibode,3 Bedroom Flat,3,3,119,566,1999,Unfurnished,Borehole,Stable,1146000
Ajibode,Room,1,1,24,325,1995,Unfurnished,Borehole,Moderate,197000
Ajibode,2 Bedroom Flat,2,2,89,494,2002,Unfurnished,Public,Moderate,839000
Mokola,Room,1,1,25,627,2020,Semi-Furnished,Borehole,Stable,197000
Ajibode,Mini Flat,1,2,64,660,1994,Fully Furnished,Borehole,Moderate,705000
Ajibode,2 Bedroom Flat,2,2,94,476,1993,Unfurnished,Borehole,Poor,584000
Agbowo,Self Contained,1,1,25,1042,1992,Unfurnished,Borehole,Poor,254000
Mokola,2 Bedroom Flat,2,2,79,519,2019,Unfurnished,Borehole,Stable,517000
Agbowo,3 Bedroom Flat,3,3,121,247,2012,Unfurnished,Borehole,Moderate,1123000
Agbowo,Self Contained,1,1,27,768,2007,Unfurnished,Public,Stable,322000
Ajibode,Self Contained,1,1,28,659,1994,Unfurnished,Well,Poor,349000
Bodija,3 Bedroom Flat,3,3,137,591,2017,Semi-Furnished,Borehole,Moderate,1735000
Akobo,Room,1,1,24,466,2007,Unfurnished,Well,Poor,293000
Akobo,Mini Flat,1,2,56,620,1997,Unfurnished,Borehole,Moderate,708000
Agbowo,Mini Flat,1,2,55,841,2001,Fully Furnished,Borehole,Stable,826000
Agbowo,Mini Flat,1,2,63,586,2019,Unfurnished,Well,Moderate,513000
Ajibode,Mini Flat,1,2,63,285,2011,Unfurnished,Well,Stable,490000
Agbowo,Room,1,1,19,200,1995,Fully Furnished,Borehole,Moderate,304000
Ajibode,2 Bedroom Flat,2,2,98,619,2019,Unfurnished,Borehole,Moderate,624000
Challenge,Mini Flat,1,2,45,372,1997,Unfurnished,Well,Poor,500000
Ologuneru,Self Contained,1,1,36,532,2018,Unfurnished,Borehole,Moderate,280000
Ologuneru,Room,1,1,19,404,2020,Fully Furnished,Borehole,Poor,237000
Mokola,Mini Flat,1,2,47,391,1994,Unfurnished,Borehole,Poor,506000
Akobo,Room,1,1,24,412,2000,Unfurnished,Borehole,Stable,207000
Oluyole,Self Contained,1,1,28,428,2006,Unfurnished,Borehole,Poor,344000
Agbowo,Room,1,1,27,689,2002,Unfurnished,Borehole,Poor,217000
Akobo,2 Bedroom Flat,2,2,84,653,2009,Unfurnished,Borehole,Moderate,1113000
Bodija,Mini Flat,1,2,45,332,2020,Fully Furnished,Borehole,Moderate,1072000
Bodija,Self Contained,1,1,28,357,2015,Semi-Furnished,Well,Moderate,575000
Challenge,Mini Flat,1,2,45,618,2017,Unfurnished,Borehole,Moderate,376000
Agbowo,Self Contained,1,1,29,739,2014,Fully Furnished,Well,Moderate,417000
Agbowo,Room,1,1,26,736,2007,Semi-Furnished,Borehole,Moderate,274000
Apata,Self Contained,1,1,28,369,2021,Unfurnished,Borehole,Poor,274000
Ajibode,Mini Flat,1,2,53,728,2018,Unfurnished,Well,Moderate,578000
Bodija,Self Contained,1,1,29,230,1992,Unfurnished,Well,Moderate,504000
Ring Road,3 Bedroom Flat,3,3,118,513,2004,Unfurnished,Public,Moderate,1064000
Akobo,Self Contained,1,1,35,637,1992,Unfurnished,Borehole,Stable,469000
Bodija,Self Contained,1,1,34,200,2010,Unfurnished,Borehole,Moderate,355000
Agbowo,Self Contained,1,1,34,926,1992,Semi-Furnished,Public,Moderate,372000
Agbowo,2 Bedroom Flat,2,2,93,788,1997,Unfurnished,Borehole,Moderate,731000
Mokola,2 Bedroom Flat,2,2,87,666,1992,Unfurnished,Public,Stable,570000
Bodija,Self Contained,1,1,30,376,2000,Unfurnished,Borehole,Moderate,506000
Bodija,Room,1,1,23,537,1991,Semi-Furnished,Well,Stable,341000
Ajibode,Self Contained,1,1,32,692,2022,Unfurnished,Well,Poor,321000
Ajibode,2 Bedroom Flat,2,2,77,347,1997,Unfurnished,Borehole,Poor,634000
Ologuneru,Self Contained,1,1,31,517,2001,Unfurnished,Borehole,Poor,236000
Agbowo,2 Bedroom Flat,2,2,75,713,2008,Semi-Furnished,Well,Moderate,909000
Akobo,2 Bedroom Flat,2,2,97,280,2007,Semi-Furnished,Borehole,Poor,1314000
Ajibode,Room,1,1,18,609,2010,Fully Furnished,Well,Moderate,271000
Oluyole,Self Contained,1,1,30,234,2011,Fully Furnished,Public,Poor,414000
Apata,2 Bedroom Flat,2,2,93,380,2019,Fully Furnished,Borehole,Stable,608000
Akobo,3 Bedroom Flat,3,3,154,459,2007,Semi-Furnished,Borehole,Poor,1253000
Ajibode,Room,1,1,22,642,1995,Semi-Furnished,Well,Poor,232000
Akobo,Room,1,1,21,423,1990,Semi-Furnished,Well,Stable,297000
Challenge,Self Contained,1,1,38,572,1998,Unfurnished,Public,Stable,215000
Agbowo,Self Contained,1,1,26,426,2005,Unfurnished,Public,Moderate,277000
Ring Road,Room,1,1,26,454,2018,Semi-Furnished,Borehole,Stable,239000
Akobo,2 Bedroom Flat,2,2,92,775,2018,Unfurnished,Well,Moderate,997000
Ring Road,Room,1,1,25,342,1994,Semi-Furnished,Well,Poor,217000
Akobo,Mini Flat,1,2,48,686,2008,Semi-Furnished,Borehole,Poor,749000
Ajibode,Mini Flat,1,2,57,549,2011,Fully Furnished,Borehole,Poor,662000
Agbowo,Room,1,1,19,446,1997,Unfurnished,Borehole,Poor,257000
Ajibode,Room,1,1,21,330,2007,Semi-Furnished,Well,Stable,259000
Ring Road,Mini Flat,1,2,47,343,2003,Semi-Furnished,Well,Stable,667000
Challenge,Room,1,1,22,417,1993,Unfurnished,Borehole,Poor,198000
Oluyole,Room,1,1,26,522,2016,Semi-Furnished,Borehole,Moderate,259000
Agbowo,2 Bedroom Flat,2,2,92,658,2013,Semi-Furnished,Borehole,Moderate,818000
Ajibode,Self Contained,1,1,26,495,2019,Unfurnished,Public,Stable,239000
Challenge,Self Contained,1,1,29,508,2001,Fully Furnished,Borehole,Moderate,276000
Bodija,3 Bedroom Flat,3,3,126,534,2002,Semi-Furnished,Well,Stable,2075000
Agbowo,Self Contained,1,1,28,635,1993,Unfurnished,Public,Stable,315000
Akobo,Room,1,1,26,666,2015,Fully Furnished,Borehole,Moderate,359000
Ajibode,Self Contained,1,1,29,300,1990,Semi-Furnished,Borehole,Moderate,350000
Agbowo,Self Contained,1,1,34,499,2016,Unfurnished,Borehole,Moderate,288000
Bodija,2 Bedroom Flat,2,2,86,770,2012,Unfurnished,Borehole,Moderate,948000
Ajibode,2 Bedroom Flat,2,2,73,313,2000,Unfurnished,Borehole,Poor,664000
Ologuneru,Room,1,1,20,563,2010,Fully Furnished,Well,Moderate,242000
Ajibode,Self Contained,1,1,25,519,2011,Fully Furnished,Borehole,Stable,443000
Ajibode,3 Bedroom Flat,3,3,140,447,2017,Fully Furnished,Well,Stable,1554000
Ajibode,Room,1,1,18,836,1995,Unfurnished,Borehole,Poor,200000
Challenge,Room,1,1,29,556,2014,Fully Furnished,Borehole,Poor,199000
Agbowo,Self Contained,1,1,34,822,1993,Unfurnished,Borehole,Poor,316000
Akobo,2 Bedroom Flat,2,2,92,551,2023,Unfurnished,Borehole,Moderate,971000
Ajibode,Room,1,1,28,632,2015,Unfurnished,Borehole,Moderate,203000
Ajibode,Self Contained,1,1,26,446,2016,Semi-Furnished,Borehole,Moderate,344000
Bodija,Room,1,1,28,448,2010,Unfurnished,Borehole,Stable,322000
Mokola,Room,1,1,29,623,2010,Unfurnished,Public,Stable,194000
Ring Road,Self Contained,1,1,25,626,2018,Unfurnished,Public,Poor,360000
Ajibode,Self Contained,1,1,30,657,2023,Unfurnished,Borehole,Moderate,282000
Bodija,Mini Flat,1,2,64,617,2016,Unfurnished,Public,Moderate,652000
Ring Road,Self Contained,1,1,28,309,2015,Unfurnished,Borehole,Moderate,232000
Agbowo,2 Bedroom Flat,2,2,80,404,1994,Unfurnished,Borehole,Stable,634000
Mokola,3 Bedroom Flat,3,3,152,702,2009,Fully Furnished,Borehole,Moderate,1144000
Ajibode,Room,1,1,29,200,1997,Unfurnished,Well,Stable,173000
Apata,Mini Flat,1,2,55,602,2007,Unfurnished,Borehole,Moderate,407000
Challenge,Room,1,1,20,529,1994,Semi-Furnished,Borehole,Stable,196000
Apata,Self Contained,1,1,25,702,1993,Unfurnished,Borehole,Poor,269000
Oluyole,Room,1,1,23,624,1994,Fully Furnished,Well,Moderate,327000
Agbowo,Self Contained,1,1,27,430,2005,Unfurnished,Borehole,Stable,353000
Apata,2 Bedroom Flat,2,2,76,422,1998,Unfurnished,Well,Moderate,635000
Agbowo,Self Contained,1,1,31,455,2014,Unfurnished,Well,Stable,359000
Agbowo,Mini Flat,1,2,51,654,1997,Unfurnished,Public,Moderate,519000
Oluyole,2 Bedroom Flat,2,2,83,200,1990,Unfurnished,Borehole,Stable,811000
Challenge,Self Contained,1,1,34,578,2020,Unfurnished,Borehole,Moderate,266000
Apata,Room,1,1,27,391,2022,Unfurnished,Well,Stable,114000
Ajibode,Room,1,1,18,584,1994,Unfurnished,Borehole,Poor,223000
Challenge,3 Bedroom Flat,3,3,151,612,2007,Unfurnished,Borehole,Stable,904000
Oluyole,Room,1,1,19,250,2009,Semi-Furnished,Borehole,Moderate,249000
Ajibode,Mini Flat,1,2,58,509,2013,Unfurnished,Public,Stable,462000
Agbowo,Self Contained,1,1,28,578,2008,Semi-Furnished,Public,Stable,431000
Agbowo,2 Bedroom Flat,2,2,97,565,2017,Unfurnished,Well,Poor,770000
Agbowo,Self Contained,1,1,32,528,2019,Semi-Furnished,Borehole,Stable,363000
Ologuneru,2 Bedroom Flat,2,2,84,330,2004,Unfurnished,Well,Poor,736000
Akobo,2 Bedroom Flat,2,2,87,357,1998,Semi-Furnished,Borehole,Stable,1290000
Oluyole,2 Bedroom Flat,2,2,93,301,2020,Unfurnished,Well,Poor,902000
Ologuneru,Self Contained,1,1,31,649,1990,Unfurnished,Borehole,Poor,246000
Agbowo,Room,1,1,27,529,2002,Fully Furnished,Well,Poor,305000
Challenge,Self Contained,1,1,34,540,1991,Semi-Furnished,Borehole,Moderate,257000
Agbowo,2 Bedroom Flat,2,2,88,243,2000,Unfurnished,Well,Stable,734000
Mokola,Mini Flat,1,2,53,543,2007,Unfurnished,Borehole,Moderate,456000
Ajibode,Room,1,1,29,664,2009,Unfurnished,Public,Moderate,201000
Apata,Self Contained,1,1,34,218,1991,Unfurnished,Well,Stable,234000
Ajibode,Room,1,1,18,453,2013,Semi-Furnished,Public,Stable,245000
Agbowo,2 Bedroom Flat,2,2,85,267,2005,Unfurnished,Borehole,Moderate,873000
Challenge,2 Bedroom Flat,2,2,72,474,2012,Unfurnished,Borehole,Poor,697000
Agbowo,Self Contained,1,1,39,387,2018,Unfurnished,Public,Stable,309000
Akobo,3 Bedroom Flat,3,3,127,618,2019,Unfurnished,Public,Moderate,1287000
Bodija,Self Contained,1,1,34,580,1993,Semi-Furnished,Borehole,Poor,447000
Challenge,Self Contained,1,1,25,782,2018,Unfurnished,Borehole,Moderate,224000
Agbowo,Room,1,1,29,540,2016,Fully Furnished,Well,Moderate,293000
Ajibode,Self Contained,1,1,38,610,2022,Semi-Furnished,Well,Moderate,338000
Agbowo,2 Bedroom Flat,2,2,78,449,2007,Semi-Furnished,Borehole,Moderate,845000
Bodija,Mini Flat,1,2,47,351,1995,Fully Furnished,Borehole,Moderate,871000
Ajibode,3 Bedroom Flat,3,3,154,700,2021,Semi-Furnished,Well,Stable,1321000
Agbowo,Room,1,1,25,773,2020,Unfurnished,Well,Moderate,202000
Agbowo,2 Bedroom Flat,2,2,90,677,2001,Unfurnished,Borehole,Stable,699000
Ajibode,Self Contained,1,1,37,573,2012,Fully Furnished,Borehole,Stable,427000
Akobo,3 Bedroom Flat,3,3,141,374,2018,Unfurnished,Borehole,Stable,1557000
Ring Road,Mini Flat,1,2,55,755,1992,Unfurnished,Well,Stable,456000
Ajibode,Self Contained,1,1,39,654,2022,Fully Furnished,Public,Poor,439000
Akobo,Mini Flat,1,2,58,914,2017,Unfurnished,Public,Stable,592000
Oluyole,3 Bedroom Flat,3,3,115,342,2007,Unfurnished,Well,Stable,1440000
Agbowo,Room,1,1,23,705,2011,Fully Furnished,Borehole,Moderate,287000
Oluyole,Room,1,1,23,648,2009,Fully Furnished,Well,Moderate,293000
Agbowo,Self Contained,1,1,37,488,2005,Unfurnished,Borehole,Moderate,298000
Bodija,Room,1,1,20,795,1996,Semi-Furnished,Well,Moderate,364000
Ajibode,Self Contained,1,1,33,622,1993,Semi-Furnished,Well,Stable,313000
Oluyole,Mini Flat,1,2,63,381,2023,Unfurnished,Well,Poor,563000
Oluyole,Mini Flat,1,2,58,528,2007,Unfurnished,Borehole,Poor,560000
Ajibode,Room,1,1,29,379,2022,Unfurnished,Borehole,Stable,211000
Agbowo,2 Bedroom Flat,2,2,98,465,1990,Unfurnished,Public,Stable,808000
Ologuneru,Room,1,1,25,676,2014,Unfurnished,Well,Moderate,203000
Agbowo,Room,1,1,21,728,2003,Semi-Furnished,Borehole,Poor,238000
Bodija,2 Bedroom Flat,2,2,72,589,2000,Unfurnished,Well,Poor,1152000
Ring Road,Room,1,1,29,414,1997,Unfurnished,Borehole,Moderate,165000
Oluyole,Room,1,1,20,618,2005,Fully Furnished,Borehole,Moderate,281000
Akobo,Room,1,1,22,680,2020,Unfurnished,Well,Stable,236000
Challenge,Room,1,1,20,200,2007,Fully Furnished,Well,Moderate,312000
Mokola,Mini Flat,1,2,60,570,1996,Unfurnished,Borehole,Moderate,413000
Bodija,Room,1,1,21,515,1993,Semi-Furnished,Borehole,Poor,379000
Bodija,2 Bedroom Flat,2,2,98,721,2021,Unfurnished,Well,Moderate,925000
Agbowo,Self Contained,1,1,30,619,2020,Fully Furnished,Well,Poor,447000
Ologuneru,Mini Flat,1,2,63,637,1999,Unfurnished,Public,Poor,446000
Oluyole,2 Bedroom Flat,2,2,91,463,2019,Semi-Furnished,Borehole,Moderate,1008000
Ajibode,2 Bedroom Flat,2,2,97,550,2020,Fully Furnished,Well,Poor,1106000
Mokola,Mini Flat,1,2,64,719,2020,Unfurnished,Borehole,Stable,450000
Bodija,Mini Flat,1,2,49,538,2022,Unfurnished,Borehole,Moderate,695000
Ajibode,Room,1,1,21,581,1994,Unfurnished,Borehole,Moderate,186000
Bodija,Self Contained,1,1,31,273,1999,Unfurnished,Well,Poor,568000
Agbowo,Self Contained,1,1,37,537,2012,Unfurnished,Borehole,Stable,376000
Ring Road,Self Contained,1,1,39,200,1996,Unfurnished,Borehole,Stable,281000
Ajibode,Self Contained,1,1,31,457,2017,Unfurnished,Borehole,Moderate,366000
Mokola,Self Contained,1,1,35,561,2010,Unfurnished,Borehole,Stable,308000
Bodija,Self Contained,1,1,39,688,2020,Unfurnished,Well,Moderate,518000
Ajibode,Self Contained,1,1,25,370,2016,Unfurnished,Borehole,Moderate,349000
Ologuneru,Room,1,1,20,617,2018,Unfurnished,Well,Stable,203000
Bodija,Mini Flat,1,2,60,814,1999,Semi-Furnished,Borehole,Moderate,866000
Agbowo,Room,1,1,27,434,1997,Unfurnished,Public,Stable,179000
Bodija,Room,1,1,19,271,1998,Unfurnished,Borehole,Stable,280000
Mokola,Room,1,1,27,602,2000,Unfurnished,Borehole,Moderate,203000
Agbowo,Self Contained,1,1,39,335,2011,Unfurnished,Well,Moderate,327000
Ajibode,Room,1,1,23,402,2015,Semi-Furnished,Borehole,Poor,250000
Ajibode,Mini Flat,1,2,61,716,1991,Unfurnished,Borehole,Moderate,489000
Agbowo,Room,1,1,19,887,2008,Fully Furnished,Borehole,Poor,234000
Challenge,Room,1,1,27,369,2005,Unfurnished,Public,Poor,185000
Bodija,Mini Flat,1,2,50,417,1993,Fully Furnished,Well,Stable,1040000
Agbowo,Mini Flat,1,2,54,470,1996,Unfurnished,Public,Poor,561000
Ajibode,Room,1,1,24,451,2003,Unfurnished,Borehole,Stable,190000
Agbowo,Mini Flat,1,2,48,897,2001,Unfurnished,Borehole,Stable,452000
Apata,Room,1,1,23,454,2010,Semi-Furnished,Borehole,Poor,218000
Agbowo,Duplex,4,4,208,480,2023,Unfurnished,Well,Stable,1846000
Ologuneru,Room,1,1,29,840,2010,Fully Furnished,Borehole,Poor,276000
Bodija,Self Contained,1,1,37,653,1996,Unfurnished,Borehole,Moderate,376000
Ajibode,Self Contained,1,1,34,727,2010,Fully Furnished,Borehole,Moderate,450000
Ring Road,Room,1,1,29,386,1999,Unfurnished,Well,Moderate,196000
Bodija,2 Bedroom Flat,2,2,75,454,2010,Semi-Furnished,Public,Stable,1095000
Oluyole,Duplex,4,4,244,362,2005,Unfurnished,Well,Stable,2382000
Ologuneru,Room,1,1,20,694,2014,Fully Furnished,Borehole,Moderate,236000
Ajibode,Room,1,1,21,770,2002,Unfurnished,Borehole,Moderate,177000
Ajibode,Room,1,1,21,442,2016,Semi-Furnished,Public,Poor,189000
Oluyole,Self Contained,1,1,31,484,1997,Unfurnished,Borehole,Stable,380000
Agbowo,Room,1,1,18,492,2019,Unfurnished,Well,Moderate,221000
Ajibode,Self Contained,1,1,29,271,2020,Semi-Furnished,Public,Poor,268000
Ajibode,Self Contained,1,1,31,428,1996,Unfurnished,Borehole,Moderate,391000
Ajibode,Room,1,1,28,689,2019,Semi-Furnished,Well,Moderate,204000
Challenge,Room,1,1,27,392,2007,Fully Furnished,Well,Moderate,237000
Ajibode,Self Contained,1,1,31,566,2012,Unfurnished,Borehole,Moderate,267000
Bodija,Self Contained,1,1,31,314,2019,Unfurnished,Borehole,Stable,483000
Akobo,Self Contained,1,1,37,524,2019,Unfurnished,Well,Moderate,291000
Agbowo,Room,1,1,20,448,1997,Semi-Furnished,Well,Poor,272000
Ajibode,Self Contained,1,1,27,330,2001,Semi-Furnished,Well,Moderate,416000
Challenge,Mini Flat,1,2,61,692,1999,Unfurnished,Borehole,Stable,456000
Ajibode,Duplex,4,4,263,702,1996,Fully Furnished,Public,Stable,2100000
Challenge,Self Contained,1,1,34,375,2006,Fully Furnished,Borehole,Moderate,379000
Ring Road,3 Bedroom Flat,3,3,113,511,2021,Unfurnished,Public,Stable,997000
Agbowo,Self Contained,1,1,36,557,1994,Fully Furnished,Borehole,Poor,391000
Bodija,2 Bedroom Flat,2,2,90,223,2010,Unfurnished,Borehole,Stable,849000
Bodija,Mini Flat,1,2,50,298,2020,Semi-Furnished,Borehole,Moderate,866000
Agbowo,Self Contained,1,1,38,781,2004,Unfurnished,Borehole,Moderate,362000
Ring Road,Room,1,1,24,358,2002,Semi-Furnished,Borehole,Stable,235000
Ring Road,Room,1,1,27,776,1996,Unfurnished,Borehole,Stable,176000
Agbowo,Room,1,1,24,307,2013,Unfurnished,Borehole,Stable,249000
Akobo,Self Contained,1,1,32,668,1993,Semi-Furnished,Well,Moderate,482000
Apata,Mini Flat,1,2,56,493,2008,Semi-Furnished,Borehole,Moderate,419000
Ologuneru,Self Contained,1,1,33,519,2018,Unfurnished,Well,Moderate,335000
Bodija,Self Contained,1,1,28,884,2023,Fully Furnished,Borehole,Poor,701000
Bodija,2 Bedroom Flat,2,2,78,324,1997,Unfurnished,Borehole,Moderate,1223000
Agbowo,2 Bedroom Flat,2,2,89,657,1991,Unfurnished,Public,Moderate,784000
Apata,Mini Flat,1,2,50,649,1993,Unfurnished,Well,Poor,398000
Ajibode,Mini Flat,1,2,59,1153,1991,Semi-Furnished,Well,Stable,540000
Akobo,Self Contained,1,1,26,356,2019,Semi-Furnished,Borehole,Moderate,510000
Agbowo,Room,1,1,27,437,2018,Unfurnished,Borehole,Stable,200000
Agbowo,Self Contained,1,1,33,696,1993,Unfurnished,Borehole,Stable,293000
Agbowo,Room,1,1,26,513,2010,Unfurnished,Public,Poor,178000
Ologuneru,Room,1,1,27,466,1998,Unfurnished,Public,Poor,195000
Ajibode,Room,1,1,19,722,1991,Unfurnished,Borehole,Moderate,191000
Akobo,Mini Flat,1,2,45,502,2009,Unfurnished,Public,Moderate,663000
Ajibode,3 Bedroom Flat,3,3,153,389,2022,Semi-Furnished,Borehole,Poor,1464000
Ajibode,Mini Flat,1,2,50,680,1995,Fully Furnished,Well,Stable,622000
Agbowo,Mini Flat,1,2,58,617,2018,Unfurnished,Borehole,Stable,565000
Bodija,Room,1,1,20,493,2005,Semi-Furnished,Well,Stable,317000
Agbowo,Self Contained,1,1,28,485,1994,Unfurnished,Well,Poor,282000
Agbowo,Mini Flat,1,2,50,385,1998,Unfurnished,Borehole,Poor,531000
Ajibode,Self Contained,1,1,38,680,2021,Unfurnished,Well,Stable,311000
Agbowo,Room,1,1,24,485,2023,Fully Furnished,Public,Stable,312000
Ologuneru,3 Bedroom Flat,3,3,157,411,2018,Unfurnished,Well,Moderate,977000
Apata,Room,1,1,21,318,2020,Unfurnished,Borehole,Moderate,150000
Agbowo,Mini Flat,1,2,61,620,1992,Semi-Furnished,Well,Poor,625000
Akobo,Self Contained,1,1,33,458,2014,Fully Furnished,Borehole,Stable,524000
Ring Road,3 Bedroom Flat,3,3,131,200,2002,Unfurnished,Public,Poor,1044000
Ajibode,Room,1,1,22,333,2008,Unfurnished,Borehole,Moderate,218000
Mokola,Mini Flat,1,2,59,507,2005,Semi-Furnished,Well,Stable,512000
Apata,2 Bedroom Flat,2,2,92,513,2019,Unfurnished,Borehole,Moderate,445000
Ajibode,Mini Flat,1,2,54,506,1991,Unfurnished,Borehole,Poor,498000
Ajibode,Room,1,1,20,481,1990,Unfurnished,Borehole,Moderate,228000
Ologuneru,Self Contained,1,1,26,284,1992,Unfurnished,Public,Poor,242000
Bodija,Self Contained,1,1,28,392,2015,Unfurnished,Borehole,Moderate,447000
Ajibode,Self Contained,1,1,35,763,2017,Semi-Furnished,Well,Moderate,389000
Agbowo,Room,1,1,24,736,2016,Unfurnished,Public,Poor,193000
Bodija,Room,1,1,24,654,2003,Semi-Furnished,Well,Moderate,372000
Oluyole,Self Contained,1,1,28,638,2013,Unfurnished,Borehole,Poor,383000
Oluyole,3 Bedroom Flat,3,3,132,712,2023,Semi-Furnished,Borehole,Moderate,1294000
Ologuneru,Self Contained,1,1,28,348,2013,Fully Furnished,Well,Moderate,381000
Agbowo,Room,1,1,19,555,1995,Unfurnished,Borehole,Moderate,188000
Bodija,Room,1,1,28,348,2020,Semi-Furnished,Borehole,Stable,402000
Bodija,3 Bedroom Flat,3,3,126,351,2018,Unfurnished,Borehole,Moderate,1539000
Agbowo,2 Bedroom Flat,2,2,95,616,2018,Unfurnished,Borehole,Stable,761000
Ajibode,Room,1,1,21,720,2002,Fully Furnished,Public,Poor,300000
Ologuneru,2 Bedroom Flat,2,2,99,515,1997,Unfurnished,Well,Stable,660000
Mokola,Mini Flat,1,2,57,846,2004,Unfurnished,Well,Stable,444000
Bodija,Room,1,1,18,588,2022,Semi-Furnished,Well,Poor,319000
Akobo,Self Contained,1,1,35,410,2014,Unfurnished,Borehole,Moderate,445000
Agbowo,Self Contained,1,1,33,354,2005,Semi-Furnished,Borehole,Stable,326000
Bodija,Self Contained,1,1,35,733,2010,Semi-Furnished,Borehole,Stable,507000
Oluyole,Self Contained,1,1,34,573,2006,Unfurnished,Borehole,Poor,393000
Bodija,2 Bedroom Flat,2,2,83,671,2023,Unfurnished,Borehole,Moderate,881000
Ologuneru,Room,1,1,27,200,2002,Semi-Furnished,Borehole,Moderate,177000
Akobo,Room,1,1,23,594,2023,Semi-Furnished,Borehole,Moderate,286000
Agbowo,2 Bedroom Flat,2,2,76,457,2004,Unfurnished,Public,Poor,821000
Challenge,Room,1,1,29,299,2011,Semi-Furnished,Borehole,Moderate,185000
Ajibode,Room,1,1,20,538,1993,Unfurnished,Borehole,Poor,176000
Agbowo,2 Bedroom Flat,2,2,77,746,2012,Fully Furnished,Borehole,Moderate,939000
Agbowo,Self Contained,1,1,28,957,2002,Semi-Furnished,Well,Stable,416000
Agbowo,2 Bedroom Flat,2,2,98,593,1997,Unfurnished,Borehole,Moderate,707000
Challenge,Duplex,4,4,214,422,1990,Fully Furnished,Borehole,Stable,2159000
Bodija,Room,1,1,29,411,2006,Unfurnished,Borehole,Moderate,310000
Challenge,Mini Flat,1,2,63,723,2006,Unfurnished,Public,Poor,438000
Akobo,Self Contained,1,1,33,370,1997,Semi-Furnished,Well,Moderate,474000
Agbowo,Self Contained,1,1,33,662,1992,Fully Furnished,Borehole,Moderate,411000
Challenge,Self Contained,1,1,35,602,2018,Semi-Furnished,Well,Moderate,267000
Agbowo,Self Contained,1,1,27,582,2011,Unfurnished,Borehole,Moderate,268000
Agbowo,Mini Flat,1,2,48,267,1991,Unfurnished,Borehole,Poor,422000
Bodija,Room,1,1,21,485,1991,Unfurnished,Borehole,Poor,288000
Agbowo,Self Contained,1,1,31,287,2006,Unfurnished,Borehole,Poor,314000
Ajibode,Room,1,1,18,444,1998,Fully Furnished,Borehole,Moderate,334000
Akobo,Room,1,1,18,715,2022,Semi-Furnished,Borehole,Stable,293000
Bodija,Room,1,1,28,771,2018,Unfurnished,Well,Poor,270000
Bodija,3 Bedroom Flat,3,3,116,588,2018,Unfurnished,Borehole,Moderate,1660000
Ologuneru,Self Contained,1,1,30,447,1995,Semi-Furnished,Borehole,Moderate,338000
Akobo,Self Contained,1,1,29,835,1995,Unfurnished,Borehole,Poor,462000
Mokola,Room,1,1,21,444,1990,Semi-Furnished,Borehole,Poor,209000
Ajibode,Self Contained,1,1,36,345,2005,Unfurnished,Borehole,Poor,360000
Akobo,Room,1,1,26,675,2000,Unfurnished,Public,Poor,251000
Mokola,Self Contained,1,1,29,632,2011,Semi-Furnished,Borehole,Stable,299000
Akobo,Room,1,1,22,452,2023,Fully Furnished,Borehole,Stable,427000
Oluyole,Self Contained,1,1,35,568,1990,Fully Furnished,Borehole,Poor,438000
Agbowo,Room,1,1,20,629,2002,Unfurnished,Borehole,Poor,229000
Ajibode,Mini Flat,1,2,58,586,2017,Unfurnished,Public,Moderate,480000
Bodija,Room,1,1,18,632,2002,Semi-Furnished,Well,Moderate,362000
Agbowo,Room,1,1,29,458,2019,Unfurnished,Borehole,Stable,215000
Mokola,2 Bedroom Flat,2,2,94,644,1993,Semi-Furnished,Borehole,Poor,682000
Agbowo,Mini Flat,1,2,51,553,2003,Fully Furnished,Borehole,Moderate,717000
Ologuneru,Self Contained,1,1,37,465,2012,Unfurnished,Well,Moderate,246000
Apata,Mini Flat,1,2,53,505,1994,Unfurnished,Borehole,Stable,440000
Agbowo,Self Contained,1,1,39,532,2004,Semi-Furnished,Borehole,Moderate,326000
Agbowo,Room,1,1,24,289,2012,Fully Furnished,Well,Stable,228000
Ring Road,Room,1,1,24,435,1997,Unfurnished,Public,Poor,181000
Ologuneru,Self Contained,1,1,29,561,2000,Unfurnished,Borehole,Stable,278000
Bodija,2 Bedroom Flat,2,2,85,306,1996,Unfurnished,Borehole,Moderate,1033000
Agbowo,Room,1,1,18,438,2012,Semi-Furnished,Well,Stable,228000
Bodija,Room,1,1,18,979,2016,Unfurnished,Public,Stable,328000
Oluyole,2 Bedroom Flat,2,2,75,346,2020,Unfurnished,Well,Moderate,778000
Agbowo,Mini Flat,1,2,49,480,1991,Semi-Furnished,Well,Moderate,449000
Oluyole,Room,1,1,28,399,2020,Unfurnished,Borehole,Stable,266000
Ajibode,Room,1,1,24,528,1997,Unfurnished,Borehole,Stable,209000
Ajibode,2 Bedroom Flat,2,2,95,403,1990,Unfurnished,Well,Stable,809000
Agbowo,Self Contained,1,1,30,506,2014,Semi-Furnished,Borehole,Moderate,420000
Agbowo,2 Bedroom Flat,2,2,94,420,2006,Unfurnished,Well,Stable,828000
Agbowo,Self Contained,1,1,32,739,2019,Fully Furnished,Borehole,Moderate,435000
Bodija,Room,1,1,24,564,2013,Fully Furnished,Borehole,Stable,335000
Agbowo,Room,1,1,20,369,2020,Semi-Furnished,Borehole,Stable,240000
Ajibode,Self Contained,1,1,37,701,2002,Semi-Furnished,Public,Moderate,384000
Agbowo,Room,1,1,20,377,2004,Fully Furnished,Borehole,Poor,261000
Ologuneru,2 Bedroom Flat,2,2,99,268,2015,Semi-Furnished,Borehole,Moderate,800000
Agbowo,2 Bedroom Flat,2,2,76,549,2021,Fully Furnished,Borehole,Moderate,944000
Bodija,2 Bedroom Flat,2,2,85,893,2005,Unfurnished,Well,Moderate,1017000
Akobo,3 Bedroom Flat,3,3,111,221,1998,Semi-Furnished,Well,Stable,1469000
Ologuneru,Self Contained,1,1,30,310,2008,Unfurnished,Well,Moderate,276000
Agbowo,Room,1,1,19,685,1992,Unfurnished,Well,Stable,228000
Oluyole,2 Bedroom Flat,2,2,90,434,2015,Semi-Furnished,Borehole,Poor,885000
Oluyole,2 Bedroom Flat,2,2,81,660,1997,Semi-Furnished,Well,Moderate,839000
Akobo,Room,1,1,20,399,1995,Semi-Furnished,Well,Stable,294000
Ajibode,Room,1,1,27,575,1994,Unfurnished,Borehole,Stable,223000
Oluyole,2 Bedroom Flat,2,2,86,864,2010,Semi-Furnished,Well,Moderate,785000
Ajibode,Self Contained,1,1,33,334,2016,Unfurnished,Borehole,Stable,331000
Akobo,Room,1,1,25,734,1997,Unfurnished,Well,Stable,206000
Oluyole,Room,1,1,19,672,2011,Semi-Furnished,Public,Poor,231000
Ajibode,Mini Flat,1,2,51,281,2012,Unfurnished,Well,Stable,472000
Mokola,Mini Flat,1,2,48,650,2014,Unfurnished,Borehole,Poor,345000
Ajibode,Room,1,1,26,563,1996,Semi-Furnished,Borehole,Stable,234000
Mokola,Room,1,1,26,566,2003,Unfurnished,Well,Stable,223000
Bodija,Self Contained,1,1,38,610,2018,Unfurnished,Borehole,Moderate,561000
Ajibode,Self Contained,1,1,26,486,2006,Unfurnished,Well,Moderate,304000
Ajibode,Room,1,1,19,562,1995,Fully Furnished,Borehole,Poor,311000
Apata,Room,1,1,18,593,2021,Semi-Furnished,Well,Stable,165000
Ajibode,2 Bedroom Flat,2,2,82,684,2008,Unfurnished,Borehole,Stable,785000
Ajibode,Self Contained,1,1,29,275,2016,Semi-Furnished,Well,Moderate,401000
Agbowo,Room,1,1,22,782,2019,Unfurnished,Public,Poor,198000
Akobo,Mini Flat,1,2,60,342,2022,Semi-Furnished,Borehole,Stable,826000
Bodija,Self Contained,1,1,25,687,2000,Semi-Furnished,Well,Moderate,552000
Ajibode,Mini Flat,1,2,50,564,1999,Unfurnished,Well,Stable,497000
Agbowo,Mini Flat,1,2,50,319,2018,Unfurnished,Borehole,Moderate,464000
Agbowo,Room,1,1,27,645,2011,Unfurnished,Borehole,Moderate,219000
Ajibode,Self Contained,1,1,27,379,2009,Semi-Furnished,Borehole,Stable,345000
Agbowo,Room,1,1,19,742,2008,Semi-Furnished,Public,Poor,248000
Oluyole,Self Contained,1,1,32,422,2013,Unfurnished,Well,Moderate,329000
Ajibode,Room,1,1,28,280,2017,Unfurnished,Well,Poor,232000
Agbowo,2 Bedroom Flat,2,2,91,826,1991,Unfurnished,Borehole,Poor,651000
Agbowo,2 Bedroom Flat,2,2,97,582,2007,Unfurnished,Borehole,Poor,784000
Ologuneru,Self Contained,1,1,25,706,2007,Semi-Furnished,Borehole,Stable,302000
Apata,Self Contained,1,1,36,396,1991,Semi-Furnished,Borehole,Stable,316000
Challenge,3 Bedroom Flat,3,3,111,209,2012,Semi-Furnished,Borehole,Stable,934000
Agbowo,Mini Flat,1,2,53,851,2004,Semi-Furnished,Borehole,Moderate,553000
Ajibode,Self Contained,1,1,33,548,2014,Unfurnished,Borehole,Moderate,317000
Agbowo,Room,1,1,24,638,2007,Semi-Furnished,Borehole,Moderate,206000
Agbowo,Mini Flat,1,2,54,668,2010,Fully Furnished,Borehole,Moderate,785000
Bodija,Mini Flat,1,2,62,489,2021,Unfurnished,Borehole,Poor,554000
Challenge,2 Bedroom Flat,2,2,86,590,2008,Unfurnished,Public,Moderate,678000
Mokola,3 Bedroom Flat,3,3,132,836,2007,Fully Furnished,Public,Poor,1298000
Mokola,Mini Flat,1,2,48,544,2013,Semi-Furnished,Borehole,Stable,472000
Agbowo,2 Bedroom Flat,2,2,91,719,2019,Unfurnished,Well,Moderate,732000
Oluyole,Self Contained,1,1,33,200,2018,Unfurnished,Borehole,Moderate,421000
Agbowo,Mini Flat,1,2,50,752,2010,Unfurnished,Borehole,Stable,465000
Ajibode,Room,1,1,27,276,2010,Fully Furnished,Well,Poor,312000
Oluyole,2 Bedroom Flat,2,2,77,731,1991,Semi-Furnished,Well,Moderate,1257000
Ajibode,Room,1,1,23,620,1990,Unfurnished,Borehole,Poor,192000
Agbowo,Room,1,1,26,532,2011,Unfurnished,Public,Moderate,182000
Agbowo,Self Contained,1,1,36,532,2008,Semi-Furnished,Borehole,Moderate,358000
Oluyole,Self Contained,1,1,37,504,2008,Semi-Furnished,Well,Moderate,379000
Challenge,Mini Flat,1,2,46,402,1991,Fully Furnished,Public,Moderate,554000
Agbowo,Room,1,1,24,512,2018,Unfurnished,Well,Moderate,244000
Mokola,Mini Flat,1,2,63,947,2012,Unfurnished,Well,Moderate,528000
Agbowo,Self Contained,1,1,31,784,2016,Semi-Furnished,Well,Stable,411000
Bodija,Mini Flat,1,2,54,393,2012,Unfurnished,Borehole,Moderate,756000
Oluyole,3 Bedroom Flat,3,3,145,598,2017,Semi-Furnished,Borehole,Moderate,1347000
Oluyole,Room,1,1,26,567,2017,Unfurnished,Well,Moderate,257000
Ologuneru,Room,1,1,19,524,1994,Unfurnished,Borehole,Poor,148000
Agbowo,2 Bedroom Flat,2,2,90,369,2007,Unfurnished,Borehole,Poor,785000
Oluyole,Room,1,1,18,630,2019,Unfurnished,Borehole,Poor,260000
Akobo,Self Contained,1,1,27,702,2013,Unfurnished,Borehole,Moderate,342000
Ring Road,Self Contained,1,1,37,399,2005,Semi-Furnished,Well,Poor,265000
Ajibode,Room,1,1,21,901,2018,Unfurnished,Well,Moderate,231000
Challenge,Room,1,1,18,823,2019,Unfurnished,Borehole,Moderate,181000
Akobo,Room,1,1,20,648,2014,Unfurnished,Well,Stable,254000
Agbowo,2 Bedroom Flat,2,2,78,328,1990,Unfurnished,Well,Poor,775000
Bodija,Mini Flat,1,2,46,622,2020,Unfurnished,Well,Stable,792000
Agbowo,Room,1,1,26,600,2020,Unfurnished,Borehole,Stable,240000
Akobo,2 Bedroom Flat,2,2,97,642,2022,Semi-Furnished,Borehole,Poor,1157000
Ring Road,Mini Flat,1,2,50,836,2001,Unfurnished,Borehole,Stable,471000
Akobo,Room,1,1,29,518,2014,Semi-Furnished,Well,Poor,231000
Akobo,Self Contained,1,1,26,918,2012,Unfurnished,Well,Moderate,433000
Bodija,3 Bedroom Flat,3,3,125,623,2017,Unfurnished,Public,Moderate,1658000
Ajibode,Room,1,1,22,497,2022,Unfurnished,Public,Moderate,165000
Agbowo,Room,1,1,25,981,2015,Unfurnished,Borehole,Moderate,231000
Bodija,Room,1,1,19,699,2013,Semi-Furnished,Borehole,Moderate,295000
Agbowo,3 Bedroom Flat,3,3,140,468,1994,Unfurnished,Well,Moderate,1006000
Ajibode,Room,1,1,28,565,2006,Unfurnished,Borehole,Stable,199000
Bodija,2 Bedroom Flat,2,2,82,664,2004,Unfurnished,Public,Poor,926000
Agbowo,Self Contained,1,1,29,522,1991,Unfurnished,Borehole,Stable,320000
Agbowo,2 Bedroom Flat,2,2,95,574,2023,Semi-Furnished,Borehole,Poor,873000
Bodija,Self Contained,1,1,35,402,2009,Unfurnished,Well,Moderate,445000
Ajibode,Self Contained,1,1,37,246,2019,Semi-Furnished,Public,Poor,330000
Apata,Self Contained,1,1,34,569,2005,Unfurnished,Borehole,Moderate,223000
Mokola,Self Contained,1,1,39,575,1993,Unfurnished,Well,Stable,234000
Oluyole,Self Contained,1,1,28,644,2020,Unfurnished,Well,Poor,315000
Ajibode,Room,1,1,25,446,2015,Semi-Furnished,Well,Moderate,253000
Challenge,Room,1,1,22,308,2001,Semi-Furnished,Well,Moderate,187000
Challenge,Room,1,1,23,376,1991,Unfurnished,Borehole,Poor,161000
Challenge,Mini Flat,1,2,56,740,1997,Semi-Furnished,Borehole,Poor,501000
Ajibode,2 Bedroom Flat,2,2,96,430,2003,Unfurnished,Borehole,Moderate,630000
Akobo,2 Bedroom Flat,2,2,90,470,2013,Semi-Furnished,Public,Moderate,850000
Mokola,Self Contained,1,1,27,493,2014,Semi-Furnished,Borehole,Moderate,380000
Akobo,Duplex,4,4,293,438,1996,Fully Furnished,Well,Stable,3752000
Akobo,Self Contained,1,1,36,425,2021,Semi-Furnished,Borehole,Moderate,399000
Bodija,Mini Flat,1,2,52,393,2012,Unfurnished,Well,Moderate,739000
Bodija,3 Bedroom Flat,3,3,129,802,2015,Semi-Furnished,Well,Moderate,1642000
Ajibode,Mini Flat,1,2,59,672,1996,Semi-Furnished,Borehole,Stable,512000
Akobo,Room,1,1,28,774,1993,Unfurnished,Borehole,Moderate,203000
Ajibode,Mini Flat,1,2,52,810,2014,Unfurnished,Well,Poor,391000
Agbowo,Room,1,1,19,200,2007,Fully Furnished,Borehole,Moderate,272000
Agbowo,Mini Flat,1,2,53,611,1996,Semi-Furnished,Borehole,Poor,450000
Bodija,Self Contained,1,1,35,444,2011,Semi-Furnished,Borehole,Moderate,451000
Ajibode,3 Bedroom Flat,3,3,112,751,1993,Unfurnished,Public,Stable,1119000
Oluyole,Mini Flat,1,2,49,416,2018,Semi-Furnished,Well,Stable,649000
Challenge,Mini Flat,1,2,56,360,2013,Semi-Furnished,Borehole,Stable,613000
Ajibode,Room,1,1,25,291,2001,Fully Furnished,Well,Moderate,283000
Ajibode,Duplex,4,4,180,495,1998,Fully Furnished,Borehole,Stable,2527000
Ajibode,Room,1,1,24,714,2004,Fully Furnished,Borehole,Moderate,293000
Ring Road,2 Bedroom Flat,2,2,73,596,2002,Unfurnished,Borehole,Stable,742000
Bodija,2 Bedroom Flat,2,2,70,333,2019,Semi-Furnished,Borehole,Poor,1277000
Bodija,Room,1,1,23,937,2015,Unfurnished,Well,Stable,307000
Ajibode,Room,1,1,19,666,2008,Semi-Furnished,Well,Moderate,231000
Akobo,Room,1,1,27,689,2010,Semi-Furnished,Borehole,Poor,240000
Mokola,Room,1,1,18,781,2010,Unfurnished,Borehole,Moderate,170000
Mokola,Room,1,1,22,254,2002,Fully Furnished,Well,Moderate,232000
Akobo,Room,1,1,27,385,2010,Semi-Furnished,Public,Poor,292000
Ajibode,3 Bedroom Flat,3,3,125,698,2013,Semi-Furnished,Borehole,Poor,1346000
Ajibode,Room,1,1,21,404,2015,Fully Furnished,Public,Stable,224000
Ajibode,Room,1,1,20,500,2020,Unfurnished,Well,Poor,187000
Agbowo,Room,1,1,22,536,2019,Unfurnished,Borehole,Stable,183000
Ajibode,2 Bedroom Flat,2,2,85,320,2013,Semi-Furnished,Borehole,Poor,917000
Agbowo,Room,1,1,21,485,2021,Unfurnished,Borehole,Poor,194000
Agbowo,Self Contained,1,1,32,714,2019,Unfurnished,Well,Stable,304000
Apata,Self Contained,1,1,27,681,2015,Semi-Furnished,Public,Moderate,315000
Akobo,Self Contained,1,1,27,750,2007,Semi-Furnished,Borehole,Moderate,429000
Mokola,Room,1,1,27,731,2001,Unfurnished,Borehole,Stable,158000
Oluyole,2 Bedroom Flat,2,2,98,623,2010,Unfurnished,Borehole,Moderate,895000
Ajibode,Mini Flat,1,2,61,608,2012,Unfurnished,Borehole,Stable,421000
Oluyole,2 Bedroom Flat,2,2,71,595,2017,Semi-Furnished,Well,Stable,921000
Agbowo,Room,1,1,20,437,2006,Semi-Furnished,Public,Moderate,248000
Akobo,Room,1,1,22,364,2004,Unfurnished,Well,Stable,215000
Agbowo,Room,1,1,26,425,2012,Unfurnished,Borehole,Moderate,173000
Ologuneru,2 Bedroom Flat,2,2,98,491,2023,Unfurnished,Borehole,Stable,660000
Agbowo,Mini Flat,1,2,47,431,2017,Unfurnished,Well,Poor,522000
Agbowo,Room,1,1,19,624,1993,Unfurnished,Borehole,Stable,204000
Apata,Self Contained,1,1,33,586,2001,Unfurnished,Borehole,Poor,259000
Ajibode,Self Contained,1,1,29,605,1991,Semi-Furnished,Borehole,Moderate,292000
Oluyole,Room,1,1,27,613,2014,Fully Furnished,Borehole,Stable,310000
Oluyole,Mini Flat,1,2,53,765,2013,Unfurnished,Borehole,Moderate,862000
Mokola,Self Contained,1,1,30,548,2020,Unfurnished,Borehole,Poor,275000
Ologuneru,Mini Flat,1,2,57,731,1993,Semi-Furnished,Borehole,Moderate,523000
Ologuneru,Self Contained,1,1,25,642,2023,Semi-Furnished,Well,Stable,301000
Ajibode,2 Bedroom Flat,2,2,82,753,1995,Unfurnished,Well,Moderate,867000
Mokola,3 Bedroom Flat,3,3,152,840,2020,Unfurnished,Well,Stable,953000
Akobo,2 Bedroom Flat,2,2,95,653,2013,Unfurnished,Borehole,Poor,932000
Akobo,Self Contained,1,1,39,568,2014,Unfurnished,Public,Moderate,482000
Ajibode,3 Bedroom Flat,3,3,110,567,1994,Semi-Furnished,Public,Stable,1013000
Akobo,Self Contained,1,1,35,465,1999,Unfurnished,Well,Moderate,444000
Ologuneru,Mini Flat,1,2,62,459,2007,Unfurnished,Public,Stable,380000
Ring Road,Room,1,1,23,712,2018,Unfurnished,Borehole,Moderate,169000
Agbowo,2 Bedroom Flat,2,2,88,376,2000,Unfurnished,Well,Stable,848000
Ajibode,Mini Flat,1,2,59,840,2019,Semi-Furnished,Borehole,Moderate,555000
Agbowo,2 Bedroom Flat,2,2,85,522,1994,Unfurnished,Well,Stable,814000
Mokola,Room,1,1,19,1065,1995,Semi-Furnished,Well,Poor,216000
Oluyole,Room,1,1,28,425,2003,Unfurnished,Borehole,Moderate,301000
Bodija,Room,1,1,21,595,2005,Semi-Furnished,Well,Stable,315000
Ajibode,Mini Flat,1,2,55,486,2003,Unfurnished,Well,Moderate,561000
Agbowo,2 Bedroom Flat,2,2,80,407,2022,Fully Furnished,Borehole,Stable,1181000
Bodija,Mini Flat,1,2,51,741,1994,Fully Furnished,Borehole,Stable,962000
Apata,Mini Flat,1,2,63,351,2003,Fully Furnished,Well,Poor,465000
Akobo,2 Bedroom Flat,2,2,84,428,1998,Fully Furnished,Well,Poor,1478000
Agbowo,3 Bedroom Flat,3,3,153,655,2016,Unfurnished,Borehole,Poor,1110000
Bodija,Self Contained,1,1,27,684,1992,Fully Furnished,Well,Stable,593000
Ajibode,Self Contained,1,1,38,299,1999,Fully Furnished,Borehole,Moderate,466000
Ologuneru,Room,1,1,29,654,2000,Unfurnished,Well,Stable,157000
Agbowo,Self Contained,1,1,28,573,2023,Unfurnished,Public,Moderate,275000
Bodija,Self Contained,1,1,29,384,1990,Unfurnished,Well,Poor,430000
Agbowo,Room,1,1,19,408,1999,Unfurnished,Borehole,Moderate,184000
Oluyole,Room,1,1,29,200,1995,Unfurnished,Borehole,Poor,225000
Oluyole,Room,1,1,19,859,1997,Unfurnished,Borehole,Poor,284000
Oluyole,Self Contained,1,1,36,732,2020,Unfurnished,Well,Moderate,439000
Agbowo,Mini Flat,1,2,64,317,1995,Unfurnished,Borehole,Stable,501000
Agbowo,Room,1,1,29,693,2020,Semi-Furnished,Public,Stable,218000
Ajibode,2 Bedroom Flat,2,2,74,446,2023,Unfurnished,Well,Stable,704000
Akobo,Mini Flat,1,2,48,714,2018,Semi-Furnished,Well,Moderate,911000
Ajibode,Mini Flat,1,2,58,460,1992,Fully Furnished,Well,Stable,802000
Akobo,Mini Flat,1,2,56,484,2011,Unfurnished,Well,Stable,666000
Mokola,Self Contained,1,1,27,498,2001,Fully Furnished,Borehole,Stable,440000
Ring Road,3 Bedroom Flat,3,3,125,431,2008,Semi-Furnished,Borehole,Stable,1217000
Bodija,Room,1,1,29,801,1996,Unfurnished,Well,Poor,314000
Bodija,Room,1,1,27,711,2012,Unfurnished,Well,Moderate,215000
Ajibode,Mini Flat,1,2,55,569,2002,Semi-Furnished,Borehole,Stable,662000
Oluyole,2 Bedroom Flat,2,2,90,734,1993,Semi-Furnished,Borehole,Poor,1005000
Mokola,Self Contained,1,1,34,257,2010,Semi-Furnished,Borehole,Moderate,351000
Agbowo,Mini Flat,1,2,59,328,2003,Fully Furnished,Well,Moderate,678000
Agbowo,2 Bedroom Flat,2,2,73,635,1996,Unfurnished,Public,Poor,863000
Mokola,Self Contained,1,1,34,682,2002,Fully Furnished,Borehole,Moderate,337000
Ring Road,Self Contained,1,1,38,600,2022,Unfurnished,Well,Moderate,326000
Agbowo,2 Bedroom Flat,2,2,75,211,2000,Unfurnished,Borehole,Moderate,790000
Bodija,2 Bedroom Flat,2,2,92,358,2014,Unfurnished,Borehole,Moderate,1127000
Ajibode,Self Contained,1,1,34,624,2013,Semi-Furnished,Well,Stable,328000
Ajibode,Room,1,1,27,986,2011,Semi-Furnished,Borehole,Stable,226000
Ring Road,Self Contained,1,1,38,769,2011,Fully Furnished,Borehole,Poor,355000
Mokola,Self Contained,1,1,39,833,2004,Semi-Furnished,Borehole,Moderate,283000
Challenge,2 Bedroom Flat,2,2,74,611,2007,Semi-Furnished,Borehole,Stable,703000
Ajibode,Room,1,1,22,609,2021,Semi-Furnished,Borehole,Moderate,206000
Mokola,Self Contained,1,1,30,363,1999,Unfurnished,Public,Stable,229000
Agbowo,Mini Flat,1,2,63,721,1998,Unfurnished,Well,Stable,640000
Agbowo,Duplex,4,4,297,536,2014,Unfurnished,Well,Stable,2128000
Bodija,Self Contained,1,1,27,674,1993,Unfurnished,Public,Poor,378000
Ajibode,Self Contained,1,1,26,555,1996,Fully Furnished,Borehole,Stable,373000
Challenge,Self Contained,1,1,31,600,2015,Semi-Furnished,Public,Poor,333000
Akobo,Self Contained,1,1,35,534,2009,Semi-Furnished,Public,Moderate,487000
Ajibode,2 Bedroom Flat,2,2,88,590,2010,Unfurnished,Borehole,Moderate,678000
Ajibode,Room,1,1,25,730,1994,Unfurnished,Borehole,Moderate,221000
Ajibode,3 Bedroom Flat,3,3,120,322,2019,Unfurnished,Public,Poor,1127000
Ajibode,2 Bedroom Flat,2,2,91,281,2012,Semi-Furnished,Borehole,Moderate,884000
Akobo,Room,1,1,26,626,2012,Semi-Furnished,Borehole,Moderate,265000
Mokola,Room,1,1,26,809,1995,Fully Furnished,Public,Poor,187000
Ajibode,Room,1,1,25,854,2012,Unfurnished,Public,Stable,212000
Ajibode,2 Bedroom Flat,2,2,89,329,2004,Semi-Furnished,Borehole,Moderate,913000
Akobo,Room,1,1,19,477,1990,Semi-Furnished,Borehole,Stable,230000
Mokola,Room,1,1,19,283,2017,Unfurnished,Borehole,Poor,122000
Agbowo,Mini Flat,1,2,62,450,1999,Semi-Furnished,Well,Poor,557000
Agbowo,3 Bedroom Flat,3,3,130,752,2022,Unfurnished,Borehole,Moderate,1130000
Akobo,Room,1,1,25,547,2013,Unfurnished,Well,Poor,224000
Agbowo,Self Contained,1,1,33,482,1995,Unfurnished,Borehole,Moderate,269000
Ajibode,Mini Flat,1,2,53,648,2003,Semi-Furnished,Borehole,Moderate,660000
Oluyole,Mini Flat,1,2,62,406,2021,Semi-Furnished,Well,Moderate,665000
Akobo,Self Contained,1,1,33,836,2008,Unfurnished,Borehole,Stable,386000
Akobo,Self Contained,1,1,33,551,1995,Semi-Furnished,Well,Poor,529000
Challenge,2 Bedroom Flat,2,2,72,477,2009,Unfurnished,Borehole,Moderate,661000
Oluyole,Duplex,4,4,212,655,2014,Unfurnished,Borehole,Stable,2737000
Ajibode,Self Contained,1,1,28,719,2009,Semi-Furnished,Borehole,Moderate,329000
Agbowo,Mini Flat,1,2,52,837,2000,Unfurnished,Public,Moderate,512000
Ajibode,Mini Flat,1,2,63,512,2021,Fully Furnished,Public,Moderate,701000
Ajibode,Self Contained,1,1,38,745,2018,Semi-Furnished,Borehole,Moderate,374000
Oluyole,Self Contained,1,1,37,568,2019,Semi-Furnished,Public,Poor,424000
Mokola,2 Bedroom Flat,2,2,97,439,2018,Unfurnished,Public,Moderate,519000
Ologuneru,Mini Flat,1,2,55,410,2011,Semi-Furnished,Public,Moderate,581000
Akobo,2 Bedroom Flat,2,2,71,352,2000,Unfurnished,Borehole,Moderate,957000
Ajibode,Mini Flat,1,2,64,416,2009,Unfurnished,Borehole,Moderate,479000
Ajibode,Room,1,1,22,750,2003,Unfurnished,Well,Stable,233000
Mokola,Self Contained,1,1,31,677,2016,Unfurnished,Well,Poor,300000
Akobo,Self Contained,1,1,32,326,1993,Semi-Furnished,Borehole,Poor,422000
Akobo,Room,1,1,26,235,1996,Semi-Furnished,Borehole,Stable,250000
Challenge,Mini Flat,1,2,53,349,2019,Semi-Furnished,Borehole,Moderate,603000
Oluyole,2 Bedroom Flat,2,2,78,410,1999,Unfurnished,Well,Poor,1003000
Mokola,Self Contained,1,1,35,495,1996,Unfurnished,Borehole,Stable,290000
Ajibode,Mini Flat,1,2,54,761,1994,Unfurnished,Borehole,Moderate,443000
Challenge,Self Contained,1,1,25,451,1993,Semi-Furnished,Borehole,Moderate,326000
Mokola,Mini Flat,1,2,53,852,2004,Unfurnished,Borehole,Stable,426000
Agbowo,Self Contained,1,1,27,247,1991,Unfurnished,Well,Moderate,220000
Akobo,Room,1,1,29,487,2004,Semi-Furnished,Well,Stable,320000
Agbowo,Mini Flat,1,2,55,691,2009,Semi-Furnished,Borehole,Moderate,559000
Apata,Self Contained,1,1,30,702,2023,Semi-Furnished,Well,Moderate,346000
Ajibode,Self Contained,1,1,25,489,2002,Unfurnished,Borehole,Stable,305000
Akobo,Room,1,1,29,730,2014,Unfurnished,Public,Moderate,213000
Ajibode,3 Bedroom Flat,3,3,159,696,2003,Semi-Furnished,Borehole,Stable,1099000
Oluyole,Room,1,1,22,427,1998,Semi-Furnished,Borehole,Moderate,273000
Ajibode,Self Contained,1,1,29,606,2011,Semi-Furnished,Well,Moderate,302000
Agbowo,Room,1,1,24,676,1994,Semi-Furnished,Borehole,Stable,239000
Bodija,Room,1,1,22,440,2003,Fully Furnished,Borehole,Moderate,450000
Ring Road,Room,1,1,23,854,2006,Semi-Furnished,Borehole,Poor,238000
Ajibode,2 Bedroom Flat,2,2,77,399,1994,Fully Furnished,Public,Stable,1000000
Ajibode,Room,1,1,27,575,2002,Fully Furnished,Public,Moderate,300000
Challenge,2 Bedroom Flat,2,2,75,325,2020,Semi-Furnished,Public,Moderate,696000
Bodija,Self Contained,1,1,33,568,1999,Unfurnished,Borehole,Poor,460000
Ring Road,Self Contained,1,1,36,357,2012,Semi-Furnished,Borehole,Moderate,344000
Ajibode,Room,1,1,24,497,2018,Unfurnished,Borehole,Moderate,158000
Akobo,Self Contained,1,1,31,264,2005,Unfurnished,Borehole,Moderate,420000
Agbowo,Room,1,1,18,693,2006,Semi-Furnished,Public,Poor,239000
Ajibode,Mini Flat,1,2,62,614,1996,Unfurnished,Borehole,Moderate,537000
Oluyole,Self Contained,1,1,32,745,2003,Unfurnished,Public,Stable,371000
Akobo,3 Bedroom Flat,3,3,110,487,1998,Unfurnished,Well,Poor,1591000
Challenge,Room,1,1,23,754,1996,Unfurnished,Public,Moderate,179000
Agbowo,Room,1,1,21,557,2003,Unfurnished,Borehole,Moderate,238000
Bodija,Self Contained,1,1,25,570,2005,Unfurnished,Borehole,Poor,445000
Agbowo,Mini Flat,1,2,57,930,1999,Semi-Furnished,Borehole,Moderate,668000
Ologuneru,Room,1,1,28,462,1994,Fully Furnished,Well,Moderate,230000
Agbowo,Self Contained,1,1,37,770,1996,Fully Furnished,Public,Poor,530000
Agbowo,2 Bedroom Flat,2,2,98,636,2011,Unfurnished,Public,Moderate,493000
Agbowo,Mini Flat,1,2,46,447,2013,Unfurnished,Well,Moderate,494000
Akobo,3 Bedroom Flat,3,3,112,313,2011,Unfurnished,Borehole,Poor,1197000
Agbowo,Self Contained,1,1,29,364,1992,Unfurnished,Public,Stable,296000
Ring Road,Self Contained,1,1,39,753,1996,Unfurnished,Borehole,Moderate,339000
Agbowo,Room,1,1,25,862,2008,Semi-Furnished,Well,Poor,236000
Ring Road,Room,1,1,22,566,1997,Unfurnished,Well,Moderate,176000
Ajibode,2 Bedroom Flat,2,2,76,575,2012,Semi-Furnished,Well,Moderate,706000
Akobo,Mini Flat,1,2,55,689,2009,Unfurnished,Borehole,Stable,661000
Ring Road,Mini Flat,1,2,48,563,2022,Unfurnished,Borehole,Moderate,439000
Ajibode,Room,1,1,27,747,1995,Semi-Furnished,Borehole,Poor,271000
Ologuneru,Room,1,1,21,602,2004,Unfurnished,Borehole,Moderate,176000
Bodija,Room,1,1,18,574,1994,Semi-Furnished,Well,Poor,392000
Apata,Self Contained,1,1,38,424,2003,Semi-Furnished,Borehole,Stable,231000
Oluyole,Room,1,1,24,379,1998,Unfurnished,Borehole,Poor,269000
Agbowo,Self Contained,1,1,29,200,2015,Semi-Furnished,Borehole,Stable,418000
Ajibode,Self Contained,1,1,30,772,2021,Semi-Furnished,Borehole,Moderate,316000
Agbowo,2 Bedroom Flat,2,2,92,523,2020,Unfurnished,Borehole,Stable,771000
Ajibode,2 Bedroom Flat,2,2,86,477,1995,Unfurnished,Borehole,Poor,756000
Ajibode,Mini Flat,1,2,59,200,1990,Unfurnished,Public,Moderate,439000
Ajibode,Room,1,1,18,434,2008,Unfurnished,Borehole,Moderate,186000
Agbowo,Mini Flat,1,2,52,411,2004,Semi-Furnished,Well,Moderate,662000
Challenge,Self Contained,1,1,29,406,2023,Unfurnished,Borehole,Moderate,243000
Ajibode,Self Contained,1,1,30,609,2008,Unfurnished,Well,Moderate,399000
Ajibode,2 Bedroom Flat,2,2,76,572,2000,Unfurnished,Public,Moderate,653000
Akobo,Self Contained,1,1,25,304,2007,Unfurnished,Well,Moderate,327000
Ajibode,2 Bedroom Flat,2,2,91,316,2013,Unfurnished,Borehole,Poor,763000
Ajibode,2 Bedroom Flat,2,2,86,316,1998,Semi-Furnished,Well,Stable,917000
Ajibode,Self Contained,1,1,35,875,2000,Unfurnished,Borehole,Moderate,311000
Apata,Self Contained,1,1,25,818,1993,Unfurnished,Borehole,Moderate,242000
Mokola,Mini Flat,1,2,59,396,2007,Unfurnished,Well,Moderate,506000
Agbowo,Self Contained,1,1,31,200,2012,Unfurnished,Borehole,Poor,303000
Akobo,Self Contained,1,1,35,573,1990,Unfurnished,Public,Stable,407000
Bodija,Mini Flat,1,2,62,558,2014,Unfurnished,Borehole,Poor,838000
Oluyole,Mini Flat,1,2,49,607,1998,Unfurnished,Well,Stable,539000
Oluyole,Mini Flat,1,2,49,683,1990,Unfurnished,Well,Moderate,577000
Akobo,Self Contained,1,1,35,631,2006,Semi-Furnished,Borehole,Moderate,453000
Agbowo,Room,1,1,25,349,1992,Unfurnished,Borehole,Poor,228000
Ajibode,Self Contained,1,1,37,602,2012,Semi-Furnished,Public,Moderate,339000
Bodija,3 Bedroom Flat,3,3,124,703,1990,Semi-Furnished,Borehole,Moderate,2091000
Ring Road,Self Contained,1,1,29,419,2013,Semi-Furnished,Borehole,Moderate,319000
Akobo,Mini Flat,1,2,51,603,2002,Semi-Furnished,Borehole,Stable,716000
Mokola,Room,1,1,22,450,2009,Unfurnished,Well,Moderate,184000
Ologuneru,2 Bedroom Flat,2,2,89,909,2009,Unfurnished,Borehole,Moderate,563000
Ajibode,2 Bedroom Flat,2,2,81,311,2001,Unfurnished,Public,Moderate,729000
Oluyole,2 Bedroom Flat,2,2,89,758,2006,Unfurnished,Public,Poor,877000
Oluyole,Self Contained,1,1,28,249,2010,Semi-Furnished,Borehole,Poor,391000
Ologuneru,Room,1,1,28,872,2013,Semi-Furnished,Borehole,Stable,212000
Ologuneru,Mini Flat,1,2,51,344,2019,Unfurnished,Borehole,Moderate,387000
Oluyole,Self Contained,1,1,27,584,2012,Unfurnished,Borehole,Stable,407000
Agbowo,Room,1,1,20,256,2012,Unfurnished,Well,Stable,210000
Challenge,Room,1,1,28,307,2006,Semi-Furnished,Well,Stable,170000
Ajibode,2 Bedroom Flat,2,2,92,711,1991,Unfurnished,Borehole,Stable,602000
Challenge,2 Bedroom Flat,2,2,76,735,2013,Unfurnished,Well,Moderate,587000
Ring Road,Self Contained,1,1,38,593,2022,Semi-Furnished,Borehole,Moderate,301000
Agbowo,Room,1,1,22,683,2004,Unfurnished,Well,Moderate,208000
Akobo,Self Contained,1,1,27,738,2021,Unfurnished,Borehole,Poor,425000
Agbowo,Self Contained,1,1,38,426,2023,Unfurnished,Well,Moderate,271000
Agbowo,Mini Flat,1,2,57,298,2011,Unfurnished,Well,Moderate,504000
Agbowo,Room,1,1,28,547,2020,Semi-Furnished,Borehole,Poor,227000
Challenge,Self Contained,1,1,37,446,2004,Semi-Furnished,Well,Moderate,320000
Apata,Mini Flat,1,2,52,619,2009,Unfurnished,Well,Moderate,336000
Apata,Mini Flat,1,2,52,648,2012,Semi-Furnished,Well,Moderate,434000
Ajibode,Room,1,1,23,427,2020,Unfurnished,Borehole,Moderate,177000
Ring Road,Self Contained,1,1,25,676,1991,Semi-Furnished,Borehole,Stable,368000
Oluyole,Mini Flat,1,2,52,667,2002,Fully Furnished,Public,Moderate,735000
Agbowo,Mini Flat,1,2,64,680,2021,Unfurnished,Public,Stable,439000
Ajibode,Room,1,1,24,476,2005,Unfurnished,Well,Moderate,192000
Agbowo,Self Contained,1,1,33,690,2004,Semi-Furnished,Well,Moderate,384000
Ring Road,Mini Flat,1,2,51,643,2014,Fully Furnished,Borehole,Poor,516000
Akobo,Room,1,1,25,665,2001,Semi-Furnished,Public,Poor,315000
Oluyole,3 Bedroom Flat,3,3,117,852,2017,Semi-Furnished,Borehole,Stable,1309000
Agbowo,Mini Flat,1,2,63,608,2001,Unfurnished,Public,Stable,594000
Oluyole,Self Contained,1,1,38,440,2010,Semi-Furnished,Well,Stable,453000
Ajibode,Room,1,1,19,350,2001,Semi-Furnished,Borehole,Stable,274000
Agbowo,2 Bedroom Flat,2,2,92,753,2005,Unfurnished,Borehole,Moderate,621000
Akobo,Room,1,1,18,614,1999,Unfurnished,Well,Moderate,231000
Ajibode,Self Contained,1,1,28,850,1999,Unfurnished,Public,Moderate,316000
Mokola,2 Bedroom Flat,2,2,74,200,1991,Unfurnished,Borehole,Stable,796000
Agbowo,Room,1,1,26,713,2016,Unfurnished,Well,Stable,212000
Akobo,2 Bedroom Flat,2,2,98,502,2019,Unfurnished,Well,Poor,1037000
Agbowo,Room,1,1,19,486,2022,Semi-Furnished,Well,Poor,173000
Akobo,3 Bedroom Flat,3,3,125,412,2005,Unfurnished,Borehole,Poor,1145000
Ajibode,Self Contained,1,1,37,711,1999,Semi-Furnished,Borehole,Moderate,390000
Ajibode,Mini Flat,1,2,57,660,2004,Unfurnished,Borehole,Poor,378000
Ring Road,2 Bedroom Flat,2,2,91,344,2015,Unfurnished,Public,Moderate,576000
Agbowo,Duplex,4,4,227,579,2004,Unfurnished,Well,Stable,2346000
Mokola,Room,1,1,20,677,1995,Unfurnished,Borehole,Moderate,235000
Ologuneru,Room,1,1,22,582,2006,Fully Furnished,Borehole,Poor,178000
Ajibode,2 Bedroom Flat,2,2,81,749,1990,Fully Furnished,Borehole,Moderate,942000
Agbowo,Room,1,1,20,497,2012,Unfurnished,Public,Moderate,178000
Oluyole,Self Contained,1,1,38,200,2023,Fully Furnished,Public,Moderate,530000
Ologuneru,2 Bedroom Flat,2,2,70,583,2014,Unfurnished,Well,Stable,562000
Ring Road,2 Bedroom Flat,2,2,86,582,1990,Unfurnished,Borehole,Stable,728000
Bodija,Self Contained,1,1,28,606,2014,Unfurnished,Borehole,Poor,391000
Challenge,Duplex,4,4,233,749,2005,Semi-Furnished,Borehole,Moderate,2021000
Ajibode,3 Bedroom Flat,3,3,111,200,2001,Unfurnished,Borehole,Moderate,933000
Ologuneru,Room,1,1,28,507,1999,Unfurnished,Borehole,Stable,140000
Ologuneru,2 Bedroom Flat,2,2,83,383,2016,Semi-Furnished,Well,Moderate,632000
Ajibode,Self Contained,1,1,33,332,1996,Unfurnished,Borehole,Stable,305000
Agbowo,Room,1,1,22,536,1995,Semi-Furnished,Well,Stable,205000
Ajibode,Self Contained,1,1,34,676,2000,Fully Furnished,Well,Moderate,366000
Agbowo,Self Contained,1,1,31,604,2013,Unfurnished,Borehole,Poor,303000
Mokola,2 Bedroom Flat,2,2,73,426,2014,Semi-Furnished,Well,Poor,762000
Agbowo,2 Bedroom Flat,2,2,88,523,1992,Unfurnished,Well,Moderate,712000
Ajibode,Room,1,1,22,717,1993,Fully Furnished,Borehole,Moderate,219000
Agbowo,Self Contained,1,1,27,672,1993,Semi-Furnished,Well,Stable,357000
Ologuneru,Room,1,1,19,450,1990,Unfurnished,Borehole,Moderate,166000
Akobo,Room,1,1,19,438,2019,Semi-Furnished,Public,Poor,253000
Agbowo,Room,1,1,28,241,2004,Unfurnished,Borehole,Moderate,183000
Ajibode,Room,1,1,22,472,2020,Unfurnished,Borehole,Poor,165000
Ologuneru,2 Bedroom Flat,2,2,98,237,1994,Unfurnished,Borehole,Moderate,496000
Mokola,Duplex,4,4,180,922,2010,Unfurnished,Borehole,Poor,1535000
Agbowo,Room,1,1,25,396,1993,Unfurnished,Borehole,Stable,186000
Ajibode,Room,1,1,24,749,1996,Semi-Furnished,Public,Moderate,197000
Ajibode,Room,1,1,27,877,2018,Unfurnished,Borehole,Moderate,171000
Ajibode,Mini Flat,1,2,56,588,2021,Fully Furnished,Public,Moderate,638000
Akobo,Self Contained,1,1,38,531,2000,Unfurnished,Public,Stable,326000
Apata,Mini Flat,1,2,56,311,2022,Fully Furnished,Borehole,Stable,662000
Bodija,Self Contained,1,1,26,459,2006,Unfurnished,Well,Moderate,445000
Mokola,Self Contained,1,1,31,838,2001,Unfurnished,Borehole,Moderate,374000
Bodija,Room,1,1,27,613,1990,Unfurnished,Borehole,Stable,308000
Oluyole,2 Bedroom Flat,2,2,77,555,2012,Semi-Furnished,Public,Moderate,1087000
Oluyole,Self Contained,1,1,36,786,1996,Semi-Furnished,Well,Moderate,396000
Ajibode,Room,1,1,18,675,2003,Fully Furnished,Borehole,Stable,274000
Agbowo,Mini Flat,1,2,52,523,1996,Unfurnished,Borehole,Moderate,429000
Akobo,Mini Flat,1,2,52,588,2003,Unfurnished,Borehole,Poor,646000
Ajibode,Room,1,1,28,411,2023,Unfurnished,Public,Moderate,188000
Agbowo,2 Bedroom Flat,2,2,88,449,1991,Semi-Furnished,Public,Moderate,890000
Bodija,Room,1,1,18,512,2009,Fully Furnished,Well,Moderate,359000
Ologuneru,3 Bedroom Flat,3,3,134,650,2006,Unfurnished,Public,Poor,978000
Bodija,Self Contained,1,1,39,325,1999,Unfurnished,Well,Moderate,478000
Mokola,Room,1,1,19,563,1994,Unfurnished,Well,Stable,214000
Agbowo,Self Contained,1,1,27,479,2022,Unfurnished,Well,Moderate,317000
Challenge,Mini Flat,1,2,62,387,2000,Semi-Furnished,Borehole,Poor,604000
Akobo,2 Bedroom Flat,2,2,99,480,2010,Semi-Furnished,Borehole,Stable,932000
Ring Road,Self Contained,1,1,34,200,1993,Semi-Furnished,Borehole,Moderate,391000
Agbowo,2 Bedroom Flat,2,2,92,413,2014,Unfurnished,Borehole,Poor,642000
Akobo,Mini Flat,1,2,51,352,2022,Unfurnished,Borehole,Stable,647000
Akobo,Room,1,1,23,499,2002,Unfurnished,Borehole,Stable,273000
Agbowo,Room,1,1,26,200,1993,Unfurnished,Borehole,Moderate,233000
Ajibode,Self Contained,1,1,39,584,2019,Unfurnished,Borehole,Poor,298000
Ajibode,Self Contained,1,1,38,713,2016,Semi-Furnished,Public,Moderate,294000
Ajibode,Self Contained,1,1,35,528,2017,Unfurnished,Borehole,Poor,360000
Ring Road,Room,1,1,29,639,1997,Unfurnished,Borehole,Moderate,175000
Agbowo,Mini Flat,1,2,58,457,2015,Unfurnished,Public,Moderate,478000
Ajibode,2 Bedroom Flat,2,2,92,270,2023,Unfurnished,Public,Stable,697000
Oluyole,Mini Flat,1,2,49,550,2018,Fully Furnished,Borehole,Moderate,711000
Agbowo,Room,1,1,18,672,1991,Unfurnished,Borehole,Poor,258000
Bodija,Self Contained,1,1,35,311,1995,Fully Furnished,Well,Moderate,530000
Ajibode,2 Bedroom Flat,2,2,90,466,2005,Unfurnished,Borehole,Moderate,829000
Apata,2 Bedroom Flat,2,2,94,505,1996,Fully Furnished,Borehole,Moderate,893000
Mokola,Room,1,1,24,1063,2000,Semi-Furnished,Borehole,Poor,238000
Mokola,Self Contained,1,1,27,590,2005,Fully Furnished,Borehole,Poor,374000
Agbowo,Mini Flat,1,2,62,206,1995,Unfurnished,Borehole,Stable,543000
Challenge,Room,1,1,23,200,1998,Semi-Furnished,Borehole,Moderate,202000
Ajibode,Room,1,1,21,681,1992,Unfurnished,Borehole,Stable,183000
Ajibode,2 Bedroom Flat,2,2,80,997,2018,Fully Furnished,Public,Stable,1108000
Ajibode,Room,1,1,19,499,1997,Unfurnished,Borehole,Moderate,182000
Akobo,Self Contained,1,1,38,488,2006,Fully Furnished,Borehole,Moderate,586000
Bodija,Self Contained,1,1,29,627,1995,Unfurnished,Borehole,Stable,535000
Bodija,Room,1,1,19,406,2000,Semi-Furnished,Borehole,Poor,311000
Ajibode,3 Bedroom Flat,3,3,158,200,1999,Unfurnished,Borehole,Poor,1149000
Agbowo,Room,1,1,18,736,1991,Semi-Furnished,Borehole,Moderate,244000
Oluyole,Mini Flat,1,2,54,439,2018,Unfurnished,Borehole,Poor,587000
Bodija,2 Bedroom Flat,2,2,77,739,1995,Unfurnished,Borehole,Stable,952000
Oluyole,Room,1,1,21,413,1998,Unfurnished,Borehole,Poor,231000
Agbowo,Mini Flat,1,2,45,571,1991,Unfurnished,Borehole,Stable,386000
Mokola,Self Contained,1,1,27,703,1993,Unfurnished,Borehole,Poor,308000
Akobo,Room,1,1,20,742,2019,Unfurnished,Well,Moderate,305000
Ajibode,Self Contained,1,1,33,591,1993,Unfurnished,Borehole,Stable,322000
Agbowo,Mini Flat,1,2,49,582,1990,Unfurnished,Well,Poor,538000
Akobo,Mini Flat,1,2,64,661,2000,Semi-Furnished,Borehole,Moderate,683000
Mokola,3 Bedroom Flat,3,3,115,633,1996,Semi-Furnished,Borehole,Stable,1066000
Agbowo,Room,1,1,29,317,2007,Fully Furnished,Well,Moderate,218000
Agbowo,Mini Flat,1,2,55,321,1997,Semi-Furnished,Borehole,Moderate,625000
Mokola,Self Contained,1,1,32,200,2019,Unfurnished,Borehole,Moderate,327000
Oluyole,Room,1,1,22,687,2004,Unfurnished,Borehole,Poor,226000
Bodija,Self Contained,1,1,26,478,1999,Unfurnished,Borehole,Moderate,478000
Bodija,Room,1,1,22,697,1991,Unfurnished,Borehole,Moderate,346000
Ajibode,Self Contained,1,1,37,622,2004,Fully Furnished,Well,Stable,483000
Akobo,Room,1,1,28,369,2011,Unfurnished,Borehole,Moderate,284000
Agbowo,Room,1,1,18,528,2023,Fully Furnished,Borehole,Poor,271000
Ologuneru,Mini Flat,1,2,56,468,1992,Semi-Furnished,Well,Poor,408000
Bodija,Room,1,1,25,440,1993,Semi-Furnished,Borehole,Moderate,339000
Bodija,Room,1,1,23,714,2014,Unfurnished,Borehole,Poor,289000
Akobo,Mini Flat,1,2,53,1001,1994,Unfurnished,Public,Moderate,480000
Ring Road,2 Bedroom Flat,2,2,99,750,2001,Unfurnished,Borehole,Poor,635000
Challenge,Self Contained,1,1,31,545,2013,Unfurnished,Well,Moderate,324000
Bodija,Self Contained,1,1,33,776,2008,Fully Furnished,Well,Moderate,651000
Oluyole,Room,1,1,26,858,2021,Semi-Furnished,Well,Poor,260000
Akobo,Mini Flat,1,2,58,299,2001,Unfurnished,Borehole,Poor,616000
Bodija,Room,1,1,19,770,2016,Unfurnished,Borehole,Moderate,266000
Ajibode,Room,1,1,18,688,2007,Semi-Furnished,Borehole,Stable,203000
Bodija,Room,1,1,24,763,2014,Unfurnished,Public,Poor,213000
Agbowo,Room,1,1,26,696,2012,Unfurnished,Borehole,Poor,199000
Ring Road,2 Bedroom Flat,2,2,70,509,1992,Semi-Furnished,Borehole,Stable,686000
Agbowo,2 Bedroom Flat,2,2,99,915,1991,Unfurnished,Borehole,Poor,710000
Apata,Self Contained,1,1,31,611,2000,Unfurnished,Borehole,Moderate,256000
Bodija,Room,1,1,21,471,2019,Unfurnished,Well,Moderate,256000
Akobo,Room,1,1,22,641,2002,Semi-Furnished,Borehole,Moderate,342000
Bodija,2 Bedroom Flat,2,2,89,725,1995,Unfurnished,Borehole,Moderate,874000
Ajibode,Self Contained,1,1,39,567,2001,Semi-Furnished,Borehole,Poor,323000
Agbowo,3 Bedroom Flat,3,3,136,620,1997,Fully Furnished,Borehole,Moderate,1892000
Ajibode,Self Contained,1,1,29,565,1998,Unfurnished,Public,Moderate,330000
Akobo,Mini Flat,1,2,56,431,1993,Unfurnished,Well,Moderate,771000
Bodija,Room,1,1,25,402,2021,Fully Furnished,Borehole,Poor,379000
Challenge,2 Bedroom Flat,2,2,74,297,2001,Unfurnished,Borehole,Moderate,639000
Agbowo,3 Bedroom Flat,3,3,137,823,2007,Semi-Furnished,Borehole,Moderate,1332000
Ajibode,Mini Flat,1,2,47,509,2020,Semi-Furnished,Borehole,Poor,520000
Agbowo,Self Contained,1,1,28,200,2018,Unfurnished,Well,Poor,267000
Apata,3 Bedroom Flat,3,3,117,621,2018,Semi-Furnished,Borehole,Poor,806000
Oluyole,Room,1,1,19,617,2016,Unfurnished,Well,Poor,239000
Agbowo,2 Bedroom Flat,2,2,93,214,2000,Unfurnished,Well,Moderate,737000
Bodija,Room,1,1,24,400,2022,Unfurnished,Borehole,Moderate,183000
Ajibode,Self Contained,1,1,26,392,2007,Semi-Furnished,Well,Moderate,314000
Ologuneru,Mini Flat,1,2,50,416,2009,Fully Furnished,Well,Stable,634000
Oluyole,Mini Flat,1,2,64,768,2017,Unfurnished,Borehole,Poor,593000
Agbowo,Self Contained,1,1,28,523,2011,Semi-Furnished,Well,Moderate,322000
Akobo,2 Bedroom Flat,2,2,97,473,2021,Unfurnished,Borehole,Moderate,861000
Ajibode,Mini Flat,1,2,56,752,2010,Unfurnished,Well,Moderate,489000
Ologuneru,Self Contained,1,1,26,639,2016,Unfurnished,Well,Poor,261000
Ajibode,Room,1,1,26,236,2015,Unfurnished,Well,Stable,208000
Akobo,Mini Flat,1,2,63,439,2012,Unfurnished,Borehole,Moderate,718000
Agbowo,Duplex,4,4,248,607,2023,Unfurnished,Public,Poor,2257000
Oluyole,Mini Flat,1,2,53,381,2001,Unfurnished,Borehole,Stable,588000
Challenge,Room,1,1,25,915,2000,Unfurnished,Well,Moderate,171000
Oluyole,Room,1,1,22,570,2021,Semi-Furnished,Borehole,Moderate,287000
Akobo,3 Bedroom Flat,3,3,127,414,2005,Unfurnished,Borehole,Moderate,1435000
Ring Road,Room,1,1,26,347,2020,Semi-Furnished,Well,Poor,224000
Ajibode,3 Bedroom Flat,3,3,138,716,1995,Fully Furnished,Borehole,Stable,1085000
Agbowo,Room,1,1,25,433,2002,Unfurnished,Borehole,Stable,224000
Agbowo,Room,1,1,25,618,2000,Semi-Furnished,Borehole,Moderate,229000
Ologuneru,3 Bedroom Flat,3,3,156,342,2000,Semi-Furnished,Borehole,Moderate,1007000
Agbowo,Mini Flat,1,2,49,562,2009,Semi-Furnished,Public,Stable,635000
Oluyole,2 Bedroom Flat,2,2,99,435,2018,Unfurnished,Public,Poor,939000
Oluyole,3 Bedroom Flat,3,3,128,493,2008,Unfurnished,Borehole,Moderate,1245000
Ajibode,Room,1,1,27,406,2019,Unfurnished,Well,Moderate,179000
Agbowo,Room,1,1,25,734,1995,Unfurnished,Well,Moderate,163000
Agbowo,Room,1,1,19,461,2006,Unfurnished,Borehole,Poor,240000
Agbowo,Room,1,1,29,524,2007,Unfurnished,Well,Moderate,204000
Agbowo,Room,1,1,20,532,2007,Unfurnished,Borehole,Stable,223000
Ajibode,Room,1,1,21,840,2001,Unfurnished,Borehole,Stable,223000
Ring Road,Self Contained,1,1,34,710,1992,Semi-Furnished,Borehole,Moderate,321000
Ologuneru,Room,1,1,19,692,2007,Unfurnished,Public,Stable,196000
Agbowo,Self Contained,1,1,26,265,2005,Unfurnished,Well,Moderate,300000
Agbowo,2 Bedroom Flat,2,2,84,431,2017,Unfurnished,Well,Moderate,700000
Ajibode,Mini Flat,1,2,49,763,1998,Unfurnished,Well,Moderate,466000
Oluyole,Room,1,1,20,339,2009,Fully Furnished,Borehole,Poor,311000
Mokola,Room,1,1,20,565,2007,Unfurnished,Borehole,Moderate,196000
Ajibode,Self Contained,1,1,32,358,2014,Unfurnished,Well,Stable,351000
Ajibode,3 Bedroom Flat,3,3,159,376,2010,Semi-Furnished,Borehole,Moderate,1189000
Challenge,Self Contained,1,1,33,852,2015,Unfurnished,Borehole,Moderate,239000
Akobo,Self Contained,1,1,27,679,2012,Unfurnished,Well,Moderate,470000
Ajibode,Room,1,1,23,726,1999,Semi-Furnished,Public,Poor,249000
Akobo,Room,1,1,23,691,2002,Unfurnished,Borehole,Poor,279000
Agbowo,Self Contained,1,1,33,524,2001,Unfurnished,Borehole,Stable,302000
Agbowo,Self Contained,1,1,37,425,1992,Fully Furnished,Well,Poor,480000
Challenge,2 Bedroom Flat,2,2,78,477,2003,Unfurnished,Well,Poor,577000
Mokola,Mini Flat,1,2,64,515,2023,Unfurnished,Borehole,Poor,316000
Agbowo,Self Contained,1,1,33,869,2018,Unfurnished,Borehole,Stable,351000
Apata,Room,1,1,24,309,2019,Unfurnished,Well,Moderate,189000
Agbowo,2 Bedroom Flat,2,2,92,450,1996,Unfurnished,Borehole,Moderate,886000
Challenge,Room,1,1,29,385,1991,Semi-Furnished,Well,Poor,199000
Bodija,Self Contained,1,1,31,740,2007,Unfurnished,Borehole,Moderate,434000
Ring Road,Self Contained,1,1,26,883,2015,Unfurnished,Well,Moderate,291000
Ring Road,Self Contained,1,1,37,605,2006,Semi-Furnished,Well,Moderate,343000
Ajibode,Mini Flat,1,2,63,620,2001,Unfurnished,Borehole,Moderate,516000
Apata,2 Bedroom Flat,2,2,77,566,2021,Unfurnished,Public,Moderate,623000
Mokola,Room,1,1,24,628,2018,Unfurnished,Well,Moderate,179000
Challenge,3 Bedroom Flat,3,3,142,689,1999,Semi-Furnished,Borehole,Poor,1118000
Ajibode,Self Contained,1,1,27,626,1991,Unfurnished,Borehole,Moderate,326000
Challenge,2 Bedroom Flat,2,2,83,639,2003,Unfurnished,Borehole,Poor,554000
Mokola,Mini Flat,1,2,60,689,1999,Unfurnished,Well,Moderate,451000
Agbowo,Mini Flat,1,2,57,229,1990,Unfurnished,Public,Moderate,556000
Apata,Room,1,1,19,550,2010,Semi-Furnished,Borehole,Stable,234000
Ajibode,2 Bedroom Flat,2,2,85,604,1994,Unfurnished,Borehole,Moderate,642000
Ajibode,Room,1,1,22,624,1998,Semi-Furnished,Borehole,Moderate,209000
Bodija,Room,1,1,19,519,1998,Unfurnished,Borehole,Moderate,291000
Akobo,Room,1,1,19,578,2007,Semi-Furnished,Public,Stable,283000
Akobo,Room,1,1,29,420,1994,Unfurnished,Borehole,Moderate,294000
Ajibode,2 Bedroom Flat,2,2,78,230,2005,Fully Furnished,Borehole,Moderate,838000
Ologuneru,2 Bedroom Flat,2,2,85,726,2023,Semi-Furnished,Well,Poor,672000
Ajibode,2 Bedroom Flat,2,2,89,345,1993,Semi-Furnished,Borehole,Moderate,846000
Ajibode,Room,1,1,25,521,2010,Unfurnished,Borehole,Stable,182000
Ajibode,Self Contained,1,1,37,415,2003,Unfurnished,Borehole,Poor,256000
Akobo,Mini Flat,1,2,47,835,2016,Fully Furnished,Well,Moderate,898000
Apata,3 Bedroom Flat,3,3,152,535,2001,Unfurnished,Borehole,Stable,879000
Oluyole,Self Contained,1,1,30,494,2016,Fully Furnished,Borehole,Stable,559000
Mokola,Mini Flat,1,2,61,684,2023,Semi-Furnished,Borehole,Stable,550000
Ajibode,Self Contained,1,1,37,938,1993,Semi-Furnished,Borehole,Moderate,346000
Bodija,2 Bedroom Flat,2,2,94,623,1991,Unfurnished,Well,Moderate,1062000
Bodija,2 Bedroom Flat,2,2,99,482,2021,Semi-Furnished,Borehole,Moderate,1178000
Bodija,3 Bedroom Flat,3,3,140,675,1991,Fully Furnished,Borehole,Moderate,2008000
Ajibode,3 Bedroom Flat,3,3,149,266,2011,Unfurnished,Borehole,Moderate,1099000
Oluyole,Room,1,1,24,558,2008,Unfurnished,Well,Moderate,246000
Bodija,Mini Flat,1,2,56,908,2015,Unfurnished,Borehole,Stable,744000
Challenge,Self Contained,1,1,27,578,2009,Unfurnished,Public,Stable,264000
Bodija,2 Bedroom Flat,2,2,98,569,2007,Unfurnished,Well,Moderate,1318000
Ajibode,Self Contained,1,1,25,553,2003,Unfurnished,Borehole,Poor,325000
Akobo,Room,1,1,24,478,2009,Unfurnished,Borehole,Moderate,259000
Ajibode,Self Contained,1,1,29,606,2013,Unfurnished,Public,Stable,345000
Ring Road,Room,1,1,26,689,2020,Fully Furnished,Borehole,Moderate,251000
Akobo,Room,1,1,29,490,2004,Unfurnished,Well,Poor,325000
Ajibode,Duplex,4,4,233,200,1996,Unfurnished,Borehole,Stable,1968000
Ologuneru,Duplex,4,4,297,633,2012,Unfurnished,Borehole,Stable,1863000
Bodija,Mini Flat,1,2,59,933,2018,Unfurnished,Public,Stable,696000
Ajibode,Self Contained,1,1,29,482,1993,Unfurnished,Borehole,Moderate,274000
Akobo,Room,1,1,23,285,2020,Unfurnished,Borehole,Moderate,294000
Agbowo,Self Contained,1,1,38,671,2007,Semi-Furnished,Public,Poor,326000
Challenge,Room,1,1,28,863,2020,Fully Furnished,Public,Stable,271000
Mokola,Self Contained,1,1,39,645,2007,Unfurnished,Borehole,Stable,323000
Ologuneru,Self Contained,1,1,29,860,1999,Semi-Furnished,Well,Poor,337000
Bodija,Mini Flat,1,2,45,692,1996,Unfurnished,Borehole,Moderate,777000
Bodija,Mini Flat,1,2,51,677,2017,Semi-Furnished,Well,Poor,780000
Challenge,Mini Flat,1,2,49,456,2007,Semi-Furnished,Well,Stable,548000
Ajibode,Mini Flat,1,2,60,601,2020,Fully Furnished,Public,Poor,649000
Bodija,Room,1,1,28,544,1998,Unfurnished,Borehole,Stable,330000
Bodija,Room,1,1,20,538,2005,Unfurnished,Well,Poor,253000
Ajibode,Room,1,1,18,504,2014,Semi-Furnished,Public,Stable,247000
Agbowo,Mini Flat,1,2,57,590,2019,Semi-Furnished,Public,Stable,514000
Mokola,Room,1,1,19,316,1991,Unfurnished,Borehole,Poor,186000
Mokola,Mini Flat,1,2,55,696,1994,Unfurnished,Well,Stable,423000
Ajibode,Mini Flat,1,2,62,392,2019,Unfurnished,Borehole,Stable,509000
Ajibode,2 Bedroom Flat,2,2,93,504,2008,Fully Furnished,Borehole,Stable,1041000
Agbowo,Self Contained,1,1,26,609,2003,Unfurnished,Well,Moderate,370000
Ring Road,Self Contained,1,1,30,383,2016,Semi-Furnished,Borehole,Stable,331000
Ajibode,Self Contained,1,1,37,200,2019,Unfurnished,Borehole,Poor,295000
Oluyole,2 Bedroom Flat,2,2,95,481,2003,Unfurnished,Borehole,Poor,823000
Ajibode,2 Bedroom Flat,2,2,97,292,2020,Unfurnished,Well,Moderate,716000
Akobo,Self Contained,1,1,30,678,2019,Unfurnished,Well,Moderate,402000
Agbowo,2 Bedroom Flat,2,2,91,342,2000,Unfurnished,Borehole,Stable,758000
Challenge,Self Contained,1,1,35,817,2006,Fully Furnished,Well,Poor,355000
Agbowo,2 Bedroom Flat,2,2,85,548,1999,Unfurnished,Public,Poor,727000
Akobo,2 Bedroom Flat,2,2,90,560,2005,Unfurnished,Public,Stable,762000
Agbowo,2 Bedroom Flat,2,2,99,200,2000,Unfurnished,Public,Poor,783000
Oluyole,Self Contained,1,1,25,576,2017,Unfurnished,Well,Moderate,421000
Ring Road,3 Bedroom Flat,3,3,126,535,2010,Unfurnished,Well,Stable,1164000
Ajibode,2 Bedroom Flat,2,2,83,316,2017,Unfurnished,Well,Poor,664000
Mokola,Room,1,1,28,565,2012,Semi-Furnished,Public,Poor,249000
Akobo,Room,1,1,19,478,1990,Semi-Furnished,Well,Stable,258000
Ajibode,Mini Flat,1,2,54,510,2002,Unfurnished,Well,Stable,421000
Agbowo,Self Contained,1,1,26,554,1997,Unfurnished,Well,Poor,359000
Ajibode,2 Bedroom Flat,2,2,86,465,2008,Fully Furnished,Borehole,Stable,906000
Oluyole,Room,1,1,23,594,2013,Semi-Furnished,Borehole,Poor,255000
Challenge,Room,1,1,19,534,2014,Unfurnished,Well,Stable,170000
Ajibode,Room,1,1,24,635,2015,Unfurnished,Public,Moderate,228000
Bodija,Room,1,1,22,454,2016,Unfurnished,Well,Moderate,262000
Mokola,Room,1,1,26,358,2021,Semi-Furnished,Public,Moderate,220000
Apata,Room,1,1,29,422,1992,Unfurnished,Well,Moderate,170000
Bodija,Room,1,1,29,809,1998,Semi-Furnished,Public,Moderate,364000
Apata,Room,1,1,21,722,1990,Fully Furnished,Well,Moderate,230000
Bodija,Self Contained,1,1,39,768,2007,Semi-Furnished,Well,Moderate,496000
Agbowo,Self Contained,1,1,36,780,1992,Unfurnished,Borehole,Stable,274000
Mokola,Room,1,1,23,466,2003,Semi-Furnished,Borehole,Stable,270000
Bodija,Self Contained,1,1,38,603,2021,Semi-Furnished,Borehole,Poor,522000
Bodija,Room,1,1,25,563,1993,Unfurnished,Borehole,Stable,268000
Bodija,3 Bedroom Flat,3,3,154,668,2010,Semi-Furnished,Borehole,Poor,2016000
Mokola,Room,1,1,28,497,2016,Unfurnished,Borehole,Moderate,179000
Mokola,Mini Flat,1,2,55,566,1994,Unfurnished,Well,Poor,507000
Agbowo,Room,1,1,19,563,1992,Unfurnished,Borehole,Stable,257000
Agbowo,Duplex,4,4,277,645,2011,Unfurnished,Borehole,Moderate,1943000
Bodija,Room,1,1,25,668,2009,Fully Furnished,Well,Poor,395000
Akobo,Room,1,1,29,566,1991,Semi-Furnished,Borehole,Stable,294000
Agbowo,Self Contained,1,1,39,572,1990,Unfurnished,Borehole,Stable,322000
Challenge,Room,1,1,21,590,2012,Unfurnished,Well,Moderate,163000
Bodija,Duplex,4,4,281,846,2014,Unfurnished,Borehole,Poor,2187000
Agbowo,Duplex,4,4,252,238,2015,Fully Furnished,Well,Stable,3068000
Ajibode,Room,1,1,24,375,1992,Unfurnished,Borehole,Poor,216000
Agbowo,Room,1,1,28,671,2020,Unfurnished,Borehole,Moderate,237000
Apata,2 Bedroom Flat,2,2,89,598,2016,Unfurnished,Borehole,Poor,676000
Agbowo,3 Bedroom Flat,3,3,159,597,2002,Fully Furnished,Public,Poor,1731000
Ajibode,3 Bedroom Flat,3,3,131,670,2022,Unfurnished,Well,Moderate,996000
Bodija,2 Bedroom Flat,2,2,75,588,2014,Unfurnished,Borehole,Moderate,1147000
Agbowo,Self Contained,1,1,34,449,2005,Semi-Furnished,Borehole,Poor,378000
Ajibode,Room,1,1,19,663,2015,Unfurnished,Borehole,Stable,176000
Agbowo,Self Contained,1,1,32,553,2007,Fully Furnished,Well,Moderate,469000
Bodija,Room,1,1,18,469,2006,Semi-Furnished,Borehole,Moderate,344000
Bodija,Mini Flat,1,2,53,674,2014,Unfurnished,Borehole,Moderate,771000
Agbowo,Mini Flat,1,2,61,667,2015,Unfurnished,Well,Poor,422000
Bodija,Self Contained,1,1,28,588,2007,Fully Furnished,Public,Moderate,602000
Ologuneru,2 Bedroom Flat,2,2,71,859,1990,Fully Furnished,Well,Moderate,889000
Agbowo,Mini Flat,1,2,58,788,1996,Semi-Furnished,Borehole,Stable,589000
Agbowo,Room,1,1,19,730,2019,Unfurnished,Borehole,Stable,192000
Agbowo,Self Contained,1,1,29,1011,2022,Unfurnished,Borehole,Moderate,312000
Bodija,Mini Flat,1,2,57,523,2014,Unfurnished,Borehole,Stable,890000
Challenge,Self Contained,1,1,36,466,2014,Fully Furnished,Borehole,Moderate,398000
Ajibode,2 Bedroom Flat,2,2,70,704,2016,Fully Furnished,Borehole,Moderate,880000
Oluyole,3 Bedroom Flat,3,3,131,504,2007,Semi-Furnished,Borehole,Moderate,1551000
Ajibode,3 Bedroom Flat,3,3,118,552,2019,Unfurnished,Borehole,Poor,1057000
Agbowo,Self Contained,1,1,35,372,2003,Unfurnished,Borehole,Stable,361000
Challenge,Self Contained,1,1,29,659,2023,Semi-Furnished,Well,Stable,263000
Agbowo,Self Contained,1,1,37,285,2009,Fully Furnished,Public,Moderate,513000
Akobo,Mini Flat,1,2,58,532,2004,Unfurnished,Borehole,Stable,613000
Ajibode,Duplex,4,4,281,547,1996,Fully Furnished,Borehole,Stable,2620000
Challenge,Mini Flat,1,2,50,471,2002,Unfurnished,Well,Poor,313000
Ajibode,2 Bedroom Flat,2,2,96,233,2023,Unfurnished,Borehole,Moderate,792000
Mokola,3 Bedroom Flat,3,3,120,232,2002,Unfurnished,Public,Moderate,808000
Ajibode,Mini Flat,1,2,49,415,1993,Fully Furnished,Borehole,Poor,792000
Ring Road,2 Bedroom Flat,2,2,97,647,2002,Unfurnished,Well,Stable,687000
Agbowo,Self Contained,1,1,39,602,2002,Unfurnished,Borehole,Moderate,304000
Oluyole,Self Contained,1,1,32,547,2012,Unfurnished,Borehole,Moderate,363000
Agbowo,Self Contained,1,1,32,390,2018,Semi-Furnished,Borehole,Poor,316000
Ring Road,Room,1,1,25,611,2022,Unfurnished,Well,Moderate,208000
Ajibode,Room,1,1,29,226,2012,Unfurnished,Well,Stable,192000
Ajibode,3 Bedroom Flat,3,3,135,200,1992,Semi-Furnished,Borehole,Poor,1097000
Bodija,Room,1,1,21,506,2021,Fully Furnished,Borehole,Moderate,355000
Ajibode,Room,1,1,29,451,1992,Fully Furnished,Borehole,Poor,225000
Ajibode,Mini Flat,1,2,49,732,2001,Unfurnished,Borehole,Stable,472000
Apata,Mini Flat,1,2,63,578,1993,Unfurnished,Well,Stable,418000
Ologuneru,Self Contained,1,1,37,847,2022,Unfurnished,Well,Moderate,305000
Agbowo,Self Contained,1,1,35,451,2021,Unfurnished,Public,Stable,318000
Apata,Room,1,1,23,637,2006,Unfurnished,Borehole,Poor,169000
Bodija,Room,1,1,29,504,1998,Semi-Furnished,Well,Poor,330000
Agbowo,Room,1,1,23,798,1994,Unfurnished,Well,Moderate,188000
Oluyole,Room,1,1,27,513,2010,Unfurnished,Borehole,Moderate,250000
Akobo,Self Contained,1,1,27,703,1992,Unfurnished,Borehole,Moderate,387000
Ologuneru,Self Contained,1,1,28,356,1992,Fully Furnished,Borehole,Moderate,404000
Agbowo,Mini Flat,1,2,61,475,2022,Semi-Furnished,Well,Stable,558000
Oluyole,2 Bedroom Flat,2,2,94,534,1992,Semi-Furnished,Well,Moderate,789000
Ajibode,Self Contained,1,1,27,777,2007,Unfurnished,Borehole,Moderate,225000
Ajibode,Room,1,1,23,200,1992,Semi-Furnished,Borehole,Poor,239000
Ajibode,3 Bedroom Flat,3,3,152,490,2018,Unfurnished,Well,Stable,951000
Ologuneru,Room,1,1,27,484,1994,Fully Furnished,Well,Moderate,264000
Challenge,Mini Flat,1,2,52,200,1998,Unfurnished,Borehole,Moderate,485000
Challenge,Room,1,1,24,466,2001,Unfurnished,Well,Poor,190000
Bodija,Self Contained,1,1,35,272,2005,Unfurnished,Borehole,Stable,438000
Agbowo,Duplex,4,4,208,200,2016,Unfurnished,Well,Moderate,1800000
Ajibode,Room,1,1,27,502,1998,Fully Furnished,Borehole,Poor,282000
Agbowo,2 Bedroom Flat,2,2,73,496,2011,Unfurnished,Borehole,Poor,597000
Agbowo,Room,1,1,27,505,2006,Unfurnished,Borehole,Moderate,186000
Challenge,Mini Flat,1,2,62,595,1990,Unfurnished,Borehole,Moderate,556000
Bodija,Self Contained,1,1,34,391,1992,Unfurnished,Borehole,Stable,397000
Ajibode,Self Contained,1,1,34,872,1994,Semi-Furnished,Well,Moderate,331000
Ajibode,Self Contained,1,1,29,544,2011,Fully Furnished,Borehole,Moderate,348000
Ajibode,3 Bedroom Flat,3,3,118,781,1990,Unfurnished,Borehole,Poor,1089000
Agbowo,Self Contained,1,1,29,247,1993,Fully Furnished,Public,Moderate,551000
Apata,Self Contained,1,1,32,399,2011,Semi-Furnished,Public,Stable,348000
Akobo,Self Contained,1,1,25,673,2013,Unfurnished,Public,Moderate,406000
Challenge,Self Contained,1,1,34,509,2021,Unfurnished,Public,Stable,297000
Bodija,Room,1,1,21,356,1991,Unfurnished,Public,Stable,269000
Agbowo,Self Contained,1,1,27,219,1994,Unfurnished,Borehole,Stable,331000
Ajibode,2 Bedroom Flat,2,2,87,681,1996,Semi-Furnished,Borehole,Moderate,883000
Ring Road,Self Contained,1,1,27,667,1997,Unfurnished,Well,Stable,271000
Challenge,Self Contained,1,1,32,593,2001,Unfurnished,Public,Moderate,319000
Ajibode,Mini Flat,1,2,49,460,2017,Semi-Furnished,Borehole,Poor,560000
Bodija,3 Bedroom Flat,3,3,118,349,1991,Semi-Furnished,Borehole,Poor,1587000
Bodija,Room,1,1,25,540,2003,Unfurnished,Borehole,Stable,254000
Akobo,2 Bedroom Flat,2,2,70,313,2008,Fully Furnished,Borehole,Stable,1087000
Apata,2 Bedroom Flat,2,2,85,414,2010,Semi-Furnished,Public,Moderate,760000
Akobo,Room,1,1,25,777,2019,Unfurnished,Well,Moderate,238000
Bodija,Room,1,1,19,216,2010,Unfurnished,Borehole,Moderate,284000
Ajibode,3 Bedroom Flat,3,3,113,671,2017,Unfurnished,Well,Poor,1208000
Ajibode,Room,1,1,27,818,2022,Semi-Furnished,Borehole,Stable,223000
Ajibode,Room,1,1,26,696,1996,Fully Furnished,Well,Moderate,327000
Ajibode,Room,1,1,28,621,2005,Semi-Furnished,Public,Stable,242000
Challenge,Room,1,1,24,466,2014,Semi-Furnished,Borehole,Moderate,181000
Oluyole,Room,1,1,26,433,2019,Unfurnished,Borehole,Stable,235000
Ajibode,Self Contained,1,1,28,200,2006,Unfurnished,Well,Moderate,309000
Mokola,Self Contained,1,1,38,556,2005,Unfurnished,Borehole,Moderate,301000
Ajibode,2 Bedroom Flat,2,2,78,477,1993,Semi-Furnished,Borehole,Stable,962000
Agbowo,2 Bedroom Flat,2,2,90,424,2019,Fully Furnished,Well,Stable,837000
Agbowo,2 Bedroom Flat,2,2,96,546,2009,Unfurnished,Well,Stable,889000
Agbowo,3 Bedroom Flat,3,3,134,561,1994,Fully Furnished,Well,Moderate,1523000
Agbowo,Self Contained,1,1,33,435,2003,Unfurnished,Borehole,Stable,362000
Bodija,2 Bedroom Flat,2,2,76,840,2017,Semi-Furnished,Public,Moderate,1205000
Agbowo,Mini Flat,1,2,61,681,1999,Unfurnished,Public,Poor,500000
Ologuneru,Room,1,1,28,711,2019,Semi-Furnished,Public,Moderate,145000
Ajibode,Room,1,1,26,531,2021,Unfurnished,Well,Poor,190000
Ajibode,Room,1,1,28,642,2001,Unfurnished,Well,Stable,215000
Ajibode,Room,1,1,19,388,2005,Unfurnished,Public,Moderate,174000
Akobo,Room,1,1,21,669,2015,Unfurnished,Borehole,Stable,318000
Ajibode,Self Contained,1,1,38,513,2005,Unfurnished,Well,Moderate,378000
Mokola,Room,1,1,21,366,2006,Unfurnished,Borehole,Stable,155000
Bodija,Room,1,1,27,545,2012,Unfurnished,Borehole,Moderate,257000
Bodija,Room,1,1,18,497,2011,Semi-Furnished,Borehole,Moderate,282000
Akobo,Mini Flat,1,2,64,968,2010,Unfurnished,Well,Stable,644000
Ajibode,Room,1,1,25,628,2023,Semi-Furnished,Borehole,Stable,221000
Ajibode,Room,1,1,27,834,1994,Semi-Furnished,Well,Moderate,186000
Agbowo,2 Bedroom Flat,2,2,76,753,2020,Unfurnished,Public,Poor,681000
Akobo,Self Contained,1,1,31,556,2022,Semi-Furnished,Borehole,Moderate,555000
Ajibode,3 Bedroom Flat,3,3,121,470,1992,Fully Furnished,Borehole,Moderate,1403000
Ajibode,Mini Flat,1,2,61,236,2008,Unfurnished,Well,Stable,473000
Ologuneru,Room,1,1,19,393,2007,Semi-Furnished,Borehole,Poor,179000
Ajibode,Room,1,1,21,669,2017,Unfurnished,Public,Poor,169000
Challenge,2 Bedroom Flat,2,2,85,495,2004,Unfurnished,Borehole,Poor,616000
Challenge,Room,1,1,21,617,2022,Unfurnished,Borehole,Moderate,148000
Agbowo,Room,1,1,24,200,2017,Unfurnished,Well,Moderate,226000
Ajibode,Mini Flat,1,2,61,631,1997,Semi-Furnished,Public,Moderate,526000
Ajibode,Room,1,1,28,747,2019,Unfurnished,Borehole,Poor,195000
Oluyole,Room,1,1,24,230,1990,Unfurnished,Borehole,Moderate,243000
Akobo,Mini Flat,1,2,51,616,1996,Unfurnished,Borehole,Moderate,718000
Challenge,Room,1,1,27,791,2003,Unfurnished,Borehole,Poor,146000
Apata,Mini Flat,1,2,61,852,2010,Unfurnished,Well,Stable,427000
Oluyole,Self Contained,1,1,35,459,1995,Unfurnished,Well,Stable,300000
Ajibode,Room,1,1,23,690,2006,Unfurnished,Borehole,Moderate,219000
Agbowo,3 Bedroom Flat,3,3,151,807,2003,Unfurnished,Borehole,Stable,1100000
Mokola,Self Contained,1,1,36,622,1996,Unfurnished,Borehole,Stable,274000
Ajibode,Mini Flat,1,2,52,781,2004,Unfurnished,Public,Moderate,626000
Ajibode,Mini Flat,1,2,46,543,1997,Fully Furnished,Well,Poor,744000
Oluyole,Self Contained,1,1,25,620,1999,Semi-Furnished,Well,Poor,464000
Agbowo,2 Bedroom Flat,2,2,92,438,2018,Unfurnished,Borehole,Poor,780000
Apata,Room,1,1,29,520,2008,Semi-Furnished,Well,Poor,217000
Akobo,Room,1,1,25,628,1991,Unfurnished,Borehole,Moderate,226000
Ajibode,3 Bedroom Flat,3,3,156,424,1997,Semi-Furnished,Borehole,Moderate,1073000
Apata,Room,1,1,19,509,2019,Unfurnished,Borehole,Moderate,155000
Agbowo,Self Contained,1,1,29,686,2007,Unfurnished,Borehole,Moderate,341000
Agbowo,2 Bedroom Flat,2,2,94,919,1991,Semi-Furnished,Public,Moderate,945000
Agbowo,Room,1,1,23,200,1994,Unfurnished,Borehole,Moderate,240000
Ajibode,Room,1,1,18,905,2002,Fully Furnished,Well,Moderate,263000
Bodija,Room,1,1,26,503,2000,Semi-Furnished,Borehole,Moderate,301000
Ajibode,Mini Flat,1,2,55,723,1997,Fully Furnished,Well,Moderate,698000
Agbowo,Self Contained,1,1,35,758,2006,Unfurnished,Borehole,Stable,304000
Agbowo,Self Contained,1,1,27,831,2000,Semi-Furnished,Borehole,Moderate,338000
Challenge,2 Bedroom Flat,2,2,99,418,2015,Unfurnished,Borehole,Stable,596000
Challenge,Mini Flat,1,2,55,509,2023,Fully Furnished,Borehole,Moderate,602000
Ajibode,Room,1,1,22,540,1992,Unfurnished,Borehole,Moderate,197000
Agbowo,3 Bedroom Flat,3,3,130,485,2014,Unfurnished,Public,Poor,1095000
Agbowo,Mini Flat,1,2,58,787,2013,Unfurnished,Public,Moderate,535000
Ajibode,2 Bedroom Flat,2,2,79,536,2012,Unfurnished,Public,Poor,839000
Challenge,Self Contained,1,1,37,258,2019,Fully Furnished,Well,Stable,338000
Oluyole,3 Bedroom Flat,3,3,142,436,2016,Unfurnished,Borehole,Moderate,1160000
Ajibode,Self Contained,1,1,39,265,1999,Semi-Furnished,Well,Poor,404000
Agbowo,Self Contained,1,1,34,508,1998,Unfurnished,Borehole,Moderate,318000
Ajibode,Self Contained,1,1,29,671,1991,Semi-Furnished,Borehole,Moderate,322000
Akobo,Room,1,1,26,432,2010,Fully Furnished,Public,Poor,303000
Ajibode,Self Contained,1,1,39,477,2000,Fully Furnished,Borehole,Poor,514000
Ologuneru,3 Bedroom Flat,3,3,121,500,1999,Unfurnished,Borehole,Poor,819000
Challenge,Mini Flat,1,2,50,575,2014,Fully Furnished,Borehole,Moderate,481000
Agbowo,Room,1,1,24,642,1994,Unfurnished,Public,Poor,200000
Akobo,Mini Flat,1,2,61,695,2011,Unfurnished,Borehole,Poor,777000
Ring Road,Room,1,1,20,955,1994,Unfurnished,Public,Stable,139000
Bodija,Room,1,1,21,572,1998,Unfurnished,Borehole,Moderate,293000
Ajibode,Self Contained,1,1,29,682,2000,Unfurnished,Well,Moderate,327000
Agbowo,Mini Flat,1,2,49,264,1994,Unfurnished,Borehole,Stable,576000
Mokola,Room,1,1,19,481,1995,Unfurnished,Well,Stable,190000
Akobo,Self Contained,1,1,31,501,2022,Semi-Furnished,Well,Moderate,556000
Akobo,Self Contained,1,1,32,366,2005,Unfurnished,Borehole,Poor,409000
Mokola,3 Bedroom Flat,3,3,116,453,2013,Unfurnished,Borehole,Stable,1095000
Ring Road,Self Contained,1,1,25,530,2003,Semi-Furnished,Public,Moderate,262000
Ring Road,3 Bedroom Flat,3,3,159,459,2013,Unfurnished,Borehole,Stable,819000
Ajibode,Room,1,1,20,1018,2001,Unfurnished,Borehole,Moderate,180000
Bodija,2 Bedroom Flat,2,2,94,642,2012,Semi-Furnished,Borehole,Stable,1128000
Challenge,Mini Flat,1,2,58,910,1995,Semi-Furnished,Borehole,Stable,455000
Challenge,Mini Flat,1,2,57,818,2010,Semi-Furnished,Well,Poor,488000
Akobo,Self Contained,1,1,30,434,1998,Unfurnished,Borehole,Stable,435000
Ajibode,Room,1,1,21,556,1994,Semi-Furnished,Well,Moderate,210000
Challenge,Self Contained,1,1,31,471,2020,Semi-Furnished,Borehole,Stable,292000
Oluyole,Self Contained,1,1,28,520,1992,Unfurnished,Well,Poor,329000
Ajibode,Self Contained,1,1,33,374,2008,Semi-Furnished,Borehole,Poor,348000
Bodija,Room,1,1,24,470,2008,Semi-Furnished,Well,Moderate,348000
Ajibode,Self Contained,1,1,25,614,1990,Semi-Furnished,Borehole,Moderate,354000
Agbowo,2 Bedroom Flat,2,2,73,609,2011,Unfurnished,Well,Stable,804000
Ajibode,2 Bedroom Flat,2,2,96,595,2008,Semi-Furnished,Public,Moderate,731000
Agbowo,Self Contained,1,1,35,539,2015,Semi-Furnished,Well,Moderate,403000
Bodija,Self Contained,1,1,30,704,2004,Unfurnished,Well,Stable,450000
Akobo,2 Bedroom Flat,2,2,88,503,2008,Fully Furnished,Borehole,Moderate,1237000
Oluyole,Duplex,4,4,202,800,2014,Unfurnished,Well,Stable,2356000
Mokola,Room,1,1,23,217,2020,Semi-Furnished,Public,Poor,202000
Ajibode,Self Contained,1,1,38,668,2019,Semi-Furnished,Public,Stable,322000
Ajibode,Self Contained,1,1,25,637,2022,Fully Furnished,Well,Moderate,463000
Mokola,Self Contained,1,1,25,428,2005,Unfurnished,Well,Poor,282000
Ajibode,Room,1,1,23,486,2001,Unfurnished,Borehole,Moderate,189000
Ologuneru,Mini Flat,1,2,57,633,2017,Semi-Furnished,Well,Poor,458000
Mokola,Self Contained,1,1,32,714,2019,Unfurnished,Borehole,Moderate,251000
Bodija,Self Contained,1,1,34,235,1995,Semi-Furnished,Public,Moderate,460000
Ologuneru,Room,1,1,29,663,2003,Semi-Furnished,Well,Poor,172000
Ajibode,2 Bedroom Flat,2,2,76,467,1994,Fully Furnished,Borehole,Moderate,973000
Agbowo,Self Contained,1,1,34,752,2012,Semi-Furnished,Well,Stable,367000
Akobo,Mini Flat,1,2,46,218,2021,Unfurnished,Borehole,Moderate,617000
Agbowo,Self Contained,1,1,29,990,2020,Unfurnished,Borehole,Moderate,293000
Apata,Room,1,1,25,390,2003,Fully Furnished,Borehole,Moderate,206000
Ajibode,2 Bedroom Flat,2,2,88,807,2021,Fully Furnished,Borehole,Poor,916000
Bodija,Self Contained,1,1,33,537,2016,Semi-Furnished,Borehole,Moderate,614000
Akobo,Room,1,1,25,402,1990,Semi-Furnished,Borehole,Moderate,274000
Akobo,Self Contained,1,1,33,597,1998,Unfurnished,Borehole,Moderate,460000
Agbowo,Room,1,1,27,735,2005,Unfurnished,Borehole,Moderate,204000
Agbowo,2 Bedroom Flat,2,2,73,270,1999,Fully Furnished,Borehole,Poor,836000
Mokola,Self Contained,1,1,38,676,2005,Semi-Furnished,Borehole,Moderate,361000
Ajibode,Room,1,1,29,547,2019,Unfurnished,Borehole,Stable,201000
Mokola,2 Bedroom Flat,2,2,98,653,2022,Semi-Furnished,Borehole,Poor,638000
Akobo,Mini Flat,1,2,50,551,2004,Fully Furnished,Well,Poor,877000
Challenge,Room,1,1,28,447,1997,Semi-Furnished,Borehole,Stable,208000
Oluyole,Mini Flat,1,2,57,349,1993,Unfurnished,Borehole,Poor,575000
Ajibode,Room,1,1,21,671,1991,Unfurnished,Well,Poor,172000
Akobo,Mini Flat,1,2,47,670,1996,Semi-Furnished,Borehole,Poor,725000
Mokola,Self Contained,1,1,25,669,2023,Unfurnished,Borehole,Poor,263000
Agbowo,2 Bedroom Flat,2,2,92,626,2014,Unfurnished,Borehole,Poor,854000
Ologuneru,Room,1,1,21,720,1996,Unfurnished,Borehole,Moderate,131000
Bodija,Room,1,1,27,803,2014,Fully Furnished,Borehole,Stable,349000
Ajibode,Self Contained,1,1,38,212,1991,Unfurnished,Public,Stable,330000
Agbowo,2 Bedroom Flat,2,2,85,200,2015,Unfurnished,Well,Stable,738000
Apata,Room,1,1,19,859,1992,Unfurnished,Borehole,Stable,181000
Agbowo,Duplex,4,4,299,308,2018,Unfurnished,Well,Poor,1871000
Mokola,Room,1,1,22,354,2000,Semi-Furnished,Well,Moderate,225000
Ring Road,Room,1,1,26,498,2010,Fully Furnished,Well,Moderate,296000
Agbowo,Self Contained,1,1,39,252,1993,Semi-Furnished,Well,Moderate,352000
Ajibode,Self Contained,1,1,33,481,1994,Unfurnished,Well,Moderate,248000
Oluyole,Self Contained,1,1,29,379,1995,Semi-Furnished,Borehole,Moderate,400000
Agbowo,Room,1,1,29,507,2011,Fully Furnished,Borehole,Poor,212000
Challenge,Mini Flat,1,2,54,600,1995,Unfurnished,Well,Stable,359000
Bodija,Mini Flat,1,2,62,488,2003,Unfurnished,Borehole,Moderate,737000
Bodija,Mini Flat,1,2,60,479,2011,Unfurnished,Well,Poor,848000
Challenge,2 Bedroom Flat,2,2,90,596,2005,Semi-Furnished,Well,Stable,795000
Agbowo,Self Contained,1,1,36,737,2021,Unfurnished,Borehole,Stable,409000
Bodija,Self Contained,1,1,35,838,1996,Unfurnished,Borehole,Stable,461000
Agbowo,Room,1,1,23,510,2012,Semi-Furnished,Borehole,Moderate,209000
Agbowo,2 Bedroom Flat,2,2,99,878,2003,Unfurnished,Well,Poor,645000
Bodija,Room,1,1,21,707,1995,Unfurnished,Borehole,Moderate,262000
Challenge,3 Bedroom Flat,3,3,125,328,2014,Unfurnished,Borehole,Poor,953000
Agbowo,3 Bedroom Flat,3,3,146,322,1992,Semi-Furnished,Public,Moderate,1065000
Bodija,Self Contained,1,1,38,446,2002,Unfurnished,Borehole,Stable,488000
Oluyole,Self Contained,1,1,38,810,1992,Semi-Furnished,Borehole,Stable,441000
Agbowo,Self Contained,1,1,35,459,2020,Unfurnished,Borehole,Moderate,283000
Agbowo,2 Bedroom Flat,2,2,85,209,1992,Fully Furnished,Borehole,Stable,1059000
Apata,3 Bedroom Flat,3,3,119,508,2006,Semi-Furnished,Public,Poor,939000
Oluyole,Room,1,1,28,200,1991,Unfurnished,Borehole,Poor,233000
Akobo,2 Bedroom Flat,2,2,89,360,1994,Fully Furnished,Well,Moderate,849000
Akobo,2 Bedroom Flat,2,2,76,444,1998,Semi-Furnished,Public,Moderate,1050000
Ajibode,Self Contained,1,1,31,576,2018,Unfurnished,Borehole,Moderate,307000
Akobo,Self Contained,1,1,39,734,2019,Unfurnished,Borehole,Moderate,381000
Bodija,Room,1,1,18,674,2004,Unfurnished,Public,Poor,224000
Bodija,Room,1,1,28,337,2018,Unfurnished,Borehole,Poor,306000
Agbowo,Self Contained,1,1,28,483,2014,Semi-Furnished,Borehole,Moderate,406000
Ajibode,Self Contained,1,1,34,563,2000,Unfurnished,Well,Stable,325000
Ajibode,Mini Flat,1,2,57,502,1993,Fully Furnished,Borehole,Moderate,656000
Apata,2 Bedroom Flat,2,2,81,501,2001,Unfurnished,Borehole,Poor,529000
Agbowo,Self Contained,1,1,26,239,2021,Fully Furnished,Well,Moderate,403000
Bodija,Room,1,1,25,342,1994,Fully Furnished,Borehole,Poor,287000
Ajibode,Room,1,1,28,477,2014,Semi-Furnished,Borehole,Stable,214000
Ajibode,Self Contained,1,1,26,200,1993,Semi-Furnished,Borehole,Moderate,292000
Oluyole,Room,1,1,28,665,2013,Semi-Furnished,Borehole,Moderate,310000
Bodija,Mini Flat,1,2,57,302,1991,Semi-Furnished,Public,Stable,895000
Bodija,Room,1,1,27,673,1997,Unfurnished,Borehole,Poor,328000
Agbowo,Mini Flat,1,2,49,657,1998,Unfurnished,Public,Moderate,527000
Challenge,Room,1,1,29,452,2017,Unfurnished,Public,Poor,169000
Ajibode,2 Bedroom Flat,2,2,75,730,1999,Unfurnished,Public,Stable,700000
Ajibode,2 Bedroom Flat,2,2,75,683,1994,Fully Furnished,Well,Moderate,867000
Bodija,Mini Flat,1,2,64,494,2020,Unfurnished,Borehole,Moderate,679000
Agbowo,3 Bedroom Flat,3,3,117,474,2018,Semi-Furnished,Well,Moderate,1209000
Agbowo,Self Contained,1,1,35,747,1992,Unfurnished,Well,Stable,283000
Akobo,Self Contained,1,1,26,591,2015,Unfurnished,Well,Poor,406000
Akobo,Room,1,1,19,738,2020,Fully Furnished,Borehole,Poor,336000
Mokola,Self Contained,1,1,25,200,1991,Fully Furnished,Well,Moderate,309000
Agbowo,Self Contained,1,1,31,567,2004,Unfurnished,Borehole,Stable,295000
Ajibode,Duplex,4,4,243,266,2002,Fully Furnished,Public,Stable,2205000
Agbowo,Self Contained,1,1,36,545,2017,Unfurnished,Well,Moderate,320000
Ologuneru,Room,1,1,26,678,2003,Unfurnished,Borehole,Stable,158000
Akobo,Room,1,1,25,863,2001,Semi-Furnished,Public,Moderate,282000
Oluyole,Mini Flat,1,2,52,381,2004,Fully Furnished,Well,Moderate,899000
Ajibode,2 Bedroom Flat,2,2,83,455,2010,Unfurnished,Public,Poor,548000
Bodija,Mini Flat,1,2,63,532,2018,Unfurnished,Public,Poor,600000
Ajibode,3 Bedroom Flat,3,3,125,374,2009,Unfurnished,Public,Poor,889000
Akobo,2 Bedroom Flat,2,2,97,726,2007,Unfurnished,Borehole,Poor,954000
Apata,Mini Flat,1,2,48,537,2004,Unfurnished,Borehole,Moderate,375000
Ologuneru,Mini Flat,1,2,61,571,2001,Unfurnished,Borehole,Poor,445000
Bodija,Self Contained,1,1,39,661,2023,Unfurnished,Borehole,Moderate,369000
Bodija,Room,1,1,23,537,1994,Unfurnished,Borehole,Moderate,337000
Apata,Self Contained,1,1,27,402,2006,Unfurnished,Well,Moderate,187000
Oluyole,Mini Flat,1,2,50,538,2002,Semi-Furnished,Well,Moderate,668000
Ajibode,2 Bedroom Flat,2,2,87,395,2002,Fully Furnished,Borehole,Moderate,1172000
Bodija,Self Contained,1,1,34,569,2005,Fully Furnished,Well,Stable,555000
Agbowo,Self Contained,1,1,30,729,1992,Semi-Furnished,Borehole,Moderate,394000
Bodija,Room,1,1,20,338,1991,Unfurnished,Borehole,Poor,236000
Bodija,Self Contained,1,1,39,274,2014,Semi-Furnished,Borehole,Poor,463000
Akobo,3 Bedroom Flat,3,3,120,558,1992,Unfurnished,Well,Poor,1076000
Agbowo,Self Contained,1,1,29,411,2000,Unfurnished,Borehole,Moderate,337000
Ajibode,Mini Flat,1,2,50,555,2000,Semi-Furnished,Public,Poor,576000
Bodija,3 Bedroom Flat,3,3,130,607,1999,Semi-Furnished,Borehole,Moderate,1597000
Mokola,Room,1,1,22,200,2017,Unfurnished,Well,Moderate,173000
Oluyole,Room,1,1,21,674,2000,Unfurnished,Borehole,Stable,246000
Agbowo,Mini Flat,1,2,52,339,1996,Unfurnished,Well,Poor,536000
Apata,Room,1,1,21,545,2018,Unfurnished,Borehole,Poor,190000
Ring Road,Self Contained,1,1,34,431,1990,Fully Furnished,Well,Moderate,366000
Ajibode,2 Bedroom Flat,2,2,79,450,2004,Unfurnished,Borehole,Stable,800000
Ajibode,2 Bedroom Flat,2,2,98,854,1996,Unfurnished,Borehole,Moderate,830000
Challenge,Room,1,1,24,607,1993,Unfurnished,Borehole,Moderate,175000
Mokola,Room,1,1,24,712,1992,Unfurnished,Public,Moderate,144000
Ologuneru,3 Bedroom Flat,3,3,152,577,2009,Semi-Furnished,Borehole,Stable,1014000
Ring Road,Self Contained,1,1,29,661,1992,Fully Furnished,Borehole,Moderate,336000
Akobo,Self Contained,1,1,36,625,2018,Semi-Furnished,Well,Moderate,482000
Bodija,Mini Flat,1,2,54,595,2009,Unfurnished,Well,Stable,606000
Ajibode,Mini Flat,1,2,51,749,1999,Unfurnished,Well,Moderate,484000
Agbowo,Self Contained,1,1,30,578,2015,Unfurnished,Well,Moderate,391000
Bodija,Self Contained,1,1,27,961,2019,Semi-Furnished,Well,Moderate,569000
Akobo,2 Bedroom Flat,2,2,91,722,2015,Unfurnished,Well,Moderate,1098000
Bodija,Self Contained,1,1,32,344,2009,Unfurnished,Well,Poor,551000
Challenge,Self Contained,1,1,26,518,1998,Semi-Furnished,Borehole,Moderate,220000
Agbowo,Self Contained,1,1,37,621,2000,Semi-Furnished,Borehole,Poor,362000
Akobo,3 Bedroom Flat,3,3,115,558,2022,Semi-Furnished,Public,Poor,1642000
Ajibode,Room,1,1,19,673,2019,Unfurnished,Well,Moderate,191000
Agbowo,Mini Flat,1,2,48,693,2019,Unfurnished,Borehole,Poor,505000
Challenge,Self Contained,1,1,38,305,2012,Unfurnished,Borehole,Poor,274000
Oluyole,Mini Flat,1,2,54,780,2013,Fully Furnished,Well,Stable,919000
Ologuneru,Room,1,1,28,460,2020,Semi-Furnished,Borehole,Poor,165000
Agbowo,3 Bedroom Flat,3,3,111,442,2012,Unfurnished,Borehole,Stable,1110000
Bodija,Self Contained,1,1,37,442,2023,Semi-Furnished,Well,Moderate,478000
Agbowo,Mini Flat,1,2,45,695,2010,Unfurnished,Well,Moderate,510000
Bodija,Room,1,1,29,501,2015,Unfurnished,Borehole,Poor,268000
Mokola,Room,1,1,20,430,1996,Unfurnished,Well,Poor,210000
Oluyole,2 Bedroom Flat,2,2,80,473,2014,Unfurnished,Public,Poor,956000
Ring Road,Room,1,1,21,226,1992,Semi-Furnished,Borehole,Moderate,179000
Ajibode,Self Contained,1,1,33,398,2007,Fully Furnished,Well,Poor,390000
Ring Road,Room,1,1,24,326,1995,Unfurnished,Borehole,Stable,184000
Ajibode,Self Contained,1,1,28,501,2002,Fully Furnished,Well,Moderate,352000
Ring Road,Mini Flat,1,2,59,669,1991,Unfurnished,Public,Moderate,522000
Agbowo,2 Bedroom Flat,2,2,74,649,2002,Semi-Furnished,Public,Stable,776000
Agbowo,Self Contained,1,1,34,776,1990,Unfurnished,Borehole,Stable,324000
Bodija,2 Bedroom Flat,2,2,75,736,1991,Semi-Furnished,Well,Moderate,1437000
Apata,Mini Flat,1,2,58,454,1993,Unfurnished,Public,Stable,439000
Ajibode,3 Bedroom Flat,3,3,150,553,2002,Unfurnished,Borehole,Stable,961000
Agbowo,Room,1,1,22,544,2019,Fully Furnished,Borehole,Moderate,237000
Mokola,2 Bedroom Flat,2,2,92,200,2001,Unfurnished,Well,Moderate,539000
Agbowo,Mini Flat,1,2,59,330,2022,Semi-Furnished,Borehole,Stable,666000
Ajibode,3 Bedroom Flat,3,3,112,519,2023,Semi-Furnished,Borehole,Moderate,1203000
Agbowo,Room,1,1,27,518,1992,Semi-Furnished,Well,Moderate,209000
Agbowo,Room,1,1,23,642,1998,Fully Furnished,Borehole,Poor,314000
Ring Road,Room,1,1,25,633,1996,Semi-Furnished,Borehole,Poor,210000
Challenge,Room,1,1,28,231,1993,Semi-Furnished,Borehole,Stable,188000
Bodija,Room,1,1,25,643,2017,Semi-Furnished,Public,Stable,362000
Ologuneru,Self Contained,1,1,27,582,2021,Semi-Furnished,Borehole,Moderate,296000
Bodija,Self Contained,1,1,37,662,1990,Unfurnished,Well,Stable,442000
Ajibode,Room,1,1,25,742,2002,Unfurnished,Public,Moderate,212000
Agbowo,Mini Flat,1,2,45,524,2015,Semi-Furnished,Borehole,Stable,607000
Agbowo,Room,1,1,18,774,2002,Fully Furnished,Borehole,Poor,311000
Ajibode,Duplex,4,4,223,389,2011,Unfurnished,Borehole,Stable,1944000
Apata,Room,1,1,23,379,2013,Semi-Furnished,Well,Stable,193000
Challenge,Room,1,1,23,627,2000,Semi-Furnished,Borehole,Moderate,187000
Agbowo,Room,1,1,19,483,2014,Unfurnished,Borehole,Moderate,223000
Akobo,Room,1,1,20,597,2004,Fully Furnished,Well,Moderate,340000
Oluyole,Room,1,1,20,908,2023,Fully Furnished,Well,Stable,344000
Apata,Mini Flat,1,2,64,620,2023,Semi-Furnished,Borehole,Moderate,440000
Ring Road,Self Contained,1,1,28,588,2021,Unfurnished,Public,Moderate,323000
Bodija,Room,1,1,19,393,2014,Unfurnished,Well,Moderate,277000
Challenge,Self Contained,1,1,39,244,1992,Unfurnished,Borehole,Stable,215000
Akobo,Self Contained,1,1,34,536,2018,Unfurnished,Borehole,Poor,424000
Bodija,Room,1,1,19,742,2010,Unfurnished,Well,Moderate,331000
Ajibode,Mini Flat,1,2,55,491,1998,Unfurnished,Borehole,Stable,519000
Ajibode,Room,1,1,29,622,2010,Semi-Furnished,Well,Moderate,241000
Bodija,Self Contained,1,1,37,806,2010,Unfurnished,Well,Stable,471000
Agbowo,Room,1,1,21,802,1996,Unfurnished,Borehole,Moderate,189000
Ajibode,Self Contained,1,1,32,627,2021,Semi-Furnished,Public,Stable,408000
Oluyole,Mini Flat,1,2,50,580,2011,Semi-Furnished,Public,Moderate,724000
Ajibode,Self Contained,1,1,25,276,2000,Unfurnished,Borehole,Moderate,349000
Akobo,Room,1,1,20,436,2023,Fully Furnished,Borehole,Poor,318000
Bodija,Self Contained,1,1,34,499,2003,Semi-Furnished,Public,Moderate,526000
Ologuneru,3 Bedroom Flat,3,3,120,396,2011,Unfurnished,Borehole,Poor,719000
Bodija,Mini Flat,1,2,47,594,2014,Unfurnished,Borehole,Moderate,812000
Ajibode,Self Contained,1,1,37,894,2005,Unfurnished,Well,Moderate,313000
Bodija,Self Contained,1,1,38,823,2022,Unfurnished,Well,Moderate,450000
Mokola,Self Contained,1,1,29,593,1991,Semi-Furnished,Borehole,Stable,315000
Ologuneru,Self Contained,1,1,39,690,1995,Semi-Furnished,Well,Moderate,263000
Agbowo,2 Bedroom Flat,2,2,80,418,2023,Fully Furnished,Borehole,Stable,977000
Agbowo,2 Bedroom Flat,2,2,78,813,2011,Unfurnished,Well,Stable,704000
Ring Road,Self Contained,1,1,34,268,2005,Fully Furnished,Well,Poor,349000
Ajibode,Mini Flat,1,2,55,714,1996,Semi-Furnished,Public,Stable,742000
Akobo,2 Bedroom Flat,2,2,76,639,2002,Unfurnished,Public,Poor,872000
Agbowo,Mini Flat,1,2,56,413,2006,Unfurnished,Borehole,Stable,516000
Ajibode,3 Bedroom Flat,3,3,113,512,1992,Semi-Furnished,Well,Moderate,1031000
Agbowo,Self Contained,1,1,28,345,2001,Semi-Furnished,Borehole,Moderate,321000
Agbowo,Self Contained,1,1,34,353,1995,Semi-Furnished,Public,Moderate,317000
Oluyole,Mini Flat,1,2,61,263,2001,Semi-Furnished,Public,Poor,651000
Apata,Mini Flat,1,2,62,688,2000,Unfurnished,Well,Moderate,480000
Agbowo,2 Bedroom Flat,2,2,97,766,2008,Semi-Furnished,Well,Poor,965000
Mokola,2 Bedroom Flat,2,2,79,200,2020,Semi-Furnished,Borehole,Moderate,734000
Ajibode,Self Contained,1,1,29,880,1991,Unfurnished,Borehole,Moderate,363000
Bodija,Mini Flat,1,2,47,547,2021,Fully Furnished,Well,Poor,776000
Ajibode,2 Bedroom Flat,2,2,92,602,2007,Unfurnished,Well,Moderate,796000
Apata,Self Contained,1,1,37,284,1993,Fully Furnished,Borehole,Stable,364000
Challenge,Self Contained,1,1,35,787,2011,Unfurnished,Borehole,Stable,264000
Akobo,2 Bedroom Flat,2,2,98,586,2003,Unfurnished,Borehole,Moderate,871000
Mokola,Room,1,1,21,754,2003,Fully Furnished,Borehole,Stable,245000
Akobo,Self Contained,1,1,27,769,2018,Unfurnished,Borehole,Moderate,517000
Ologuneru,Room,1,1,28,790,2023,Fully Furnished,Borehole,Moderate,178000
Oluyole,Mini Flat,1,2,53,433,1995,Unfurnished,Borehole,Poor,592000
Apata,3 Bedroom Flat,3,3,120,512,2001,Semi-Furnished,Borehole,Moderate,760000
Bodija,3 Bedroom Flat,3,3,146,439,2013,Semi-Furnished,Well,Stable,1501000
Ajibode,Self Contained,1,1,39,711,2018,Semi-Furnished,Borehole,Poor,300000
Bodija,2 Bedroom Flat,2,2,78,609,1999,Unfurnished,Well,Poor,1010000
Ajibode,Mini Flat,1,2,63,742,2023,Semi-Furnished,Borehole,Poor,508000
Akobo,Room,1,1,18,750,2021,Semi-Furnished,Public,Moderate,325000
Bodija,Room,1,1,22,239,2021,Fully Furnished,Borehole,Poor,393000
Akobo,Self Contained,1,1,37,793,2004,Unfurnished,Well,Stable,327000
Ajibode,Self Contained,1,1,26,721,1998,Unfurnished,Well,Stable,292000
Ajibode,2 Bedroom Flat,2,2,78,483,2011,Semi-Furnished,Well,Stable,835000
Bodija,3 Bedroom Flat,3,3,115,612,2002,Semi-Furnished,Borehole,Poor,1766000
Apata,Self Contained,1,1,39,527,2003,Unfurnished,Well,Stable,283000
Agbowo,Mini Flat,1,2,56,660,2015,Unfurnished,Well,Stable,497000
Agbowo,Room,1,1,24,483,2014,Unfurnished,Well,Poor,213000
Oluyole,Self Contained,1,1,30,636,2011,Unfurnished,Borehole,Poor,408000
Akobo,2 Bedroom Flat,2,2,93,562,2019,Unfurnished,Borehole,Stable,841000
Agbowo,Self Contained,1,1,32,472,2002,Semi-Furnished,Public,Stable,403000
Agbowo,Room,1,1,19,584,2021,Unfurnished,Borehole,Poor,217000
Ajibode,Self Contained,1,1,38,1037,2008,Unfurnished,Public,Moderate,295000
Ologuneru,Self Contained,1,1,36,426,2018,Semi-Furnished,Borehole,Stable,300000
Ajibode,Self Contained,1,1,31,505,1996,Unfurnished,Borehole,Moderate,314000
Agbowo,Self Contained,1,1,26,429,1995,Unfurnished,Borehole,Stable,336000
Ajibode,Self Contained,1,1,38,448,2003,Unfurnished,Borehole,Poor,366000
Agbowo,3 Bedroom Flat,3,3,126,696,2017,Unfurnished,Public,Stable,1134000
Challenge,2 Bedroom Flat,2,2,70,678,1990,Unfurnished,Public,Moderate,617000
Ajibode,Self Contained,1,1,25,548,2010,Unfurnished,Borehole,Stable,360000
Ajibode,Room,1,1,29,734,2016,Fully Furnished,Well,Moderate,279000
Bodija,2 Bedroom Flat,2,2,72,692,2011,Unfurnished,Public,Stable,919000
Ajibode,Mini Flat,1,2,51,520,2000,Fully Furnished,Borehole,Moderate,730000
Ajibode,Room,1,1,27,273,1998,Unfurnished,Borehole,Moderate,195000
Challenge,2 Bedroom Flat,2,2,71,699,1999,Unfurnished,Public,Moderate,568000
Challenge,Self Contained,1,1,28,580,2020,Semi-Furnished,Well,Stable,324000
Ring Road,Room,1,1,23,554,2021,Unfurnished,Well,Moderate,155000
Mokola,2 Bedroom Flat,2,2,96,466,2020,Unfurnished,Well,Moderate,538000
Oluyole,Room,1,1,22,684,1997,Semi-Furnished,Borehole,Poor,209000
Ajibode,2 Bedroom Flat,2,2,84,612,1994,Semi-Furnished,Borehole,Moderate,829000
Challenge,Mini Flat,1,2,58,507,2020,Unfurnished,Borehole,Moderate,422000
Mokola,Self Contained,1,1,28,329,1996,Fully Furnished,Well,Poor,437000
Challenge,Room,1,1,27,742,2003,Unfurnished,Borehole,Stable,162000
Bodija,Room,1,1,22,658,2014,Semi-Furnished,Well,Moderate,298000
Agbowo,Room,1,1,24,595,2010,Semi-Furnished,Borehole,Moderate,194000
Mokola,Room,1,1,20,200,2018,Unfurnished,Borehole,Moderate,144000
Oluyole,Self Contained,1,1,36,543,2020,Unfurnished,Borehole,Poor,404000
Ologuneru,Room,1,1,26,506,1993,Semi-Furnished,Borehole,Poor,199000
Ajibode,Self Contained,1,1,36,438,2018,Fully Furnished,Borehole,Stable,415000
Agbowo,Self Contained,1,1,26,685,1990,Semi-Furnished,Well,Stable,455000
Ajibode,2 Bedroom Flat,2,2,87,678,2021,Unfurnished,Borehole,Stable,809000
Challenge,Self Contained,1,1,35,628,1990,Fully Furnished,Well,Stable,366000
Ajibode,Room,1,1,18,736,1993,Unfurnished,Well,Poor,197000
Ajibode,Self Contained,1,1,35,365,2009,Unfurnished,Borehole,Moderate,275000
Ologuneru,Room,1,1,27,468,2003,Unfurnished,Public,Stable,157000
Ajibode,Mini Flat,1,2,45,563,2003,Unfurnished,Well,Moderate,530000
Mokola,Self Contained,1,1,35,438,1991,Unfurnished,Well,Poor,300000
Agbowo,3 Bedroom Flat,3,3,121,680,2010,Semi-Furnished,Borehole,Poor,1049000
Mokola,Room,1,1,25,456,2018,Semi-Furnished,Borehole,Stable,221000
Bodija,Room,1,1,27,783,2001,Unfurnished,Public,Poor,287000
Ring Road,Mini Flat,1,2,56,382,2007,Semi-Furnished,Borehole,Moderate,585000
Apata,Room,1,1,20,933,2021,Fully Furnished,Borehole,Stable,241000
Ajibode,Room,1,1,25,915,2011,Semi-Furnished,Borehole,Stable,193000
Ajibode,Self Contained,1,1,27,532,2001,Unfurnished,Borehole,Moderate,347000
Agbowo,2 Bedroom Flat,2,2,88,756,2010,Semi-Furnished,Well,Stable,837000
Oluyole,Self Contained,1,1,25,477,1997,Unfurnished,Well,Moderate,361000
Ring Road,Self Contained,1,1,33,732,2017,Unfurnished,Borehole,Moderate,338000
Bodija,Room,1,1,19,518,2011,Unfurnished,Borehole,Stable,237000
Akobo,2 Bedroom Flat,2,2,90,318,2005,Unfurnished,Borehole,Moderate,887000
Ajibode,Duplex,4,4,182,200,2001,Semi-Furnished,Well,Moderate,2659000
Challenge,Room,1,1,18,501,2006,Semi-Furnished,Borehole,Moderate,175000
Ologuneru,Room,1,1,24,600,2010,Semi-Furnished,Public,Moderate,159000
Agbowo,Room,1,1,23,789,1996,Unfurnished,Well,Stable,215000
Bodija,2 Bedroom Flat,2,2,70,556,2009,Unfurnished,Well,Moderate,1172000
Ajibode,3 Bedroom Flat,3,3,138,730,2002,Unfurnished,Borehole,Moderate,937000
Bodija,3 Bedroom Flat,3,3,138,468,2018,Unfurnished,Public,Moderate,1452000
Bodija,Room,1,1,27,489,1997,Unfurnished,Well,Stable,272000
Ajibode,Self Contained,1,1,34,739,2009,Unfurnished,Borehole,Stable,321000
Bodija,Mini Flat,1,2,45,200,1999,Semi-Furnished,Well,Poor,762000
Agbowo,Room,1,1,21,552,2004,Semi-Furnished,Public,Moderate,255000
Bodija,2 Bedroom Flat,2,2,90,478,2001,Unfurnished,Borehole,Stable,919000
Akobo,Self Contained,1,1,27,794,2005,Semi-Furnished,Public,Moderate,536000
Ajibode,Room,1,1,22,454,1997,Fully Furnished,Borehole,Moderate,318000
Challenge,Room,1,1,23,642,2009,Unfurnished,Borehole,Moderate,149000
Oluyole,3 Bedroom Flat,3,3,146,715,2003,Unfurnished,Borehole,Stable,1157000
Agbowo,Room,1,1,19,281,2015,Unfurnished,Borehole,Moderate,236000
Ajibode,Duplex,4,4,258,524,2018,Fully Furnished,Borehole,Poor,2148000
Challenge,Room,1,1,25,472,2002,Semi-Furnished,Well,Poor,195000
Apata,2 Bedroom Flat,2,2,71,720,2023,Unfurnished,Public,Stable,634000
Agbowo,Room,1,1,24,671,2011,Unfurnished,Well,Poor,252000
Agbowo,3 Bedroom Flat,3,3,149,508,2015,Unfurnished,Borehole,Moderate,1223000
Ajibode,3 Bedroom Flat,3,3,127,361,2023,Fully Furnished,Borehole,Moderate,1309000
Akobo,3 Bedroom Flat,3,3,112,736,2013,Semi-Furnished,Public,Poor,1750000
Ajibode,Room,1,1,20,537,2010,Unfurnished,Well,Poor,197000
Agbowo,Room,1,1,24,258,2020,Fully Furnished,Well,Moderate,288000
Oluyole,Duplex,4,4,295,274,2001,Unfurnished,Borehole,Poor,2829000
Akobo,Self Contained,1,1,29,628,2013,Unfurnished,Well,Moderate,388000
Agbowo,Room,1,1,25,320,2010,Unfurnished,Well,Moderate,232000
Agbowo,Self Contained,1,1,26,884,1993,Unfurnished,Borehole,Moderate,372000
Akobo,2 Bedroom Flat,2,2,73,381,2014,Semi-Furnished,Borehole,Poor,1089000
Ajibode,Room,1,1,27,549,1997,Unfurnished,Public,Stable,176000
Ajibode,Mini Flat,1,2,46,578,2023,Semi-Furnished,Well,Moderate,531000
Ring Road,Room,1,1,21,418,2016,Unfurnished,Public,Moderate,202000
Ajibode,Self Contained,1,1,31,200,2017,Semi-Furnished,Borehole,Poor,346000
Oluyole,Mini Flat,1,2,55,584,2018,Unfurnished,Well,Stable,617000
Apata,Self Contained,1,1,36,414,2018,Unfurnished,Borehole,Moderate,294000
Agbowo,Mini Flat,1,2,46,570,1999,Semi-Furnished,Well,Stable,562000
Agbowo,Self Contained,1,1,39,527,2021,Unfurnished,Borehole,Poor,304000
Akobo,Self Contained,1,1,36,597,1997,Unfurnished,Public,Moderate,351000
Ring Road,Self Contained,1,1,30,831,2006,Unfurnished,Borehole,Poor,254000
Apata,Self Contained,1,1,34,451,2001,Unfurnished,Borehole,Stable,228000
Oluyole,Self Contained,1,1,30,465,2015,Unfurnished,Borehole,Moderate,368000
Ajibode,Room,1,1,22,250,1992,Unfurnished,Borehole,Moderate,247000
Oluyole,Room,1,1,27,514,2000,Fully Furnished,Public,Stable,312000
Agbowo,Mini Flat,1,2,51,623,2003,Semi-Furnished,Well,Stable,585000
Bodija,Room,1,1,29,462,1996,Unfurnished,Borehole,Poor,302000
Ajibode,Room,1,1,29,624,2015,Unfurnished,Well,Moderate,219000
Ajibode,3 Bedroom Flat,3,3,114,518,2022,Unfurnished,Well,Poor,1156000
Challenge,Room,1,1,27,315,2021,Unfurnished,Well,Poor,186000
Bodija,Room,1,1,19,606,2009,Unfurnished,Borehole,Stable,231000
Agbowo,Self Contained,1,1,32,512,1999,Unfurnished,Public,Poor,309000
Agbowo,Self Contained,1,1,29,572,2004,Unfurnished,Borehole,Moderate,366000
Mokola,Mini Flat,1,2,63,447,2004,Unfurnished,Well,Poor,419000
Challenge,Self Contained,1,1,28,432,1995,Unfurnished,Borehole,Moderate,281000
Agbowo,Self Contained,1,1,31,578,2014,Semi-Furnished,Well,Moderate,388000
Ajibode,Mini Flat,1,2,45,508,1990,Semi-Furnished,Borehole,Moderate,614000
Agbowo,Room,1,1,29,860,1995,Semi-Furnished,Borehole,Moderate,246000
Apata,Mini Flat,1,2,54,693,2002,Fully Furnished,Borehole,Moderate,559000
Akobo,Self Contained,1,1,29,648,2000,Unfurnished,Borehole,Stable,320000
Bodija,Mini Flat,1,2,64,518,2013,Fully Furnished,Well,Stable,1043000
Akobo,Self Contained,1,1,27,200,2009,Unfurnished,Well,Poor,407000
Agbowo,Room,1,1,27,404,2015,Semi-Furnished,Borehole,Poor,222000
Challenge,Room,1,1,27,433,2014,Semi-Furnished,Borehole,Moderate,176000
Bodija,Self Contained,1,1,29,500,2001,Unfurnished,Borehole,Poor,418000
Ajibode,Room,1,1,26,543,1998,Semi-Furnished,Borehole,Stable,229000
Ajibode,Self Contained,1,1,36,668,1998,Fully Furnished,Borehole,Poor,498000
Bodija,Room,1,1,28,599,2022,Unfurnished,Well,Moderate,239000
Apata,Self Contained,1,1,32,758,2023,Unfurnished,Borehole,Poor,213000
Agbowo,Duplex,4,4,286,493,2013,Unfurnished,Well,Poor,2054000
Mokola,2 Bedroom Flat,2,2,71,596,2022,Semi-Furnished,Public,Stable,752000
Challenge,Mini Flat,1,2,50,611,2022,Unfurnished,Well,Moderate,381000
Agbowo,Room,1,1,29,594,2018,Semi-Furnished,Borehole,Moderate,277000
Ajibode,Self Contained,1,1,32,780,2002,Semi-Furnished,Well,Stable,398000
Ajibode,Self Contained,1,1,34,694,2007,Fully Furnished,Well,Moderate,387000
Oluyole,Room,1,1,27,312,1991,Semi-Furnished,Borehole,Moderate,272000
Ajibode,2 Bedroom Flat,2,2,85,529,2014,Unfurnished,Well,Stable,639000
Agbowo,Self Contained,1,1,30,547,1995,Fully Furnished,Well,Poor,462000
Bodija,Room,1,1,22,937,2014,Unfurnished,Public,Poor,313000
Oluyole,Mini Flat,1,2,48,490,2009,Unfurnished,Borehole,Moderate,464000
Ajibode,Room,1,1,24,373,2003,Unfurnished,Public,Moderate,181000
Agbowo,Mini Flat,1,2,46,628,1993,Fully Furnished,Well,Stable,770000
Bodija,Room,1,1,27,639,1997,Semi-Furnished,Borehole,Moderate,285000
Bodija,Self Contained,1,1,33,536,2023,Semi-Furnished,Borehole,Poor,537000
Mokola,Self Contained,1,1,32,510,2017,Semi-Furnished,Well,Moderate,307000
Ajibode,2 Bedroom Flat,2,2,76,720,1991,Fully Furnished,Public,Poor,976000
Challenge,Room,1,1,28,396,2006,Unfurnished,Borehole,Moderate,177000
Oluyole,2 Bedroom Flat,2,2,86,488,1993,Unfurnished,Public,Poor,893000
Bodija,Room,1,1,24,456,2023,Unfurnished,Borehole,Moderate,260000
Oluyole,Room,1,1,19,746,2016,Semi-Furnished,Borehole,Moderate,307000
Agbowo,Duplex,4,4,280,601,2008,Unfurnished,Borehole,Poor,2084000
Ajibode,Self Contained,1,1,39,358,2017,Semi-Furnished,Public,Moderate,360000
Oluyole,Self Contained,1,1,36,376,2023,Unfurnished,Public,Moderate,349000
Bodija,Room,1,1,28,887,2021,Semi-Furnished,Well,Stable,338000
Akobo,3 Bedroom Flat,3,3,113,744,2020,Unfurnished,Borehole,Stable,1456000
Agbowo,Self Contained,1,1,35,701,1995,Unfurnished,Borehole,Moderate,342000
Ring Road,2 Bedroom Flat,2,2,86,552,1995,Unfurnished,Borehole,Poor,515000
Akobo,Mini Flat,1,2,59,821,2017,Fully Furnished,Well,Poor,1003000
Ajibode,Room,1,1,24,351,1997,Fully Furnished,Borehole,Poor,246000
Bodija,Mini Flat,1,2,45,685,1990,Unfurnished,Borehole,Poor,590000
Challenge,Room,1,1,23,470,2005,Unfurnished,Well,Moderate,169000
Challenge,Mini Flat,1,2,48,505,2008,Unfurnished,Borehole,Poor,463000
Bodija,Self Contained,1,1,37,680,2007,Semi-Furnished,Well,Moderate,557000
Ring Road,Room,1,1,19,524,2019,Unfurnished,Public,Moderate,183000
Agbowo,Self Contained,1,1,34,471,2005,Fully Furnished,Public,Moderate,395000
Agbowo,Room,1,1,19,460,2022,Unfurnished,Borehole,Stable,228000
Ring Road,Room,1,1,21,200,2017,Unfurnished,Public,Stable,214000
Ring Road,2 Bedroom Flat,2,2,73,687,2005,Fully Furnished,Well,Stable,913000
Oluyole,Room,1,1,24,368,2000,Fully Furnished,Borehole,Moderate,369000
Mokola,Room,1,1,23,884,1995,Semi-Furnished,Well,Moderate,222000
Ajibode,2 Bedroom Flat,2,2,70,498,2003,Fully Furnished,Public,Poor,1172000
Mokola,Room,1,1,28,785,2011,Unfurnished,Borehole,Moderate,173000
Agbowo,Room,1,1,20,224,2012,Semi-Furnished,Public,Poor,222000
Ajibode,Self Contained,1,1,26,681,2020,Unfurnished,Well,Moderate,283000
Agbowo,Mini Flat,1,2,62,727,2017,Fully Furnished,Public,Stable,691000
Agbowo,3 Bedroom Flat,3,3,120,784,2008,Semi-Furnished,Borehole,Poor,1508000
Agbowo,Self Contained,1,1,27,274,2011,Unfurnished,Borehole,Moderate,317000
Agbowo,Self Contained,1,1,36,423,1990,Semi-Furnished,Well,Stable,472000
Ajibode,3 Bedroom Flat,3,3,114,653,1992,Unfurnished,Borehole,Moderate,1068000
Agbowo,Mini Flat,1,2,45,576,1997,Semi-Furnished,Well,Moderate,606000
Akobo,Self Contained,1,1,36,602,2002,Semi-Furnished,Well,Poor,463000
Bodija,2 Bedroom Flat,2,2,90,485,1990,Unfurnished,Borehole,Stable,1022000
Agbowo,Self Contained,1,1,30,829,2018,Fully Furnished,Public,Moderate,373000
Challenge,Room,1,1,20,1019,2002,Semi-Furnished,Borehole,Stable,182000
Ring Road,Room,1,1,23,568,2018,Unfurnished,Borehole,Poor,178000
Challenge,Self Contained,1,1,27,631,2019,Unfurnished,Borehole,Poor,196000
Agbowo,Self Contained,1,1,26,560,2005,Semi-Furnished,Well,Poor,316000
Challenge,Room,1,1,29,781,2023,Semi-Furnished,Borehole,Stable,175000
Ajibode,2 Bedroom Flat,2,2,79,699,1992,Fully Furnished,Borehole,Poor,994000
Ajibode,Self Contained,1,1,30,358,2018,Fully Furnished,Well,Moderate,487000
Agbowo,3 Bedroom Flat,3,3,124,439,2019,Semi-Furnished,Borehole,Poor,1376000
Challenge,3 Bedroom Flat,3,3,144,368,2023,Semi-Furnished,Borehole,Stable,1114000
Agbowo,2 Bedroom Flat,2,2,82,1035,1993,Unfurnished,Borehole,Poor,946000
Ajibode,Duplex,4,4,295,664,1997,Unfurnished,Borehole,Stable,2215000
Ajibode,Room,1,1,21,442,2007,Unfurnished,Borehole,Stable,237000
Mokola,Room,1,1,29,428,2011,Semi-Furnished,Borehole,Moderate,235000
Akobo,Self Contained,1,1,34,694,1999,Semi-Furnished,Well,Moderate,492000
Agbowo,Self Contained,1,1,29,712,2003,Fully Furnished,Public,Moderate,354000
Bodija,Room,1,1,22,693,2020,Semi-Furnished,Well,Moderate,394000
Bodija,Mini Flat,1,2,46,473,1991,Unfurnished,Well,Moderate,620000
Akobo,Mini Flat,1,2,49,605,1991,Unfurnished,Public,Stable,518000
Agbowo,Room,1,1,18,569,2023,Unfurnished,Well,Moderate,179000
Mokola,Room,1,1,21,381,2018,Unfurnished,Well,Stable,151000
Agbowo,Self Contained,1,1,27,383,1995,Semi-Furnished,Public,Moderate,398000
Oluyole,2 Bedroom Flat,2,2,85,624,1993,Semi-Furnished,Borehole,Poor,1020000
Ajibode,Room,1,1,24,585,1990,Semi-Furnished,Borehole,Stable,261000
Agbowo,Mini Flat,1,2,57,649,2015,Unfurnished,Borehole,Stable,578000
Agbowo,Self Contained,1,1,32,692,2018,Semi-Furnished,Well,Stable,410000
Bodija,3 Bedroom Flat,3,3,147,819,2000,Semi-Furnished,Borehole,Stable,1519000
Ajibode,Mini Flat,1,2,47,410,1993,Fully Furnished,Borehole,Stable,673000
Challenge,Room,1,1,20,663,2011,Unfurnished,Borehole,Moderate,160000
Ajibode,Duplex,4,4,203,684,2022,Unfurnished,Borehole,Moderate,1629000
Oluyole,Self Contained,1,1,31,493,2023,Unfurnished,Borehole,Moderate,457000
Challenge,3 Bedroom Flat,3,3,112,571,2020,Unfurnished,Borehole,Moderate,1070000
Akobo,Self Contained,1,1,27,498,1999,Unfurnished,Borehole,Moderate,486000
Challenge,Room,1,1,26,929,2017,Unfurnished,Well,Stable,197000
Oluyole,3 Bedroom Flat,3,3,131,568,2012,Unfurnished,Public,Stable,1122000
Agbowo,Room,1,1,29,631,2001,Unfurnished,Borehole,Stable,187000
Challenge,Room,1,1,24,502,2018,Semi-Furnished,Well,Stable,189000
Agbowo,2 Bedroom Flat,2,2,70,463,1991,Semi-Furnished,Borehole,Moderate,827000
Akobo,3 Bedroom Flat,3,3,134,315,2002,Unfurnished,Public,Poor,1372000
Challenge,Mini Flat,1,2,55,747,2015,Semi-Furnished,Borehole,Stable,421000
Agbowo,2 Bedroom Flat,2,2,75,688,2006,Unfurnished,Borehole,Moderate,708000
Agbowo,Mini Flat,1,2,49,495,2022,Fully Furnished,Borehole,Poor,827000
Bodija,Self Contained,1,1,31,387,2011,Unfurnished,Well,Moderate,465000
Mokola,Room,1,1,28,582,1991,Fully Furnished,Borehole,Moderate,204000
Apata,Room,1,1,20,460,1999,Fully Furnished,Well,Stable,243000
Bodija,2 Bedroom Flat,2,2,75,510,2015,Unfurnished,Borehole,Moderate,1084000
Oluyole,Mini Flat,1,2,61,322,2019,Unfurnished,Well,Poor,695000
Ring Road,Self Contained,1,1,38,589,2011,Fully Furnished,Public,Moderate,390000
Ajibode,Room,1,1,28,592,2000,Unfurnished,Borehole,Stable,205000
Agbowo,Room,1,1,29,747,2011,Fully Furnished,Borehole,Poor,278000
Oluyole,Room,1,1,28,522,2013,Unfurnished,Borehole,Poor,257000
Mokola,Room,1,1,29,489,2018,Unfurnished,Borehole,Stable,174000
Mokola,Self Contained,1,1,35,269,1999,Unfurnished,Well,Stable,256000
Agbowo,Room,1,1,21,748,2023,Unfurnished,Borehole,Poor,176000
Ajibode,3 Bedroom Flat,3,3,113,710,2014,Semi-Furnished,Borehole,Poor,1180000
Agbowo,3 Bedroom Flat,3,3,153,555,2010,Unfurnished,Borehole,Moderate,1181000
Agbowo,Self Contained,1,1,31,310,2002,Fully Furnished,Borehole,Stable,383000
Agbowo,Self Contained,1,1,30,331,1991,Semi-Furnished,Well,Moderate,351000
Challenge,Room,1,1,20,451,1995,Fully Furnished,Well,Poor,233000
Ajibode,Room,1,1,25,723,1990,Semi-Furnished,Well,Stable,255000
Mokola,2 Bedroom Flat,2,2,92,602,2017,Unfurnished,Borehole,Stable,567000
Agbowo,Room,1,1,25,281,2011,Unfurnished,Borehole,Poor,218000
Akobo,3 Bedroom Flat,3,3,144,622,2000,Semi-Furnished,Borehole,Poor,1776000
Ajibode,Self Contained,1,1,30,398,1994,Fully Furnished,Borehole,Moderate,390000
Agbowo,Self Contained,1,1,33,456,2007,Unfurnished,Borehole,Moderate,361000
Ajibode,Self Contained,1,1,36,724,2009,Unfurnished,Well,Poor,283000
Ologuneru,Mini Flat,1,2,54,687,2001,Semi-Furnished,Borehole,Moderate,437000
Challenge,Self Contained,1,1,35,746,2010,Unfurnished,Well,Poor,256000
Bodija,Room,1,1,28,545,2016,Unfurnished,Borehole,Moderate,324000
Agbowo,2 Bedroom Flat,2,2,95,708,2023,Fully Furnished,Borehole,Moderate,793000
Apata,Self Contained,1,1,29,444,2007,Fully Furnished,Public,Stable,377000
Agbowo,Room,1,1,28,503,2023,Semi-Furnished,Borehole,Stable,227000
Ajibode,Mini Flat,1,2,55,491,1991,Semi-Furnished,Borehole,Poor,595000
Akobo,Room,1,1,28,554,2003,Fully Furnished,Public,Poor,310000
Apata,Self Contained,1,1,26,318,1990,Unfurnished,Public,Moderate,246000
Ajibode,Self Contained,1,1,32,509,2017,Fully Furnished,Well,Moderate,319000
Agbowo,Room,1,1,21,811,2016,Semi-Furnished,Public,Moderate,267000
Apata,Room,1,1,25,353,2019,Unfurnished,Public,Stable,141000
Ajibode,2 Bedroom Flat,2,2,82,310,2011,Fully Furnished,Public,Poor,885000
Ajibode,Mini Flat,1,2,48,325,2001,Semi-Furnished,Borehole,Stable,646000
Akobo,Room,1,1,28,1029,1990,Semi-Furnished,Well,Stable,328000
Mokola,Room,1,1,26,633,2022,Semi-Furnished,Well,Moderate,179000
Bodija,Mini Flat,1,2,45,501,1990,Unfurnished,Well,Poor,710000
Ologuneru,Self Contained,1,1,34,562,1994,Unfurnished,Borehole,Moderate,344000
Oluyole,Room,1,1,29,590,1994,Unfurnished,Well,Moderate,262000
Ajibode,3 Bedroom Flat,3,3,132,434,1996,Semi-Furnished,Borehole,Stable,1067000
Ologuneru,Room,1,1,18,456,2009,Unfurnished,Well,Moderate,181000
Agbowo,2 Bedroom Flat,2,2,80,521,2015,Semi-Furnished,Well,Stable,1133000
Agbowo,Mini Flat,1,2,62,419,1995,Fully Furnished,Well,Moderate,737000
Bodija,Room,1,1,20,478,2015,Unfurnished,Well,Moderate,333000
Agbowo,Self Contained,1,1,35,613,1992,Fully Furnished,Borehole,Poor,439000
Ajibode,2 Bedroom Flat,2,2,79,370,2003,Unfurnished,Well,Stable,807000
Ajibode,Mini Flat,1,2,60,1019,2003,Semi-Furnished,Borehole,Poor,595000
Bodija,Room,1,1,22,685,2009,Unfurnished,Well,Poor,321000
Mokola,Room,1,1,18,321,1998,Unfurnished,Public,Moderate,201000
Akobo,Self Contained,1,1,37,200,1995,Semi-Furnished,Well,Moderate,431000
Ologuneru,Room,1,1,19,426,1991,Fully Furnished,Well,Moderate,229000
Agbowo,Room,1,1,22,673,2022,Unfurnished,Borehole,Poor,176000
Agbowo,Mini Flat,1,2,58,638,1994,Unfurnished,Borehole,Stable,545000
Ajibode,Room,1,1,19,530,2002,Unfurnished,Public,Stable,202000
Ajibode,Mini Flat,1,2,45,441,2004,Fully Furnished,Borehole,Stable,531000
Agbowo,Self Contained,1,1,29,387,2023,Unfurnished,Borehole,Stable,299000
Challenge,2 Bedroom Flat,2,2,99,477,1998,Fully Furnished,Borehole,Poor,750000
Ring Road,Mini Flat,1,2,55,367,2015,Unfurnished,Borehole,Moderate,472000
Ologuneru,Self Contained,1,1,36,478,2019,Semi-Furnished,Public,Stable,232000
Agbowo,Room,1,1,19,789,2011,Unfurnished,Borehole,Moderate,195000
Ring Road,Room,1,1,28,411,2014,Unfurnished,Borehole,Poor,161000
Agbowo,Room,1,1,22,659,1993,Unfurnished,Borehole,Poor,200000
Ajibode,Mini Flat,1,2,64,687,2017,Unfurnished,Borehole,Moderate,528000
Ring Road,Self Contained,1,1,37,355,1999,Semi-Furnished,Public,Moderate,314000
Akobo,Room,1,1,19,398,1998,Semi-Furnished,Well,Moderate,280000
Ajibode,Room,1,1,27,742,1990,Unfurnished,Public,Stable,180000
Agbowo,Mini Flat,1,2,50,383,2019,Unfurnished,Public,Moderate,604000
Agbowo,2 Bedroom Flat,2,2,96,539,2000,Fully Furnished,Well,Stable,1067000
Oluyole,2 Bedroom Flat,2,2,77,917,2014,Unfurnished,Borehole,Stable,793000
Bodija,Mini Flat,1,2,49,726,2000,Semi-Furnished,Borehole,Moderate,899000
Ologuneru,Room,1,1,26,565,1994,Unfurnished,Borehole,Stable,189000
Ajibode,Room,1,1,23,701,2016,Semi-Furnished,Borehole,Moderate,234000
Agbowo,Mini Flat,1,2,62,539,2012,Fully Furnished,Well,Stable,683000
Bodija,Self Contained,1,1,38,733,2008,Unfurnished,Well,Stable,508000
Bodija,Room,1,1,18,200,1992,Unfurnished,Borehole,Stable,282000
Agbowo,Self Contained,1,1,28,524,1997,Unfurnished,Well,Moderate,339000
Oluyole,3 Bedroom Flat,3,3,131,200,2004,Unfurnished,Borehole,Moderate,1447000
Ring Road,Room,1,1,20,579,2002,Unfurnished,Well,Stable,206000
Apata,Self Contained,1,1,33,507,2019,Unfurnished,Borehole,Poor,304000
Challenge,3 Bedroom Flat,3,3,156,794,1999,Unfurnished,Public,Stable,834000
Mokola,Self Contained,1,1,32,678,2023,Unfurnished,Borehole,Moderate,299000
Bodija,Duplex,4,4,193,455,2019,Unfurnished,Borehole,Poor,2801000
Mokola,Room,1,1,25,476,2014,Fully Furnished,Borehole,Moderate,214000
Agbowo,Room,1,1,26,618,1995,Unfurnished,Well,Moderate,199000
Agbowo,Room,1,1,28,446,2006,Fully Furnished,Public,Moderate,284000
Agbowo,Room,1,1,24,544,2021,Semi-Furnished,Borehole,Moderate,257000
Bodija,Self Contained,1,1,39,787,2011,Fully Furnished,Borehole,Moderate,563000
Agbowo,Self Contained,1,1,29,400,2022,Semi-Furnished,Borehole,Moderate,349000
Ologuneru,2 Bedroom Flat,2,2,96,469,2011,Fully Furnished,Public,Moderate,793000
Agbowo,Room,1,1,23,494,2007,Fully Furnished,Borehole,Moderate,231000
Ajibode,Room,1,1,23,1118,2017,Fully Furnished,Borehole,Moderate,220000
Bodija,Self Contained,1,1,38,659,2002,Semi-Furnished,Borehole,Stable,490000
Ajibode,Self Contained,1,1,38,753,2007,Semi-Furnished,Well,Moderate,404000
Ajibode,Room,1,1,18,688,2012,Unfurnished,Public,Moderate,217000
Ajibode,Mini Flat,1,2,63,700,2007,Unfurnished,Well,Stable,564000
Bodija,2 Bedroom Flat,2,2,86,635,1999,Semi-Furnished,Borehole,Stable,1035000
Agbowo,Self Contained,1,1,32,615,1991,Unfurnished,Borehole,Stable,328000
Challenge,Self Contained,1,1,37,288,2003,Unfurnished,Well,Poor,277000
Oluyole,2 Bedroom Flat,2,2,82,614,2021,Unfurnished,Public,Moderate,759000
Agbowo,Mini Flat,1,2,49,530,2019,Semi-Furnished,Borehole,Moderate,498000
Agbowo,Self Contained,1,1,28,648,2008,Semi-Furnished,Public,Stable,391000
Agbowo,Room,1,1,25,537,1994,Semi-Furnished,Borehole,Poor,202000
Challenge,Room,1,1,20,687,2021,Unfurnished,Public,Stable,164000
Ajibode,Self Contained,1,1,38,719,1999,Semi-Furnished,Borehole,Moderate,389000
Ajibode,Mini Flat,1,2,58,200,1994,Unfurnished,Borehole,Moderate,508000
Challenge,Room,1,1,29,471,2003,Unfurnished,Borehole,Moderate,162000
Bodija,Room,1,1,25,215,2008,Unfurnished,Borehole,Moderate,294000
Ajibode,3 Bedroom Flat,3,3,123,593,2000,Unfurnished,Well,Stable,987000
Agbowo,2 Bedroom Flat,2,2,84,495,2011,Semi-Furnished,Borehole,Poor,829000
Apata,Mini Flat,1,2,64,794,2019,Semi-Furnished,Borehole,Stable,513000
Mokola,Mini Flat,1,2,61,587,2019,Unfurnished,Borehole,Stable,403000
Oluyole,2 Bedroom Flat,2,2,98,462,2000,Semi-Furnished,Well,Stable,1057000
Bodija,2 Bedroom Flat,2,2,90,718,2011,Fully Furnished,Borehole,Moderate,1500000
Bodija,Room,1,1,27,492,1999,Unfurnished,Public,Poor,330000
Ologuneru,Room,1,1,28,460,2008,Unfurnished,Borehole,Stable,136000
Ologuneru,3 Bedroom Flat,3,3,156,620,2004,Unfurnished,Borehole,Stable,883000
Ajibode,Self Contained,1,1,36,840,1990,Fully Furnished,Borehole,Stable,400000
Mokola,Room,1,1,19,703,2007,Unfurnished,Borehole,Poor,172000
Ajibode,Mini Flat,1,2,64,652,2015,Unfurnished,Borehole,Stable,510000
Ajibode,Self Contained,1,1,36,1045,2007,Unfurnished,Borehole,Poor,279000
Oluyole,Room,1,1,28,418,2007,Unfurnished,Borehole,Moderate,197000
Agbowo,Self Contained,1,1,28,414,2007,Unfurnished,Well,Poor,277000
Apata,Mini Flat,1,2,52,576,2021,Semi-Furnished,Borehole,Stable,499000
Ajibode,Room,1,1,20,822,2016,Fully Furnished,Public,Poor,244000
Bodija,2 Bedroom Flat,2,2,84,380,2018,Unfurnished,Public,Moderate,1120000
Ring Road,Room,1,1,28,865,2009,Semi-Furnished,Borehole,Moderate,209000
Ring Road,2 Bedroom Flat,2,2,95,290,2012,Unfurnished,Borehole,Poor,641000
Ajibode,Room,1,1,18,528,2001,Unfurnished,Well,Stable,218000
Agbowo,3 Bedroom Flat,3,3,126,581,2017,Fully Furnished,Borehole,Moderate,1220000
Akobo,Room,1,1,25,391,2009,Fully Furnished,Borehole,Moderate,394000
Ajibode,Room,1,1,20,438,1996,Unfurnished,Borehole,Poor,203000
Ologuneru,Room,1,1,22,693,2023,Unfurnished,Public,Poor,200000
Ring Road,2 Bedroom Flat,2,2,92,809,1995,Unfurnished,Borehole,Moderate,481000
Ajibode,Self Contained,1,1,27,200,2008,Semi-Furnished,Borehole,Moderate,373000
Ajibode,Self Contained,1,1,39,582,1997,Fully Furnished,Borehole,Stable,489000
Ajibode,Room,1,1,24,529,2019,Semi-Furnished,Well,Stable,218000
Ring Road,Self Contained,1,1,32,569,1991,Semi-Furnished,Well,Moderate,313000
Ajibode,2 Bedroom Flat,2,2,87,492,2005,Unfurnished,Well,Moderate,557000
Agbowo,Mini Flat,1,2,59,317,2013,Fully Furnished,Borehole,Stable,781000
Bodija,Self Contained,1,1,25,827,2014,Unfurnished,Borehole,Poor,364000
Akobo,Room,1,1,21,758,2002,Unfurnished,Public,Poor,202000
Ajibode,Room,1,1,20,531,1998,Unfurnished,Well,Moderate,174000
Agbowo,Self Contained,1,1,26,462,2019,Unfurnished,Borehole,Moderate,293000
Apata,Room,1,1,29,440,1998,Unfurnished,Borehole,Poor,187000
Ring Road,Mini Flat,1,2,60,200,1996,Semi-Furnished,Borehole,Moderate,570000
Challenge,Self Contained,1,1,38,613,2005,Unfurnished,Borehole,Poor,218000
Ajibode,Room,1,1,25,690,2021,Semi-Furnished,Borehole,Poor,272000
Agbowo,Self Contained,1,1,37,574,2018,Unfurnished,Borehole,Moderate,356000
Akobo,2 Bedroom Flat,2,2,81,534,2004,Unfurnished,Borehole,Moderate,1125000
Agbowo,Room,1,1,21,574,2000,Semi-Furnished,Borehole,Moderate,232000
Ring Road,Self Contained,1,1,25,396,1998,Unfurnished,Public,Moderate,307000
Akobo,Room,1,1,18,460,2005,Unfurnished,Public,Poor,298000
Ajibode,2 Bedroom Flat,2,2,96,520,2014,Semi-Furnished,Borehole,Stable,813000
Ring Road,Self Contained,1,1,36,675,2021,Unfurnished,Well,Moderate,326000
Apata,Mini Flat,1,2,60,798,1999,Unfurnished,Borehole,Poor,328000
Ajibode,Mini Flat,1,2,51,508,1999,Semi-Furnished,Borehole,Poor,554000
Bodija,2 Bedroom Flat,2,2,88,361,2019,Unfurnished,Public,Poor,1044000
Agbowo,Room,1,1,21,556,2009,Fully Furnished,Borehole,Moderate,277000
Agbowo,Mini Flat,1,2,51,912,2023,Semi-Furnished,Borehole,Poor,645000
Ajibode,Mini Flat,1,2,47,377,1990,Semi-Furnished,Public,Poor,673000
Akobo,Room,1,1,24,709,2021,Semi-Furnished,Public,Moderate,293000
Apata,Self Contained,1,1,38,790,2020,Unfurnished,Borehole,Stable,274000
Bodija,Mini Flat,1,2,48,485,2000,Unfurnished,Well,Stable,628000
Ajibode,Mini Flat,1,2,52,423,2008,Fully Furnished,Well,Moderate,632000
Akobo,2 Bedroom Flat,2,2,77,653,1996,Semi-Furnished,Well,Poor,1136000
Agbowo,Room,1,1,29,613,2018,Unfurnished,Borehole,Stable,201000
Mokola,Mini Flat,1,2,53,675,2022,Semi-Furnished,Borehole,Moderate,575000
Agbowo,Mini Flat,1,2,59,923,2015,Semi-Furnished,Borehole,Stable,739000
Ajibode,Self Contained,1,1,27,580,2018,Unfurnished,Borehole,Poor,291000
Ajibode,Mini Flat,1,2,51,335,2018,Unfurnished,Public,Moderate,385000
Challenge,Self Contained,1,1,26,561,1992,Unfurnished,Borehole,Moderate,295000
Agbowo,Mini Flat,1,2,47,593,1994,Unfurnished,Borehole,Moderate,553000
Challenge,Self Contained,1,1,27,778,2022,Semi-Furnished,Borehole,Stable,272000
Ajibode,Self Contained,1,1,26,514,2000,Unfurnished,Well,Poor,277000
Agbowo,Room,1,1,19,476,1995,Semi-Furnished,Borehole,Moderate,244000
Bodija,Self Contained,1,1,31,303,1991,Unfurnished,Well,Stable,450000
Apata,2 Bedroom Flat,2,2,97,648,2002,Unfurnished,Well,Stable,573000
Apata,Room,1,1,25,1152,1990,Semi-Furnished,Borehole,Moderate,212000
Ajibode,2 Bedroom Flat,2,2,98,509,2016,Semi-Furnished,Well,Moderate,827000
Agbowo,Room,1,1,20,631,2004,Semi-Furnished,Borehole,Stable,229000
Ajibode,Duplex,4,4,226,451,2019,Fully Furnished,Borehole,Stable,2359000
Bodija,Self Contained,1,1,25,319,1995,Unfurnished,Well,Moderate,420000
Bodija,Self Contained,1,1,33,628,2023,Unfurnished,Borehole,Poor,445000
Ring Road,2 Bedroom Flat,2,2,76,555,2010,Semi-Furnished,Well,Moderate,928000
Apata,Room,1,1,22,200,2021,Unfurnished,Well,Stable,109000
Agbowo,Room,1,1,22,839,2009,Unfurnished,Borehole,Poor,235000
Bodija,2 Bedroom Flat,2,2,96,624,1998,Unfurnished,Public,Moderate,1122000
Ring Road,Room,1,1,23,563,1995,Unfurnished,Borehole,Moderate,185000
Challenge,Self Contained,1,1,38,474,1999,Semi-Furnished,Well,Poor,312000
Ajibode,2 Bedroom Flat,2,2,71,622,1998,Fully Furnished,Public,Stable,998000
Agbowo,Mini Flat,1,2,56,631,2022,Semi-Furnished,Well,Moderate,557000
Agbowo,Mini Flat,1,2,51,622,2005,Semi-Furnished,Well,Moderate,607000
Agbowo,Duplex,4,4,239,742,2021,Unfurnished,Public,Stable,2223000
Ajibode,Room,1,1,27,783,2009,Unfurnished,Well,Stable,191000
Ajibode,Self Contained,1,1,26,911,2009,Unfurnished,Borehole,Moderate,335000
Akobo,Room,1,1,28,399,1992,Unfurnished,Borehole,Poor,270000
Agbowo,2 Bedroom Flat,2,2,84,446,2003,Unfurnished,Well,Stable,662000
Ajibode,2 Bedroom Flat,2,2,84,615,2010,Unfurnished,Well,Stable,747000
Agbowo,Mini Flat,1,2,58,409,1997,Semi-Furnished,Well,Moderate,717000
Challenge,Room,1,1,20,438,2013,Unfurnished,Borehole,Stable,169000
Mokola,Mini Flat,1,2,46,635,2010,Unfurnished,Well,Stable,434000
Bodija,Self Contained,1,1,29,712,2021,Semi-Furnished,Well,Moderate,575000
Agbowo,Self Contained,1,1,27,779,2006,Unfurnished,Well,Moderate,275000
Ologuneru,Self Contained,1,1,26,515,1993,Semi-Furnished,Well,Poor,316000
Ajibode,Room,1,1,29,633,2012,Unfurnished,Well,Stable,196000
Ajibode,Room,1,1,25,593,2011,Unfurnished,Borehole,Moderate,221000
Agbowo,Room,1,1,22,553,2014,Semi-Furnished,Borehole,Moderate,269000
Ajibode,Mini Flat,1,2,46,403,1993,Semi-Furnished,Borehole,Stable,609000
Agbowo,2 Bedroom Flat,2,2,88,380,1999,Unfurnished,Well,Stable,777000
Ring Road,Room,1,1,22,670,2013,Fully Furnished,Borehole,Poor,257000
Akobo,2 Bedroom Flat,2,2,71,400,2003,Unfurnished,Borehole,Poor,886000
Agbowo,Room,1,1,25,230,2009,Unfurnished,Borehole,Stable,183000
Apata,Room,1,1,27,544,2003,Unfurnished,Borehole,Moderate,187000
Ajibode,Room,1,1,25,811,1998,Fully Furnished,Well,Poor,259000
Ajibode,2 Bedroom Flat,2,2,78,200,2023,Unfurnished,Public,Moderate,673000
Akobo,Room,1,1,18,498,2009,Unfurnished,Borehole,Moderate,252000
Akobo,Room,1,1,29,671,1992,Unfurnished,Borehole,Poor,349000
Ajibode,2 Bedroom Flat,2,2,83,221,2001,Unfurnished,Borehole,Stable,536000
Agbowo,Room,1,1,21,511,2001,Unfurnished,Borehole,Moderate,195000
Akobo,2 Bedroom Flat,2,2,82,344,2011,Unfurnished,Borehole,Moderate,1006000
Oluyole,2 Bedroom Flat,2,2,85,368,2020,Semi-Furnished,Borehole,Moderate,1096000
Akobo,Mini Flat,1,2,59,477,1996,Unfurnished,Well,Moderate,665000
Agbowo,Room,1,1,22,347,1998,Semi-Furnished,Borehole,Moderate,272000
Ajibode,Mini Flat,1,2,57,332,2011,Fully Furnished,Borehole,Stable,778000
Agbowo,Mini Flat,1,2,63,539,1998,Unfurnished,Borehole,Poor,503000
Ajibode,Room,1,1,26,950,2005,Unfurnished,Public,Moderate,203000
Apata,Room,1,1,25,686,2010,Unfurnished,Borehole,Moderate,155000
Bodija,Self Contained,1,1,28,731,1998,Unfurnished,Well,Stable,539000
Agbowo,Self Contained,1,1,25,693,2001,Unfurnished,Well,Stable,324000
Challenge,3 Bedroom Flat,3,3,110,424,2016,Unfurnished,Public,Moderate,840000
Bodija,2 Bedroom Flat,2,2,93,605,1998,Semi-Furnished,Borehole,Moderate,1497000
Agbowo,Mini Flat,1,2,50,747,2016,Unfurnished,Public,Stable,505000
Mokola,2 Bedroom Flat,2,2,92,699,2017,Unfurnished,Borehole,Moderate,535000
Mokola,Self Contained,1,1,36,585,2021,Unfurnished,Well,Stable,306000
Oluyole,2 Bedroom Flat,2,2,75,643,1992,Unfurnished,Borehole,Poor,688000
Ajibode,Mini Flat,1,2,53,993,1998,Unfurnished,Borehole,Stable,454000
Akobo,Self Contained,1,1,26,701,1992,Unfurnished,Borehole,Stable,336000
Challenge,Mini Flat,1,2,49,493,2002,Unfurnished,Borehole,Stable,426000
Ajibode,Self Contained,1,1,30,536,2023,Fully Furnished,Well,Poor,395000
Agbowo,Self Contained,1,1,28,360,2019,Unfurnished,Borehole,Moderate,300000
Ring Road,3 Bedroom Flat,3,3,156,972,2005,Unfurnished,Borehole,Moderate,941000
Ajibode,Mini Flat,1,2,58,838,2022,Unfurnished,Public,Moderate,557000
Challenge,Self Contained,1,1,31,564,2005,Fully Furnished,Borehole,Stable,351000
Bodija,2 Bedroom Flat,2,2,76,942,1994,Semi-Furnished,Borehole,Moderate,1114000
Bodija,3 Bedroom Flat,3,3,114,663,1997,Semi-Furnished,Borehole,Moderate,1824000
Ajibode,Room,1,1,20,472,2022,Unfurnished,Borehole,Stable,184000
Mokola,Room,1,1,27,713,2019,Unfurnished,Borehole,Moderate,148000
Agbowo,3 Bedroom Flat,3,3,136,621,1991,Fully Furnished,Borehole,Stable,1118000
Bodija,Room,1,1,28,700,2009,Fully Furnished,Borehole,Stable,389000
Oluyole,Self Contained,1,1,38,303,1998,Unfurnished,Borehole,Moderate,417000
Oluyole,Self Contained,1,1,26,404,1990,Unfurnished,Public,Poor,292000
Apata,Room,1,1,22,817,1991,Unfurnished,Borehole,Moderate,176000
Bodija,Duplex,4,4,247,854,2008,Fully Furnished,Well,Moderate,3667000
Agbowo,Self Contained,1,1,25,804,2005,Fully Furnished,Public,Moderate,436000
Apata,Mini Flat,1,2,59,949,1994,Unfurnished,Borehole,Poor,402000
Akobo,2 Bedroom Flat,2,2,89,653,2021,Unfurnished,Borehole,Moderate,1066000
Agbowo,Self Contained,1,1,29,641,2009,Semi-Furnished,Borehole,Moderate,343000
Ajibode,2 Bedroom Flat,2,2,81,385,2003,Semi-Furnished,Public,Poor,771000
Mokola,Duplex,4,4,228,445,2002,Unfurnished,Borehole,Moderate,1624000
Agbowo,Mini Flat,1,2,47,200,2016,Fully Furnished,Borehole,Moderate,906000
Oluyole,Self Contained,1,1,38,492,2023,Semi-Furnished,Borehole,Moderate,437000
Bodija,Mini Flat,1,2,51,200,2005,Unfurnished,Borehole,Moderate,783000
Ajibode,Room,1,1,18,744,2017,Unfurnished,Borehole,Moderate,215000
Akobo,3 Bedroom Flat,3,3,130,619,2004,Semi-Furnished,Borehole,Poor,1701000
Ajibode,Mini Flat,1,2,55,200,1992,Semi-Furnished,Borehole,Moderate,558000
Agbowo,Room,1,1,20,515,2016,Semi-Furnished,Borehole,Moderate,269000
Bodija,Self Contained,1,1,34,904,2016,Semi-Furnished,Borehole,Stable,546000
Agbowo,Self Contained,1,1,36,527,1993,Unfurnished,Borehole,Moderate,233000
Challenge,Room,1,1,27,370,2010,Unfurnished,Well,Moderate,154000
Mokola,Room,1,1,25,228,2011,Unfurnished,Borehole,Stable,161000
Challenge,Mini Flat,1,2,48,233,1994,Semi-Furnished,Borehole,Poor,473000
Ajibode,3 Bedroom Flat,3,3,141,646,2012,Unfurnished,Borehole,Poor,976000
Ajibode,Self Contained,1,1,27,471,2012,Semi-Furnished,Well,Poor,285000
Bodija,Mini Flat,1,2,62,486,2002,Fully Furnished,Borehole,Moderate,1094000
Apata,Room,1,1,20,472,2016,Semi-Furnished,Borehole,Moderate,223000
Mokola,2 Bedroom Flat,2,2,98,524,2004,Unfurnished,Well,Stable,749000
Mokola,Duplex,4,4,265,329,2001,Unfurnished,Borehole,Poor,1612000
Agbowo,Mini Flat,1,2,56,606,1999,Unfurnished,Borehole,Stable,544000
Agbowo,Self Contained,1,1,33,293,2017,Unfurnished,Public,Poor,363000
Bodija,Room,1,1,29,413,2009,Unfurnished,Borehole,Moderate,323000
Ajibode,2 Bedroom Flat,2,2,86,731,2001,Unfurnished,Borehole,Poor,785000
Ajibode,Self Contained,1,1,37,617,1992,Semi-Furnished,Borehole,Moderate,367000
Apata,2 Bedroom Flat,2,2,77,673,1991,Semi-Furnished,Well,Moderate,697000
Agbowo,Room,1,1,19,937,2017,Unfurnished,Well,Stable,214000
Agbowo,Self Contained,1,1,35,539,2011,Unfurnished,Well,Stable,300000
Ajibode,2 Bedroom Flat,2,2,80,553,1998,Fully Furnished,Borehole,Stable,988000
Apata,Room,1,1,27,502,2012,Unfurnished,Borehole,Stable,178000
Akobo,Room,1,1,22,470,2006,Fully Furnished,Borehole,Poor,393000
Oluyole,Room,1,1,29,368,2003,Fully Furnished,Borehole,Poor,383000
Ring Road,Mini Flat,1,2,58,565,2021,Unfurnished,Well,Poor,466000
Agbowo,Self Contained,1,1,27,613,2022,Unfurnished,Well,Poor,281000
Akobo,Mini Flat,1,2,59,623,1999,Semi-Furnished,Well,Poor,732000
Ajibode,Mini Flat,1,2,55,561,2002,Fully Furnished,Borehole,Poor,749000
Ajibode,Room,1,1,21,716,2023,Unfurnished,Public,Moderate,192000
Mokola,Room,1,1,20,555,1994,Semi-Furnished,Borehole,Poor,193000
Challenge,Self Contained,1,1,37,476,1995,Semi-Furnished,Well,Poor,364000
Agbowo,Room,1,1,24,383,2022,Unfurnished,Borehole,Poor,187000
Agbowo,Mini Flat,1,2,51,271,1994,Unfurnished,Borehole,Stable,481000
Bodija,Room,1,1,20,812,2013,Semi-Furnished,Well,Poor,335000
Ajibode,Mini Flat,1,2,53,424,1997,Fully Furnished,Well,Stable,729000
Agbowo,Mini Flat,1,2,51,383,2007,Unfurnished,Well,Poor,528000
Ajibode,Mini Flat,1,2,49,474,2014,Semi-Furnished,Borehole,Stable,503000
Agbowo,2 Bedroom Flat,2,2,82,499,2007,Unfurnished,Borehole,Moderate,774000
Challenge,Mini Flat,1,2,47,844,2015,Semi-Furnished,Borehole,Stable,584000
Agbowo,Self Contained,1,1,36,490,2009,Semi-Furnished,Well,Moderate,420000
Ajibode,Room,1,1,20,1024,2009,Semi-Furnished,Borehole,Moderate,193000
Bodija,Room,1,1,20,561,2013,Fully Furnished,Borehole,Moderate,375000
Mokola,Mini Flat,1,2,45,920,2009,Semi-Furnished,Borehole,Moderate,524000
Agbowo,3 Bedroom Flat,3,3,128,710,1993,Semi-Furnished,Well,Moderate,1433000
Ajibode,Room,1,1,26,614,2011,Unfurnished,Borehole,Moderate,258000
Agbowo,Room,1,1,24,834,2014,Fully Furnished,Well,Stable,250000
Challenge,Room,1,1,20,752,2010,Unfurnished,Borehole,Moderate,199000
Bodija,Room,1,1,27,664,2007,Unfurnished,Borehole,Moderate,336000
Mokola,Room,1,1,20,967,1998,Semi-Furnished,Borehole,Stable,199000
Apata,Self Contained,1,1,35,460,1998,Semi-Furnished,Borehole,Poor,300000
Challenge,Self Contained,1,1,32,370,2022,Unfurnished,Borehole,Moderate,271000
Akobo,3 Bedroom Flat,3,3,156,428,1996,Semi-Furnished,Borehole,Stable,1760000
Bodija,Room,1,1,24,865,2022,Semi-Furnished,Well,Moderate,345000
Ajibode,2 Bedroom Flat,2,2,82,811,1991,Unfurnished,Public,Stable,808000
Ologuneru,Self Contained,1,1,32,455,1997,Unfurnished,Well,Moderate,237000
Agbowo,Room,1,1,26,200,2022,Semi-Furnished,Borehole,Stable,256000
Ajibode,2 Bedroom Flat,2,2,80,512,2018,Semi-Furnished,Borehole,Stable,881000
Oluyole,3 Bedroom Flat,3,3,121,367,2021,Unfurnished,Well,Moderate,1207000
Agbowo,Room,1,1,23,461,1990,Semi-Furnished,Borehole,Moderate,291000
Akobo,3 Bedroom Flat,3,3,116,360,2020,Unfurnished,Borehole,Moderate,1149000
Akobo,Room,1,1,27,260,2009,Unfurnished,Borehole,Moderate,250000
Bodija,Room,1,1,22,888,2022,Unfurnished,Borehole,Moderate,286000
Mokola,Self Contained,1,1,25,426,2012,Unfurnished,Borehole,Poor,265000
Agbowo,Room,1,1,27,804,1992,Unfurnished,Borehole,Stable,201000
Bodija,Room,1,1,20,510,2001,Unfurnished,Borehole,Moderate,270000
Bodija,Mini Flat,1,2,45,346,1997,Fully Furnished,Well,Stable,992000
Oluyole,2 Bedroom Flat,2,2,75,641,2000,Unfurnished,Public,Stable,949000
Challenge,Room,1,1,29,479,2015,Fully Furnished,Borehole,Stable,185000
Agbowo,2 Bedroom Flat,2,2,97,512,2012,Semi-Furnished,Public,Poor,951000
Akobo,3 Bedroom Flat,3,3,113,576,1994,Unfurnished,Well,Moderate,1495000
Ajibode,Self Contained,1,1,37,403,2021,Unfurnished,Public,Stable,304000
Apata,Mini Flat,1,2,63,258,1994,Semi-Furnished,Borehole,Moderate,464000
Agbowo,Room,1,1,18,540,2004,Unfurnished,Borehole,Moderate,214000
Oluyole,Room,1,1,24,723,2012,Semi-Furnished,Borehole,Stable,342000
Ajibode,2 Bedroom Flat,2,2,71,387,2017,Semi-Furnished,Borehole,Poor,729000
Ajibode,Room,1,1,18,577,2008,Unfurnished,Public,Poor,190000
Bodija,Mini Flat,1,2,54,820,2006,Unfurnished,Public,Moderate,707000
Ring Road,Duplex,4,4,227,533,2004,Unfurnished,Public,Poor,2422000
Bodija,Mini Flat,1,2,46,565,2002,Unfurnished,Well,Moderate,828000
Apata,2 Bedroom Flat,2,2,99,559,2012,Unfurnished,Borehole,Poor,507000
Bodija,Room,1,1,18,427,2007,Semi-Furnished,Public,Stable,361000
Bodija,Room,1,1,18,371,2012,Unfurnished,Public,Stable,320000
Ajibode,Self Contained,1,1,30,371,2005,Fully Furnished,Borehole,Moderate,411000
Challenge,Self Contained,1,1,36,616,2009,Unfurnished,Well,Poor,305000
Agbowo,Mini Flat,1,2,52,686,2014,Unfurnished,Well,Moderate,534000
Ring Road,Room,1,1,28,694,2021,Unfurnished,Well,Stable,212000
Ring Road,Room,1,1,18,481,2010,Semi-Furnished,Public,Stable,167000
Apata,Self Contained,1,1,25,746,1990,Unfurnished,Borehole,Stable,232000
Bodija,2 Bedroom Flat,2,2,98,605,2017,Semi-Furnished,Borehole,Poor,1234000
Oluyole,Self Contained,1,1,31,562,2016,Unfurnished,Borehole,Stable,353000
Challenge,Room,1,1,21,200,2016,Unfurnished,Borehole,Moderate,141000
Ajibode,Mini Flat,1,2,59,402,2001,Fully Furnished,Well,Moderate,718000
Akobo,Mini Flat,1,2,54,276,2004,Semi-Furnished,Borehole,Moderate,746000
Ajibode,Self Contained,1,1,28,662,2009,Unfurnished,Borehole,Moderate,375000
Bodija,3 Bedroom Flat,3,3,123,567,2008,Semi-Furnished,Borehole,Moderate,1767000
Ajibode,3 Bedroom Flat,3,3,123,357,2015,Fully Furnished,Borehole,Poor,1259000
Ajibode,Room,1,1,18,604,2010,Unfurnished,Well,Stable,175000
Agbowo,2 Bedroom Flat,2,2,91,293,1999,Unfurnished,Borehole,Poor,758000
Agbowo,Mini Flat,1,2,54,362,2017,Fully Furnished,Borehole,Poor,695000
Akobo,Mini Flat,1,2,47,422,2015,Semi-Furnished,Well,Stable,646000
Ajibode,Room,1,1,29,647,2002,Unfurnished,Well,Stable,170000
Bodija,2 Bedroom Flat,2,2,72,801,2014,Unfurnished,Well,Poor,933000
Ajibode,Duplex,4,4,194,444,2020,Unfurnished,Borehole,Poor,2190000
Akobo,Mini Flat,1,2,56,788,2009,Semi-Furnished,Well,Poor,851000
Akobo,Room,1,1,21,558,2004,Unfurnished,Public,Stable,337000
Bodija,Mini Flat,1,2,62,592,2007,Unfurnished,Public,Moderate,830000
Oluyole,2 Bedroom Flat,2,2,75,538,2012,Unfurnished,Public,Poor,961000
Agbowo,2 Bedroom Flat,2,2,97,514,1992,Unfurnished,Well,Stable,720000
Challenge,Self Contained,1,1,37,629,2000,Fully Furnished,Well,Stable,316000
Agbowo,Room,1,1,18,683,2016,Unfurnished,Public,Stable,202000
Bodija,Room,1,1,18,390,2001,Unfurnished,Borehole,Stable,275000
Akobo,Self Contained,1,1,27,515,2022,Fully Furnished,Public,Poor,492000
Ajibode,Room,1,1,25,850,2017,Unfurnished,Well,Stable,180000
Akobo,Self Contained,1,1,27,581,1995,Unfurnished,Borehole,Moderate,338000
Akobo,3 Bedroom Flat,3,3,134,601,1995,Unfurnished,Borehole,Moderate,1032000
Agbowo,Self Contained,1,1,27,760,2010,Unfurnished,Public,Poor,308000
Ajibode,Room,1,1,25,459,2014,Fully Furnished,Public,Poor,330000
Ajibode,Room,1,1,20,543,2007,Unfurnished,Public,Moderate,204000
Apata,Mini Flat,1,2,49,697,1994,Unfurnished,Borehole,Poor,434000
Oluyole,Room,1,1,25,773,2012,Unfurnished,Borehole,Stable,242000
Ajibode,Room,1,1,18,200,2012,Semi-Furnished,Borehole,Stable,230000
Agbowo,Self Contained,1,1,39,417,2012,Unfurnished,Borehole,Moderate,410000
Akobo,Room,1,1,22,370,2018,Unfurnished,Borehole,Stable,243000
Mokola,Room,1,1,26,527,1994,Unfurnished,Borehole,Stable,195000
Ajibode,2 Bedroom Flat,2,2,76,383,2006,Semi-Furnished,Public,Moderate,982000
Agbowo,Mini Flat,1,2,53,669,1991,Semi-Furnished,Well,Stable,669000
Ring Road,Room,1,1,18,581,2008,Semi-Furnished,Well,Stable,228000
Ajibode,2 Bedroom Flat,2,2,87,710,1992,Semi-Furnished,Well,Moderate,846000
Ajibode,2 Bedroom Flat,2,2,98,721,2019,Unfurnished,Borehole,Stable,703000
Apata,Room,1,1,28,672,2022,Fully Furnished,Borehole,Poor,234000
Akobo,Self Contained,1,1,37,489,2012,Unfurnished,Public,Moderate,436000
Agbowo,Self Contained,1,1,27,568,2015,Semi-Furnished,Borehole,Moderate,402000
Ajibode,Self Contained,1,1,39,467,2019,Unfurnished,Borehole,Moderate,306000
Ajibode,Mini Flat,1,2,62,304,2008,Unfurnished,Well,Poor,438000
Agbowo,Mini Flat,1,2,53,721,2015,Semi-Furnished,Public,Moderate,545000
Ring Road,Room,1,1,23,534,2021,Unfurnished,Public,Moderate,215000
Agbowo,Self Contained,1,1,29,279,2017,Fully Furnished,Borehole,Stable,445000
Oluyole,Mini Flat,1,2,50,646,1998,Unfurnished,Public,Moderate,703000
Ring Road,Mini Flat,1,2,61,509,2020,Unfurnished,Well,Stable,518000
Agbowo,Mini Flat,1,2,63,200,2004,Unfurnished,Borehole,Poor,448000
Ajibode,Self Contained,1,1,35,302,2021,Unfurnished,Borehole,Poor,244000
Bodija,Self Contained,1,1,35,423,2002,Fully Furnished,Well,Poor,551000
Ring Road,3 Bedroom Flat,3,3,138,587,2011,Unfurnished,Borehole,Poor,977000
Challenge,Self Contained,1,1,36,691,2000,Unfurnished,Borehole,Moderate,316000
Ajibode,Room,1,1,24,685,2022,Unfurnished,Public,Stable,215000
Oluyole,Mini Flat,1,2,60,658,2013,Unfurnished,Well,Stable,564000
Akobo,Room,1,1,20,543,1995,Semi-Furnished,Well,Poor,272000
Ring Road,2 Bedroom Flat,2,2,99,860,2005,Unfurnished,Well,Moderate,795000
Ajibode,Room,1,1,24,675,2019,Semi-Furnished,Well,Stable,220000
Bodija,Mini Flat,1,2,63,589,2019,Semi-Furnished,Borehole,Moderate,861000
Ring Road,Self Contained,1,1,34,651,2003,Unfurnished,Borehole,Moderate,247000
Agbowo,2 Bedroom Flat,2,2,85,478,1996,Unfurnished,Well,Poor,773000
Bodija,Room,1,1,21,539,1992,Fully Furnished,Borehole,Poor,368000
Ajibode,Mini Flat,1,2,62,200,2020,Unfurnished,Borehole,Poor,581000
Agbowo,Room,1,1,22,480,1999,Semi-Furnished,Well,Moderate,229000
Agbowo,Mini Flat,1,2,48,866,2022,Unfurnished,Borehole,Moderate,443000
Apata,Self Contained,1,1,35,576,2004,Unfurnished,Borehole,Moderate,285000
Agbowo,Room,1,1,24,569,1993,Semi-Furnished,Borehole,Moderate,271000
Bodija,Self Contained,1,1,26,729,1993,Unfurnished,Public,Poor,487000
Oluyole,Self Contained,1,1,28,614,1999,Semi-Furnished,Well,Moderate,462000
Ajibode,Room,1,1,27,408,2011,Semi-Furnished,Well,Stable,222000
Bodija,Mini Flat,1,2,52,554,2020,Unfurnished,Borehole,Stable,641000
Oluyole,Self Contained,1,1,29,345,2001,Semi-Furnished,Well,Moderate,436000
Mokola,Self Contained,1,1,37,583,1998,Semi-Furnished,Borehole,Moderate,239000
Akobo,Room,1,1,27,399,2017,Unfurnished,Borehole,Moderate,297000
Oluyole,Duplex,4,4,266,717,2023,Semi-Furnished,Borehole,Moderate,2906000
Ajibode,2 Bedroom Flat,2,2,74,458,1994,Fully Furnished,Borehole,Stable,863000
Apata,Room,1,1,28,401,2019,Unfurnished,Well,Moderate,159000
Ajibode,2 Bedroom Flat,2,2,91,529,2005,Unfurnished,Borehole,Stable,559000
Challenge,Duplex,4,4,241,615,2008,Unfurnished,Well,Stable,1447000
Agbowo,Self Contained,1,1,28,332,2003,Fully Furnished,Borehole,Poor,436000
Apata,Self Contained,1,1,30,456,2013,Semi-Furnished,Borehole,Moderate,298000
Oluyole,Mini Flat,1,2,63,568,2000,Unfurnished,Well,Stable,516000
Challenge,Mini Flat,1,2,48,790,2002,Semi-Furnished,Borehole,Moderate,503000
Ajibode,Self Contained,1,1,27,200,1999,Semi-Furnished,Public,Stable,352000
Bodija,Room,1,1,27,660,2018,Semi-Furnished,Borehole,Poor,303000
Akobo,Self Contained,1,1,36,480,2016,Unfurnished,Borehole,Poor,504000
Challenge,Duplex,4,4,181,460,1990,Unfurnished,Borehole,Stable,1797000
Ajibode,2 Bedroom Flat,2,2,96,427,2021,Fully Furnished,Borehole,Moderate,745000
Ologuneru,Room,1,1,18,484,2007,Unfurnished,Borehole,Stable,199000
Ring Road,Room,1,1,27,661,1993,Fully Furnished,Borehole,Moderate,213000
Agbowo,2 Bedroom Flat,2,2,82,453,2005,Unfurnished,Well,Moderate,789000
Mokola,Self Contained,1,1,29,848,2007,Unfurnished,Well,Moderate,306000
Bodija,Room,1,1,19,662,2010,Semi-Furnished,Well,Stable,317000
Bodija,Room,1,1,19,585,2014,Semi-Furnished,Public,Stable,348000
Agbowo,2 Bedroom Flat,2,2,90,520,1999,Unfurnished,Borehole,Poor,709000
Akobo,Room,1,1,26,764,1996,Unfurnished,Well,Moderate,240000
Oluyole,Self Contained,1,1,26,790,1990,Fully Furnished,Borehole,Stable,470000
Agbowo,Room,1,1,29,340,2022,Unfurnished,Borehole,Poor,163000
Akobo,2 Bedroom Flat,2,2,89,423,2022,Semi-Furnished,Well,Moderate,849000
Oluyole,Room,1,1,19,664,2008,Unfurnished,Well,Stable,208000
Oluyole,3 Bedroom Flat,3,3,141,718,1996,Unfurnished,Well,Poor,1498000
Ajibode,Self Contained,1,1,34,495,2003,Semi-Furnished,Borehole,Stable,306000
Mokola,Self Contained,1,1,39,416,1996,Unfurnished,Public,Moderate,266000
Bodija,Self Contained,1,1,32,564,1992,Unfurnished,Well,Poor,476000
Agbowo,Mini Flat,1,2,45,815,2000,Semi-Furnished,Well,Moderate,595000
Agbowo,Self Contained,1,1,34,557,1997,Unfurnished,Borehole,Stable,314000
Bodija,Self Contained,1,1,25,322,2015,Semi-Furnished,Borehole,Moderate,547000
Ring Road,Self Contained,1,1,39,569,1992,Semi-Furnished,Well,Moderate,295000
Agbowo,Self Contained,1,1,39,690,2018,Semi-Furnished,Well,Stable,392000
Challenge,Room,1,1,25,531,2001,Unfurnished,Borehole,Stable,201000
Ajibode,2 Bedroom Flat,2,2,89,776,2007,Unfurnished,Borehole,Moderate,712000
Bodija,2 Bedroom Flat,2,2,86,705,1996,Unfurnished,Borehole,Stable,858000
Ologuneru,Self Contained,1,1,31,538,2019,Fully Furnished,Well,Moderate,325000
Challenge,Mini Flat,1,2,47,557,2005,Unfurnished,Borehole,Moderate,407000
Ajibode,Self Contained,1,1,31,218,2014,Semi-Furnished,Public,Moderate,351000
Bodija,2 Bedroom Flat,2,2,76,767,1993,Unfurnished,Public,Stable,1035000
Agbowo,Self Contained,1,1,38,490,1993,Unfurnished,Borehole,Moderate,340000
Agbowo,Self Contained,1,1,27,478,1990,Unfurnished,Borehole,Stable,385000
Challenge,Mini Flat,1,2,47,451,1992,Fully Furnished,Borehole,Moderate,591000
Challenge,Self Contained,1,1,26,632,2017,Unfurnished,Borehole,Moderate,258000
Agbowo,3 Bedroom Flat,3,3,120,346,2000,Unfurnished,Borehole,Stable,1232000
Apata,Self Contained,1,1,32,372,1991,Unfurnished,Borehole,Moderate,201000
Akobo,Self Contained,1,1,27,540,1998,Unfurnished,Well,Moderate,441000
Agbowo,3 Bedroom Flat,3,3,141,437,2006,Semi-Furnished,Well,Moderate,1400000
Bodija,Mini Flat,1,2,48,610,2021,Semi-Furnished,Public,Poor,763000
Akobo,2 Bedroom Flat,2,2,84,443,2020,Unfurnished,Well,Poor,953000
Bodija,Room,1,1,20,837,2010,Unfurnished,Borehole,Stable,282000
Bodija,Room,1,1,27,674,2006,Unfurnished,Borehole,Stable,274000
Bodija,Mini Flat,1,2,49,672,2006,Unfurnished,Borehole,Poor,864000
Ajibode,Room,1,1,20,441,2016,Fully Furnished,Borehole,Poor,253000
Mokola,2 Bedroom Flat,2,2,73,983,2017,Unfurnished,Well,Poor,641000
Bodija,Self Contained,1,1,27,470,1990,Unfurnished,Borehole,Moderate,443000
Ajibode,Duplex,4,4,261,421,2005,Fully Furnished,Public,Poor,2611000
Challenge,Mini Flat,1,2,62,677,1992,Unfurnished,Borehole,Stable,393000
Apata,Room,1,1,28,585,2004,Unfurnished,Well,Poor,177000
Apata,Self Contained,1,1,26,402,1993,Unfurnished,Borehole,Moderate,260000
Agbowo,Self Contained,1,1,27,945,2019,Unfurnished,Well,Poor,260000
Ajibode,Self Contained,1,1,25,725,2018,Unfurnished,Borehole,Moderate,346000
Bodija,Room,1,1,20,550,2012,Semi-Furnished,Borehole,Stable,332000
Ajibode,2 Bedroom Flat,2,2,71,982,1994,Unfurnished,Well,Poor,820000
Apata,Self Contained,1,1,31,695,2000,Semi-Furnished,Borehole,Moderate,315000
Ajibode,Mini Flat,1,2,63,547,2008,Unfurnished,Well,Moderate,429000
Agbowo,Self Contained,1,1,36,960,1997,Fully Furnished,Borehole,Moderate,373000
Agbowo,Self Contained,1,1,26,668,2000,Fully Furnished,Well,Stable,420000
Agbowo,2 Bedroom Flat,2,2,96,660,1998,Unfurnished,Borehole,Stable,664000
Challenge,Room,1,1,20,480,2014,Unfurnished,Borehole,Moderate,157000
Bodija,2 Bedroom Flat,2,2,76,558,2014,Semi-Furnished,Borehole,Moderate,1024000
Ajibode,Mini Flat,1,2,59,476,2003,Semi-Furnished,Well,Poor,569000
Agbowo,Room,1,1,24,809,2020,Fully Furnished,Well,Stable,235000
Bodija,Mini Flat,1,2,57,260,2002,Unfurnished,Borehole,Poor,795000
Ajibode,Self Contained,1,1,26,795,1990,Unfurnished,Borehole,Moderate,327000
Akobo,2 Bedroom Flat,2,2,70,392,2019,Semi-Furnished,Borehole,Stable,1031000
Akobo,Self Contained,1,1,29,539,1998,Unfurnished,Well,Moderate,383000
Oluyole,2 Bedroom Flat,2,2,70,496,2018,Unfurnished,Public,Moderate,965000
Apata,Room,1,1,24,456,2020,Semi-Furnished,Well,Moderate,213000
Ring Road,Self Contained,1,1,38,674,2007,Semi-Furnished,Well,Moderate,339000
Apata,Room,1,1,18,549,1992,Semi-Furnished,Public,Moderate,186000
Agbowo,2 Bedroom Flat,2,2,76,429,1991,Unfurnished,Borehole,Stable,718000
Ajibode,Room,1,1,24,577,1993,Semi-Furnished,Well,Stable,233000
Agbowo,2 Bedroom Flat,2,2,96,424,2004,Fully Furnished,Borehole,Moderate,761000
Ring Road,Mini Flat,1,2,46,453,2006,Unfurnished,Borehole,Moderate,477000
Ologuneru,Room,1,1,28,280,2015,Fully Furnished,Public,Moderate,237000
Mokola,Self Contained,1,1,26,468,2020,Unfurnished,Borehole,Stable,251000
Ajibode,3 Bedroom Flat,3,3,145,638,2019,Unfurnished,Borehole,Poor,798000
Apata,Self Contained,1,1,33,556,2012,Semi-Furnished,Borehole,Moderate,330000
Agbowo,Room,1,1,29,876,2019,Unfurnished,Well,Poor,168000
Ajibode,2 Bedroom Flat,2,2,80,1020,2000,Unfurnished,Public,Moderate,740000
Bodija,Mini Flat,1,2,47,466,2022,Unfurnished,Borehole,Poor,606000
Ajibode,Mini Flat,1,2,46,400,1994,Unfurnished,Public,Stable,441000
Bodija,Room,1,1,23,753,1990,Semi-Furnished,Borehole,Moderate,301000
Agbowo,Self Contained,1,1,33,610,1993,Fully Furnished,Well,Moderate,508000
Bodija,Room,1,1,22,754,1996,Semi-Furnished,Well,Stable,296000
Akobo,Mini Flat,1,2,49,621,1999,Fully Furnished,Borehole,Stable,780000
Mokola,Room,1,1,28,515,2022,Unfurnished,Borehole,Stable,176000
Oluyole,3 Bedroom Flat,3,3,157,516,2003,Semi-Furnished,Borehole,Stable,1579000
Agbowo,Room,1,1,23,627,2019,Unfurnished,Borehole,Stable,237000
Mokola,Mini Flat,1,2,58,511,2015,Unfurnished,Public,Poor,566000
Ring Road,Self Contained,1,1,26,769,2020,Unfurnished,Well,Poor,261000
Ajibode,3 Bedroom Flat,3,3,140,315,2008,Unfurnished,Well,Stable,1078000
Bodija,Mini Flat,1,2,46,768,2002,Semi-Furnished,Borehole,Stable,877000
Agbowo,Self Contained,1,1,28,212,2012,Semi-Furnished,Well,Poor,407000
Ajibode,Self Contained,1,1,38,576,2008,Semi-Furnished,Well,Moderate,337000
Oluyole,Room,1,1,27,490,2005,Fully Furnished,Borehole,Moderate,350000
Mokola,2 Bedroom Flat,2,2,81,277,2014,Semi-Furnished,Public,Poor,779000
Ajibode,Room,1,1,20,200,2015,Fully Furnished,Borehole,Poor,279000
Mokola,Mini Flat,1,2,61,352,2010,Unfurnished,Borehole,Moderate,401000
Mokola,Room,1,1,26,558,2007,Fully Furnished,Well,Moderate,283000
Ring Road,Mini Flat,1,2,57,441,1998,Unfurnished,Public,Moderate,452000
Agbowo,2 Bedroom Flat,2,2,83,362,2013,Semi-Furnished,Borehole,Poor,891000
Ring Road,Mini Flat,1,2,59,793,2006,Semi-Furnished,Borehole,Moderate,467000
Agbowo,Room,1,1,26,328,2019,Unfurnished,Borehole,Stable,230000
Bodija,Mini Flat,1,2,63,672,1993,Unfurnished,Borehole,Moderate,652000
Ajibode,Mini Flat,1,2,62,389,2017,Semi-Furnished,Borehole,Moderate,636000
Ajibode,Room,1,1,23,347,1998,Unfurnished,Well,Moderate,192000
Oluyole,3 Bedroom Flat,3,3,130,441,1997,Semi-Furnished,Borehole,Stable,1750000
Bodija,Mini Flat,1,2,45,661,2011,Semi-Furnished,Well,Poor,802000
Agbowo,Mini Flat,1,2,55,303,2014,Unfurnished,Borehole,Poor,519000
Ajibode,Room,1,1,20,601,1995,Unfurnished,Well,Poor,196000
Oluyole,Room,1,1,28,377,2015,Semi-Furnished,Well,Poor,288000
Ajibode,Self Contained,1,1,38,409,1991,Semi-Furnished,Borehole,Moderate,320000
Challenge,2 Bedroom Flat,2,2,92,622,2020,Semi-Furnished,Borehole,Moderate,640000
Ajibode,Self Contained,1,1,25,941,2001,Unfurnished,Well,Stable,329000
Ajibode,2 Bedroom Flat,2,2,82,386,2008,Semi-Furnished,Well,Moderate,876000
Agbowo,Room,1,1,26,679,1990,Unfurnished,Borehole,Moderate,223000
Bodija,2 Bedroom Flat,2,2,90,493,1999,Fully Furnished,Borehole,Moderate,1302000
Agbowo,2 Bedroom Flat,2,2,91,464,2023,Semi-Furnished,Well,Stable,885000
Agbowo,Room,1,1,28,742,2005,Fully Furnished,Borehole,Moderate,274000
Ologuneru,Self Contained,1,1,32,398,1996,Unfurnished,Borehole,Moderate,332000
Akobo,Self Contained,1,1,32,342,2002,Fully Furnished,Borehole,Moderate,563000
Ajibode,2 Bedroom Flat,2,2,87,632,1993,Unfurnished,Borehole,Stable,707000
Agbowo,Self Contained,1,1,36,837,2020,Unfurnished,Borehole,Stable,401000
Ring Road,Self Contained,1,1,35,684,1999,Semi-Furnished,Borehole,Poor,354000
Agbowo,Room,1,1,26,296,2001,Semi-Furnished,Well,Poor,262000
Ajibode,Room,1,1,28,439,2023,Unfurnished,Borehole,Poor,216000
Challenge,Self Contained,1,1,28,726,2017,Unfurnished,Borehole,Stable,281000
Akobo,Self Contained,1,1,31,834,1994,Unfurnished,Public,Poor,504000
Akobo,Mini Flat,1,2,63,591,2017,Fully Furnished,Borehole,Stable,974000
Ajibode,Mini Flat,1,2,52,445,2000,Semi-Furnished,Well,Moderate,688000
Ajibode,2 Bedroom Flat,2,2,70,846,2023,Fully Furnished,Borehole,Moderate,844000
Akobo,Self Contained,1,1,37,536,2004,Unfurnished,Well,Poor,409000
Ajibode,2 Bedroom Flat,2,2,89,440,1994,Unfurnished,Borehole,Stable,794000
Bodija,Room,1,1,19,410,2010,Semi-Furnished,Borehole,Moderate,319000
Bodija,2 Bedroom Flat,2,2,73,334,2020,Semi-Furnished,Borehole,Poor,1200000
Agbowo,Room,1,1,18,1060,1996,Unfurnished,Well,Poor,192000
Apata,Self Contained,1,1,29,805,2010,Unfurnished,Borehole,Moderate,293000
Mokola,Room,1,1,23,431,1994,Semi-Furnished,Borehole,Poor,168000
Oluyole,Self Contained,1,1,39,861,2003,Unfurnished,Borehole,Moderate,483000
Ajibode,Room,1,1,18,645,2023,Unfurnished,Well,Poor,208000
Ajibode,Mini Flat,1,2,57,635,1999,Unfurnished,Borehole,Stable,486000
Bodija,Self Contained,1,1,35,420,2007,Semi-Furnished,Borehole,Moderate,486000
Ajibode,Mini Flat,1,2,58,457,2006,Semi-Furnished,Public,Poor,614000
Ologuneru,Mini Flat,1,2,45,542,2021,Fully Furnished,Borehole,Moderate,533000
Ajibode,Self Contained,1,1,25,200,2006,Unfurnished,Borehole,Moderate,246000
Bodija,Room,1,1,28,462,2011,Semi-Furnished,Well,Stable,326000
Agbowo,Room,1,1,28,550,2014,Semi-Furnished,Borehole,Moderate,241000
Akobo,3 Bedroom Flat,3,3,130,785,2005,Unfurnished,Well,Poor,1278000
Ajibode,Self Contained,1,1,29,439,2019,Unfurnished,Well,Moderate,288000
Agbowo,Room,1,1,18,696,2023,Semi-Furnished,Borehole,Poor,213000
Agbowo,Mini Flat,1,2,63,200,1994,Semi-Furnished,Borehole,Stable,595000
Ring Road,Mini Flat,1,2,52,760,2022,Unfurnished,Well,Moderate,557000
Ajibode,3 Bedroom Flat,3,3,159,387,1994,Unfurnished,Borehole,Moderate,1104000
Ring Road,Room,1,1,19,573,1992,Unfurnished,Well,Stable,179000
Mokola,Room,1,1,28,623,2002,Unfurnished,Public,Stable,166000
Agbowo,Self Contained,1,1,33,587,1997,Unfurnished,Well,Moderate,407000
Challenge,Room,1,1,18,530,2019,Unfurnished,Public,Stable,162000
Ajibode,3 Bedroom Flat,3,3,157,326,1994,Fully Furnished,Well,Moderate,1528000
Ologuneru,Mini Flat,1,2,61,389,2020,Unfurnished,Borehole,Moderate,374000
Bodija,Duplex,4,4,258,729,1991,Unfurnished,Borehole,Moderate,3097000
Agbowo,Self Contained,1,1,27,442,1996,Unfurnished,Borehole,Moderate,336000
Agbowo,Mini Flat,1,2,47,531,2005,Unfurnished,Borehole,Moderate,406000
Ajibode,3 Bedroom Flat,3,3,150,281,1999,Unfurnished,Borehole,Poor,1208000
Ologuneru,2 Bedroom Flat,2,2,78,704,2018,Semi-Furnished,Borehole,Poor,646000
Ajibode,3 Bedroom Flat,3,3,141,312,2019,Semi-Furnished,Well,Poor,1368000
Akobo,Room,1,1,28,714,2009,Unfurnished,Borehole,Moderate,219000
Bodija,Room,1,1,24,358,2023,Fully Furnished,Public,Poor,406000
Apata,Room,1,1,22,732,1997,Semi-Furnished,Well,Stable,190000
Agbowo,Mini Flat,1,2,49,551,2023,Unfurnished,Borehole,Poor,544000
Bodija,Mini Flat,1,2,50,449,2023,Unfurnished,Borehole,Stable,698000
Bodija,Self Contained,1,1,35,838,1996,Fully Furnished,Borehole,Stable,658000
Oluyole,Room,1,1,29,537,2003,Fully Furnished,Borehole,Poor,355000
Ajibode,2 Bedroom Flat,2,2,70,484,2009,Semi-Furnished,Borehole,Moderate,814000
Ajibode,Mini Flat,1,2,59,713,2022,Semi-Furnished,Borehole,Moderate,395000
Ajibode,Self Contained,1,1,27,283,2020,Fully Furnished,Well,Moderate,463000
Oluyole,3 Bedroom Flat,3,3,141,200,2022,Unfurnished,Public,Poor,1056000
Ajibode,Room,1,1,23,758,2015,Semi-Furnished,Borehole,Poor,222000
Akobo,Mini Flat,1,2,51,399,2015,Semi-Furnished,Public,Moderate,714000
Ajibode,Room,1,1,18,705,2005,Semi-Furnished,Borehole,Stable,219000
Mokola,Self Contained,1,1,34,558,2001,Fully Furnished,Borehole,Stable,289000
Apata,Room,1,1,26,340,1990,Fully Furnished,Well,Moderate,239000
Bodija,Room,1,1,21,659,2009,Unfurnished,Borehole,Stable,296000
Agbowo,Mini Flat,1,2,61,476,1991,Unfurnished,Borehole,Moderate,540000
Agbowo,2 Bedroom Flat,2,2,83,356,2020,Unfurnished,Borehole,Poor,651000
Ajibode,Self Contained,1,1,35,360,2007,Semi-Furnished,Public,Stable,348000
Agbowo,2 Bedroom Flat,2,2,88,238,1999,Semi-Furnished,Well,Stable,800000
Akobo,Self Contained,1,1,29,622,1995,Unfurnished,Public,Moderate,438000
Bodija,Self Contained,1,1,35,381,1991,Semi-Furnished,Borehole,Moderate,444000
Apata,Mini Flat,1,2,55,543,2005,Semi-Furnished,Well,Moderate,418000
Agbowo,3 Bedroom Flat,3,3,157,517,1994,Unfurnished,Public,Stable,1080000
Oluyole,Mini Flat,1,2,50,380,2011,Unfurnished,Borehole,Moderate,624000
Bodija,Mini Flat,1,2,61,275,2011,Semi-Furnished,Borehole,Moderate,865000
Bodija,2 Bedroom Flat,2,2,99,1006,2011,Unfurnished,Well,Moderate,1062000
Agbowo,Room,1,1,21,541,1990,Fully Furnished,Well,Moderate,251000
Bodija,Self Contained,1,1,34,878,2002,Semi-Furnished,Well,Stable,567000
Bodija,Room,1,1,27,759,2001,Unfurnished,Well,Poor,325000
Oluyole,Self Contained,1,1,31,492,2002,Unfurnished,Well,Poor,375000
Apata,Self Contained,1,1,32,582,2000,Unfurnished,Well,Moderate,267000
Agbowo,Self Contained,1,1,35,577,2007,Unfurnished,Borehole,Moderate,286000
Ajibode,Self Contained,1,1,38,881,2011,Semi-Furnished,Borehole,Moderate,364000
Bodija,Self Contained,1,1,38,699,1990,Unfurnished,Public,Moderate,413000
Bodija,Mini Flat,1,2,49,404,1993,Semi-Furnished,Borehole,Stable,796000
Ajibode,Mini Flat,1,2,45,613,1998,Fully Furnished,Well,Poor,676000
Challenge,Mini Flat,1,2,51,694,1992,Unfurnished,Borehole,Stable,427000
Ologuneru,Self Contained,1,1,36,338,1997,Unfurnished,Well,Moderate,310000
Apata,Self Contained,1,1,36,638,1998,Unfurnished,Borehole,Moderate,293000
Ajibode,Room,1,1,18,792,2007,Unfurnished,Borehole,Moderate,161000
Ring Road,Self Contained,1,1,27,395,1994,Unfurnished,Well,Poor,289000
Oluyole,Self Contained,1,1,26,420,2011,Fully Furnished,Well,Stable,535000
Bodija,Self Contained,1,1,39,758,1994,Fully Furnished,Borehole,Poor,472000
Bodija,Self Contained,1,1,31,486,2012,Unfurnished,Borehole,Stable,547000
Mokola,Mini Flat,1,2,45,373,2005,Unfurnished,Well,Moderate,386000
Bodija,Mini Flat,1,2,54,708,1994,Unfurnished,Borehole,Poor,666000
Agbowo,Room,1,1,25,653,1992,Unfurnished,Borehole,Moderate,214000
Bodija,Self Contained,1,1,32,566,2015,Unfurnished,Well,Stable,542000
Akobo,3 Bedroom Flat,3,3,118,752,1997,Unfurnished,Borehole,Poor,1252000
Ajibode,Room,1,1,27,765,2010,Unfurnished,Well,Poor,192000
Ring Road,Mini Flat,1,2,49,535,2007,Semi-Furnished,Borehole,Stable,433000
Oluyole,Self Contained,1,1,36,905,1994,Fully Furnished,Public,Moderate,537000
Akobo,Self Contained,1,1,39,835,1995,Fully Furnished,Borehole,Moderate,504000
Ajibode,Self Contained,1,1,33,200,2016,Unfurnished,Borehole,Moderate,323000
Akobo,Mini Flat,1,2,57,364,2011,Semi-Furnished,Well,Poor,860000
Ajibode,Self Contained,1,1,37,200,2011,Unfurnished,Well,Poor,252000
Ajibode,2 Bedroom Flat,2,2,95,491,2016,Fully Furnished,Borehole,Stable,1080000
Bodija,Room,1,1,28,331,2022,Unfurnished,Well,Stable,318000
Agbowo,Room,1,1,20,403,2020,Semi-Furnished,Well,Moderate,264000
Akobo,2 Bedroom Flat,2,2,94,746,2017,Semi-Furnished,Borehole,Moderate,1177000
Ajibode,2 Bedroom Flat,2,2,91,234,2019,Semi-Furnished,Borehole,Moderate,784000
Agbowo,Self Contained,1,1,31,573,2023,Unfurnished,Public,Poor,268000
Ajibode,Self Contained,1,1,39,572,2006,Fully Furnished,Public,Moderate,334000
Ologuneru,Room,1,1,27,535,1995,Semi-Furnished,Well,Poor,176000
Akobo,Self Contained,1,1,37,573,2018,Fully Furnished,Public,Poor,489000
Oluyole,3 Bedroom Flat,3,3,145,200,2012,Semi-Furnished,Borehole,Poor,1527000
Agbowo,Self Contained,1,1,31,404,2003,Unfurnished,Borehole,Stable,334000
Ajibode,Self Contained,1,1,28,827,1998,Semi-Furnished,Borehole,Moderate,350000
Ologuneru,Room,1,1,24,334,2004,Fully Furnished,Well,Stable,197000
Agbowo,Self Contained,1,1,34,849,2014,Unfurnished,Well,Moderate,230000
Agbowo,2 Bedroom Flat,2,2,98,296,2009,Unfurnished,Well,Poor,807000
Akobo,Mini Flat,1,2,53,275,2011,Semi-Furnished,Borehole,Stable,744000
Ajibode,Room,1,1,22,378,1996,Unfurnished,Well,Moderate,195000
Mokola,Self Contained,1,1,38,753,2007,Fully Furnished,Well,Moderate,388000
Bodija,Mini Flat,1,2,51,451,2006,Unfurnished,Borehole,Moderate,769000
Agbowo,Room,1,1,20,612,2003,Semi-Furnished,Borehole,Moderate,215000
Ajibode,Room,1,1,25,563,2015,Semi-Furnished,Well,Stable,190000
Ajibode,2 Bedroom Flat,2,2,84,540,2021,Unfurnished,Borehole,Stable,707000
Ring Road,Self Contained,1,1,28,779,2018,Semi-Furnished,Borehole,Poor,317000
Oluyole,Room,1,1,18,688,1996,Unfurnished,Public,Stable,245000
Agbowo,Mini Flat,1,2,53,344,1998,Semi-Furnished,Public,Poor,522000
Ajibode,Self Contained,1,1,34,500,2001,Unfurnished,Borehole,Stable,306000
Oluyole,Room,1,1,26,863,1992,Semi-Furnished,Well,Moderate,281000
Akobo,2 Bedroom Flat,2,2,70,607,2021,Unfurnished,Borehole,Stable,1056000
Agbowo,Self Contained,1,1,32,278,2022,Fully Furnished,Borehole,Moderate,373000
Agbowo,Mini Flat,1,2,63,291,2004,Unfurnished,Well,Poor,524000
Ajibode,Room,1,1,20,710,1998,Unfurnished,Well,Moderate,206000
Oluyole,Self Contained,1,1,25,676,2006,Unfurnished,Public,Stable,409000
Ologuneru,Self Contained,1,1,30,384,2017,Semi-Furnished,Well,Moderate,368000
Ajibode,Self Contained,1,1,38,684,2002,Unfurnished,Well,Moderate,327000
Akobo,2 Bedroom Flat,2,2,70,837,2010,Unfurnished,Well,Poor,760000
Agbowo,Self Contained,1,1,35,812,1994,Semi-Furnished,Borehole,Stable,443000
Bodija,Self Contained,1,1,33,838,1996,Unfurnished,Well,Moderate,507000
Agbowo,Mini Flat,1,2,58,649,2008,Semi-Furnished,Borehole,Stable,614000
Mokola,Self Contained,1,1,30,518,2021,Semi-Furnished,Borehole,Moderate,218000
Bodija,Room,1,1,19,477,1992,Unfurnished,Borehole,Poor,272000
Bodija,2 Bedroom Flat,2,2,71,546,2016,Unfurnished,Borehole,Stable,1122000
Agbowo,2 Bedroom Flat,2,2,91,392,1997,Unfurnished,Borehole,Stable,725000
Ajibode,Room,1,1,28,485,2008,Unfurnished,Borehole,Moderate,206000
Ajibode,Room,1,1,22,779,2019,Fully Furnished,Borehole,Stable,304000
Oluyole,2 Bedroom Flat,2,2,76,260,1999,Fully Furnished,Well,Poor,1044000
Ajibode,2 Bedroom Flat,2,2,93,272,2019,Semi-Furnished,Public,Moderate,817000
Oluyole,Self Contained,1,1,25,699,1998,Unfurnished,Well,Moderate,420000
Agbowo,Mini Flat,1,2,49,486,2011,Semi-Furnished,Well,Poor,562000
Agbowo,Self Contained,1,1,30,203,2020,Semi-Furnished,Well,Moderate,393000
Bodija,2 Bedroom Flat,2,2,99,538,1999,Unfurnished,Borehole,Moderate,963000
Agbowo,Self Contained,1,1,32,513,1999,Unfurnished,Well,Stable,311000
Ajibode,Self Contained,1,1,25,472,2016,Unfurnished,Borehole,Stable,369000
Agbowo,Self Contained,1,1,37,673,2004,Unfurnished,Public,Poor,418000
Oluyole,3 Bedroom Flat,3,3,121,310,2008,Unfurnished,Borehole,Moderate,1430000
Oluyole,Self Contained,1,1,29,552,2000,Unfurnished,Borehole,Poor,336000
Agbowo,Room,1,1,25,512,2021,Unfurnished,Well,Moderate,181000
Bodija,Room,1,1,25,556,2009,Fully Furnished,Borehole,Moderate,379000
Ajibode,Room,1,1,18,238,2004,Unfurnished,Borehole,Stable,203000
Ajibode,Room,1,1,26,455,1993,Semi-Furnished,Well,Poor,222000
Ajibode,Mini Flat,1,2,53,553,2006,Semi-Furnished,Borehole,Moderate,535000
Ring Road,2 Bedroom Flat,2,2,71,647,1990,Semi-Furnished,Well,Moderate,788000
Ajibode,2 Bedroom Flat,2,2,92,882,2008,Unfurnished,Well,Moderate,589000
Agbowo,Mini Flat,1,2,54,695,1994,Semi-Furnished,Borehole,Moderate,529000
Agbowo,Room,1,1,23,633,2007,Semi-Furnished,Borehole,Poor,266000
Ajibode,Room,1,1,18,778,2006,Fully Furnished,Borehole,Moderate,305000
Akobo,Room,1,1,20,495,1993,Semi-Furnished,Borehole,Moderate,320000
Ajibode,Self Contained,1,1,38,829,2008,Unfurnished,Borehole,Poor,301000
Ajibode,Room,1,1,28,751,2020,Semi-Furnished,Public,Moderate,209000
Akobo,Room,1,1,29,469,1992,Unfurnished,Well,Moderate,253000
Agbowo,Self Contained,1,1,27,896,1992,Unfurnished,Public,Stable,296000
Oluyole,Self Contained,1,1,25,630,2018,Unfurnished,Borehole,Poor,292000
Bodija,Room,1,1,21,944,1997,Unfurnished,Borehole,Stable,282000
Agbowo,Self Contained,1,1,35,604,1994,Semi-Furnished,Well,Poor,350000
Akobo,Mini Flat,1,2,63,448,2020,Semi-Furnished,Borehole,Stable,634000
Ajibode,2 Bedroom Flat,2,2,78,411,2016,Fully Furnished,Well,Moderate,874000
Bodija,Self Contained,1,1,28,485,2022,Semi-Furnished,Borehole,Stable,542000
Agbowo,Mini Flat,1,2,49,447,2007,Semi-Furnished,Borehole,Moderate,624000
Agbowo,Self Contained,1,1,35,778,2013,Unfurnished,Borehole,Stable,392000
Akobo,Mini Flat,1,2,58,544,2015,Unfurnished,Borehole,Moderate,563000
Ring Road,Self Contained,1,1,28,259,2020,Unfurnished,Well,Poor,327000
Ologuneru,2 Bedroom Flat,2,2,83,588,2003,Fully Furnished,Well,Moderate,818000
Akobo,Room,1,1,28,572,2014,Semi-Furnished,Borehole,Moderate,305000
Agbowo,Room,1,1,18,465,2021,Fully Furnished,Borehole,Moderate,224000
Agbowo,2 Bedroom Flat,2,2,71,598,2003,Unfurnished,Well,Stable,765000
Agbowo,Room,1,1,21,542,2016,Unfurnished,Borehole,Stable,170000
Bodija,Self Contained,1,1,34,664,2011,Unfurnished,Borehole,Moderate,430000
Agbowo,Self Contained,1,1,36,653,1996,Semi-Furnished,Borehole,Stable,377000
Ring Road,Mini Flat,1,2,46,615,2022,Fully Furnished,Well,Moderate,680000
Agbowo,Mini Flat,1,2,50,316,2022,Unfurnished,Well,Moderate,450000
Agbowo,Duplex,4,4,193,931,2013,Unfurnished,Borehole,Stable,2055000
Agbowo,Self Contained,1,1,29,269,2015,Semi-Furnished,Borehole,Stable,407000
Mokola,2 Bedroom Flat,2,2,98,526,2020,Unfurnished,Public,Poor,567000
Akobo,Room,1,1,22,353,2016,Unfurnished,Borehole,Poor,246000
Akobo,Room,1,1,21,621,2002,Semi-Furnished,Public,Stable,264000
Agbowo,Self Contained,1,1,26,574,2020,Semi-Furnished,Borehole,Moderate,399000
Mokola,Room,1,1,29,519,2021,Unfurnished,Borehole,Poor,210000
Ajibode,Mini Flat,1,2,57,823,2012,Semi-Furnished,Well,Stable,540000
Ring Road,2 Bedroom Flat,2,2,90,749,2005,Semi-Furnished,Borehole,Moderate,915000
Bodija,Self Contained,1,1,26,491,1997,Semi-Furnished,Borehole,Moderate,530000
Agbowo,Room,1,1,20,694,2007,Unfurnished,Borehole,Moderate,187000
Bodija,Self Contained,1,1,36,831,2016,Unfurnished,Borehole,Moderate,496000
Oluyole,Mini Flat,1,2,53,748,1998,Unfurnished,Well,Stable,628000
Ajibode,Mini Flat,1,2,45,525,2017,Unfurnished,Borehole,Moderate,500000
Ring Road,Self Contained,1,1,38,263,2011,Unfurnished,Borehole,Poor,239000
Bodija,2 Bedroom Flat,2,2,98,608,2000,Unfurnished,Well,Stable,1041000
Agbowo,Self Contained,1,1,30,670,2011,Unfurnished,Well,Stable,339000
Ajibode,Mini Flat,1,2,62,411,2003,Unfurnished,Public,Poor,548000
Agbowo,Room,1,1,24,554,2012,Unfurnished,Well,Stable,166000
Bodija,Self Contained,1,1,33,535,1991,Unfurnished,Well,Poor,456000
Agbowo,3 Bedroom Flat,3,3,121,799,2004,Unfurnished,Well,Moderate,879000
Oluyole,Room,1,1,18,883,1994,Unfurnished,Public,Stable,246000
Agbowo,Room,1,1,20,761,2018,Unfurnished,Well,Stable,188000
Ologuneru,Self Contained,1,1,30,534,2022,Semi-Furnished,Borehole,Poor,354000
Akobo,Self Contained,1,1,34,756,2019,Unfurnished,Borehole,Stable,408000
Challenge,Self Contained,1,1,39,666,2006,Unfurnished,Well,Moderate,213000
Ajibode,Self Contained,1,1,34,536,1990,Unfurnished,Well,Stable,291000
Agbowo,Self Contained,1,1,35,926,2003,Unfurnished,Borehole,Moderate,333000
Agbowo,Mini Flat,1,2,59,417,2006,Semi-Furnished,Well,Stable,614000
Akobo,Mini Flat,1,2,51,658,1998,Unfurnished,Borehole,Poor,595000
Mokola,3 Bedroom Flat,3,3,114,701,2020,Semi-Furnished,Well,Stable,1266000
Ajibode,Room,1,1,18,498,2001,Unfurnished,Borehole,Moderate,235000
Ajibode,Self Contained,1,1,28,650,1991,Semi-Furnished,Borehole,Moderate,245000
Mokola,Room,1,1,28,720,2004,Fully Furnished,Borehole,Moderate,233000
Ajibode,Mini Flat,1,2,56,594,2023,Semi-Furnished,Public,Poor,516000
Oluyole,Room,1,1,25,635,2019,Unfurnished,Public,Moderate,244000
Bodija,Mini Flat,1,2,45,568,2003,Semi-Furnished,Public,Stable,938000
Mokola,Room,1,1,22,693,1993,Unfurnished,Well,Moderate,177000
Ajibode,Self Contained,1,1,28,508,1997,Semi-Furnished,Borehole,Moderate,342000
Ajibode,Self Contained,1,1,27,493,2012,Unfurnished,Well,Stable,306000
Bodija,Mini Flat,1,2,57,553,1996,Semi-Furnished,Well,Moderate,791000
Apata,2 Bedroom Flat,2,2,94,763,2006,Unfurnished,Borehole,Moderate,604000
Agbowo,Room,1,1,22,235,2011,Fully Furnished,Borehole,Moderate,319000
Agbowo,Mini Flat,1,2,58,386,2015,Unfurnished,Well,Poor,576000
Akobo,2 Bedroom Flat,2,2,89,959,1997,Semi-Furnished,Public,Poor,1034000
Apata,2 Bedroom Flat,2,2,95,599,2011,Semi-Furnished,Well,Stable,699000
Mokola,Room,1,1,20,476,2011,Unfurnished,Borehole,Stable,216000
Ologuneru,Self Contained,1,1,36,693,1994,Unfurnished,Borehole,Moderate,273000
Ajibode,Mini Flat,1,2,60,408,1998,Unfurnished,Borehole,Moderate,397000
Ajibode,Room,1,1,21,200,2009,Unfurnished,Borehole,Moderate,181000
Akobo,Room,1,1,27,613,2011,Fully Furnished,Borehole,Moderate,359000
Mokola,Self Contained,1,1,27,418,2023,Semi-Furnished,Borehole,Moderate,362000
Agbowo,Mini Flat,1,2,49,568,2008,Unfurnished,Public,Stable,501000
Agbowo,Self Contained,1,1,38,609,2017,Unfurnished,Borehole,Stable,235000
Challenge,Mini Flat,1,2,51,575,1996,Unfurnished,Borehole,Stable,460000
Ajibode,Room,1,1,22,242,1992,Unfurnished,Borehole,Stable,172000
Agbowo,Mini Flat,1,2,63,554,2021,Unfurnished,Well,Stable,540000
Bodija,Self Contained,1,1,39,630,2020,Unfurnished,Borehole,Poor,463000
Akobo,2 Bedroom Flat,2,2,92,297,2014,Unfurnished,Borehole,Stable,901000
Oluyole,Self Contained,1,1,26,276,2022,Unfurnished,Well,Poor,423000
Agbowo,Mini Flat,1,2,49,357,1994,Semi-Furnished,Borehole,Stable,548000
Akobo,2 Bedroom Flat,2,2,87,684,2018,Unfurnished,Well,Moderate,995000
Akobo,Mini Flat,1,2,52,200,2020,Unfurnished,Borehole,Moderate,687000
Bodija,Room,1,1,20,699,2015,Unfurnished,Borehole,Stable,284000
Akobo,Room,1,1,28,620,2010,Fully Furnished,Borehole,Stable,316000
Agbowo,Self Contained,1,1,35,503,2023,Unfurnished,Borehole,Poor,330000
Ajibode,Mini Flat,1,2,55,283,1990,Unfurnished,Well,Stable,459000
Ajibode,Self Contained,1,1,26,406,1993,Unfurnished,Public,Stable,375000
Agbowo,Mini Flat,1,2,46,690,2011,Fully Furnished,Well,Moderate,632000
Bodija,Self Contained,1,1,32,776,2005,Fully Furnished,Borehole,Poor,613000
Mokola,Mini Flat,1,2,45,364,2021,Unfurnished,Borehole,Moderate,371000
Oluyole,Mini Flat,1,2,60,755,2023,Unfurnished,Borehole,Poor,617000
Challenge,Self Contained,1,1,37,673,2010,Semi-Furnished,Well,Poor,337000
Agbowo,Room,1,1,23,548,2016,Semi-Furnished,Borehole,Poor,223000
Agbowo,2 Bedroom Flat,2,2,97,417,1992,Unfurnished,Borehole,Moderate,774000
Agbowo,Mini Flat,1,2,62,445,2023,Unfurnished,Well,Poor,568000
Ajibode,Room,1,1,28,878,1996,Semi-Furnished,Borehole,Stable,291000
Ajibode,Self Contained,1,1,37,582,2018,Unfurnished,Well,Moderate,301000
Akobo,Room,1,1,22,789,1992,Semi-Furnished,Well,Moderate,315000
Ologuneru,Room,1,1,22,593,1991,Fully Furnished,Borehole,Stable,234000
Ajibode,Mini Flat,1,2,57,468,2001,Unfurnished,Public,Stable,571000
Ajibode,Self Contained,1,1,39,655,2004,Unfurnished,Well,Stable,277000
Challenge,Mini Flat,1,2,55,938,2005,Semi-Furnished,Borehole,Stable,481000
Agbowo,Self Contained,1,1,26,434,1992,Unfurnished,Borehole,Stable,296000
Mokola,Self Contained,1,1,29,714,2016,Unfurnished,Borehole,Moderate,191000
Oluyole,3 Bedroom Flat,3,3,116,584,2012,Fully Furnished,Borehole,Stable,1730000
Apata,Self Contained,1,1,37,289,2022,Unfurnished,Well,Moderate,264000
Agbowo,Self Contained,1,1,25,285,2016,Unfurnished,Borehole,Stable,302000
Oluyole,Self Contained,1,1,33,468,2013,Semi-Furnished,Well,Poor,489000
Bodija,Mini Flat,1,2,51,612,2016,Semi-Furnished,Well,Poor,848000
Akobo,Room,1,1,24,708,2020,Unfurnished,Borehole,Stable,248000
Bodija,Room,1,1,28,267,2004,Semi-Furnished,Borehole,Moderate,340000
Ajibode,Room,1,1,21,667,2013,Unfurnished,Borehole,Poor,231000
Bodija,2 Bedroom Flat,2,2,80,528,2006,Unfurnished,Well,Moderate,982000
Bodija,Self Contained,1,1,31,550,2023,Semi-Furnished,Borehole,Moderate,454000
Mokola,Self Contained,1,1,31,655,1990,Unfurnished,Well,Stable,275000
Oluyole,Self Contained,1,1,35,864,2009,Unfurnished,Well,Stable,349000
Oluyole,Self Contained,1,1,35,604,1995,Semi-Furnished,Borehole,Moderate,462000
Ajibode,Room,1,1,23,305,1994,Unfurnished,Borehole,Moderate,154000
Oluyole,Room,1,1,25,516,2018,Semi-Furnished,Well,Poor,294000
Bodija,Duplex,4,4,189,703,1995,Unfurnished,Borehole,Stable,2877000
Ring Road,Room,1,1,21,709,2022,Semi-Furnished,Borehole,Stable,201000
Ring Road,Mini Flat,1,2,50,669,2018,Unfurnished,Public,Stable,471000
Ajibode,Mini Flat,1,2,51,458,1999,Unfurnished,Borehole,Stable,471000
Mokola,Room,1,1,29,303,2021,Semi-Furnished,Borehole,Poor,142000
Ajibode,Room,1,1,22,656,2014,Unfurnished,Borehole,Moderate,190000
Agbowo,2 Bedroom Flat,2,2,91,331,2017,Unfurnished,Borehole,Moderate,712000
Bodija,Self Contained,1,1,28,674,2018,Unfurnished,Borehole,Poor,477000
Ajibode,Room,1,1,26,674,2021,Unfurnished,Public,Moderate,214000
Challenge,Room,1,1,24,465,1996,Fully Furnished,Public,Stable,226000
Ajibode,Room,1,1,19,529,1999,Unfurnished,Well,Poor,193000
Ajibode,Mini Flat,1,2,56,585,2023,Unfurnished,Borehole,Moderate,483000
Akobo,Room,1,1,28,439,2022,Semi-Furnished,Borehole,Stable,252000
Oluyole,Mini Flat,1,2,63,301,2015,Semi-Furnished,Borehole,Moderate,873000
Ring Road,Room,1,1,24,542,2002,Semi-Furnished,Well,Moderate,186000
Oluyole,Room,1,1,18,561,2019,Unfurnished,Borehole,Moderate,253000
Oluyole,Self Contained,1,1,36,794,2021,Semi-Furnished,Public,Moderate,406000
Agbowo,Mini Flat,1,2,63,409,2022,Unfurnished,Public,Poor,554000
Ajibode,Mini Flat,1,2,45,742,1995,Unfurnished,Well,Moderate,560000
Ajibode,Room,1,1,27,343,1991,Unfurnished,Borehole,Moderate,242000
Bodija,Room,1,1,23,307,1996,Unfurnished,Borehole,Poor,307000
Oluyole,Room,1,1,21,495,2019,Unfurnished,Well,Stable,246000
Agbowo,Room,1,1,27,380,2015,Unfurnished,Borehole,Stable,188000
Oluyole,Self Contained,1,1,32,305,2014,Unfurnished,Borehole,Moderate,343000
Bodija,Room,1,1,21,899,2022,Fully Furnished,Borehole,Moderate,371000
Ajibode,2 Bedroom Flat,2,2,94,468,1995,Fully Furnished,Borehole,Poor,642000
Ajibode,3 Bedroom Flat,3,3,118,966,1997,Fully Furnished,Well,Moderate,1606000
Mokola,Self Contained,1,1,29,370,1998,Semi-Furnished,Borehole,Moderate,334000
Oluyole,Duplex,4,4,253,242,2000,Unfurnished,Borehole,Moderate,2517000
Ring Road,Self Contained,1,1,32,782,2013,Semi-Furnished,Well,Moderate,358000
Ajibode,Room,1,1,21,419,1995,Unfurnished,Borehole,Moderate,163000
Ologuneru,2 Bedroom Flat,2,2,79,574,2005,Unfurnished,Borehole,Poor,586000
Ajibode,Room,1,1,22,305,2006,Semi-Furnished,Well,Moderate,236000
Ajibode,Mini Flat,1,2,62,543,2013,Unfurnished,Borehole,Stable,466000
Ologuneru,Mini Flat,1,2,49,303,1996,Unfurnished,Borehole,Moderate,437000
Agbowo,Mini Flat,1,2,51,536,2016,Unfurnished,Public,Stable,564000
Oluyole,Mini Flat,1,2,45,464,1999,Unfurnished,Borehole,Stable,523000
Ajibode,Self Contained,1,1,29,591,1998,Unfurnished,Well,Stable,358000
Akobo,Mini Flat,1,2,50,662,1999,Unfurnished,Public,Moderate,574000
Ring Road,Room,1,1,20,593,2019,Unfurnished,Borehole,Stable,209000
Agbowo,Room,1,1,29,631,1998,Semi-Furnished,Public,Moderate,272000
Oluyole,Self Contained,1,1,32,530,2015,Unfurnished,Borehole,Poor,362000
Ajibode,3 Bedroom Flat,3,3,115,471,2023,Unfurnished,Well,Moderate,985000
Akobo,Room,1,1,24,634,2016,Unfurnished,Well,Moderate,312000
Agbowo,Room,1,1,25,529,2009,Unfurnished,Public,Moderate,201000
Ajibode,3 Bedroom Flat,3,3,158,536,2013,Unfurnished,Well,Moderate,891000
Agbowo,Room,1,1,19,621,2016,Unfurnished,Borehole,Stable,218000
Ajibode,Self Contained,1,1,33,364,2008,Fully Furnished,Borehole,Stable,514000
Ring Road,Room,1,1,21,807,2007,Unfurnished,Public,Poor,162000
Agbowo,Room,1,1,26,505,2001,Unfurnished,Well,Poor,219000
Agbowo,2 Bedroom Flat,2,2,81,572,2007,Unfurnished,Borehole,Stable,664000
Bodija,Room,1,1,21,541,1997,Unfurnished,Borehole,Poor,305000
Agbowo,2 Bedroom Flat,2,2,96,667,2005,Semi-Furnished,Borehole,Stable,822000
Challenge,Mini Flat,1,2,61,611,2002,Semi-Furnished,Well,Stable,466000
Ologuneru,Self Contained,1,1,25,541,2015,Unfurnished,Borehole,Stable,220000
Agbowo,Room,1,1,21,810,2015,Unfurnished,Borehole,Stable,191000
Mokola,Room,1,1,24,200,2010,Fully Furnished,Public,Moderate,235000
Akobo,Self Contained,1,1,39,773,2010,Fully Furnished,Well,Stable,420000
Ajibode,Self Contained,1,1,39,715,1997,Fully Furnished,Well,Stable,334000
Oluyole,Self Contained,1,1,25,219,2022,Unfurnished,Borehole,Moderate,389000
Bodija,Self Contained,1,1,27,717,1995,Unfurnished,Borehole,Moderate,418000
Akobo,Room,1,1,22,740,1991,Semi-Furnished,Borehole,Moderate,266000
Ring Road,Room,1,1,19,651,1997,Unfurnished,Public,Moderate,179000
Bodija,Self Contained,1,1,25,269,1995,Unfurnished,Borehole,Moderate,447000
Ring Road,2 Bedroom Flat,2,2,87,672,1995,Semi-Furnished,Well,Moderate,871000
Challenge,Room,1,1,25,731,2011,Semi-Furnished,Well,Stable,171000
Bodija,3 Bedroom Flat,3,3,159,447,2014,Semi-Furnished,Borehole,Stable,1494000
Akobo,2 Bedroom Flat,2,2,84,629,2020,Unfurnished,Well,Stable,810000
Agbowo,Mini Flat,1,2,48,486,1994,Fully Furnished,Well,Moderate,815000
Ologuneru,Self Contained,1,1,27,709,2011,Semi-Furnished,Well,Poor,252000
Oluyole,Self Contained,1,1,35,493,2014,Semi-Furnished,Well,Moderate,448000
Ajibode,Self Contained,1,1,38,445,2007,Unfurnished,Well,Poor,355000
Agbowo,Room,1,1,25,542,1998,Unfurnished,Well,Moderate,168000
Akobo,Self Contained,1,1,39,308,2014,Semi-Furnished,Well,Stable,420000
Ajibode,Room,1,1,24,525,2018,Semi-Furnished,Borehole,Moderate,275000
Ajibode,Room,1,1,20,615,2022,Unfurnished,Borehole,Moderate,217000
Bodija,Room,1,1,23,706,1997,Unfurnished,Well,Poor,262000
Agbowo,Room,1,1,24,594,2002,Unfurnished,Borehole,Moderate,232000
Agbowo,2 Bedroom Flat,2,2,90,292,1997,Semi-Furnished,Well,Stable,850000
Agbowo,Mini Flat,1,2,48,793,2016,Unfurnished,Borehole,Moderate,505000
Ajibode,3 Bedroom Flat,3,3,130,808,1992,Semi-Furnished,Borehole,Stable,1155000
Oluyole,Room,1,1,28,570,2022,Unfurnished,Public,Moderate,290000
Bodija,Mini Flat,1,2,61,414,2020,Semi-Furnished,Borehole,Moderate,769000
Ajibode,Self Contained,1,1,35,454,2017,Unfurnished,Well,Poor,269000
Agbowo,Self Contained,1,1,25,513,2010,Semi-Furnished,Borehole,Poor,429000
Akobo,Duplex,4,4,194,600,2018,Semi-Furnished,Well,Poor,2891000
Ajibode,Self Contained,1,1,33,495,2018,Unfurnished,Well,Poor,256000
Ajibode,2 Bedroom Flat,2,2,73,395,1998,Semi-Furnished,Borehole,Stable,818000
Ajibode,Room,1,1,29,734,2011,Semi-Furnished,Borehole,Poor,218000
Mokola,Mini Flat,1,2,50,596,1997,Unfurnished,Borehole,Poor,527000
Challenge,Self Contained,1,1,36,360,2006,Unfurnished,Borehole,Poor,318000
Challenge,Mini Flat,1,2,60,602,2012,Unfurnished,Borehole,Moderate,470000
Oluyole,Self Contained,1,1,27,579,2019,Fully Furnished,Public,Poor,533000
Oluyole,2 Bedroom Flat,2,2,95,420,2004,Unfurnished,Well,Poor,878000
Bodija,Room,1,1,20,765,2003,Semi-Furnished,Borehole,Stable,279000
Akobo,2 Bedroom Flat,2,2,73,574,2014,Fully Furnished,Borehole,Stable,1237000
Ajibode,Self Contained,1,1,25,511,2005,Fully Furnished,Borehole,Moderate,360000
Akobo,Mini Flat,1,2,47,534,2007,Unfurnished,Borehole,Poor,693000
Challenge,Room,1,1,21,629,2021,Unfurnished,Borehole,Poor,171000
Bodija,Mini Flat,1,2,57,537,2004,Fully Furnished,Public,Moderate,994000
Agbowo,Self Contained,1,1,28,535,2022,Semi-Furnished,Well,Stable,367000
Agbowo,Room,1,1,25,741,2002,Fully Furnished,Borehole,Moderate,271000
Akobo,Self Contained,1,1,33,294,1996,Unfurnished,Borehole,Stable,435000
Oluyole,2 Bedroom Flat,2,2,83,324,2008,Unfurnished,Borehole,Poor,955000
Ring Road,Mini Flat,1,2,46,689,2010,Semi-Furnished,Borehole,Stable,617000
Agbowo,Self Contained,1,1,39,984,1998,Unfurnished,Well,Moderate,256000
Challenge,2 Bedroom Flat,2,2,86,707,1993,Unfurnished,Well,Moderate,762000
Akobo,Room,1,1,22,885,2020,Fully Furnished,Borehole,Poor,331000
Ring Road,Room,1,1,20,471,1996,Unfurnished,Borehole,Moderate,187000
Bodija,Room,1,1,19,435,2002,Fully Furnished,Well,Moderate,357000
Bodija,2 Bedroom Flat,2,2,79,632,1997,Fully Furnished,Well,Moderate,1599000
Akobo,Room,1,1,24,721,2015,Fully Furnished,Well,Stable,340000
Challenge,Self Contained,1,1,33,313,2016,Semi-Furnished,Well,Stable,287000
Ologuneru,Self Contained,1,1,35,511,2015,Unfurnished,Borehole,Moderate,221000
Ajibode,Self Contained,1,1,28,545,2003,Unfurnished,Well,Moderate,317000
Ajibode,Room,1,1,23,427,2009,Fully Furnished,Borehole,Stable,256000
Apata,Room,1,1,20,448,2017,Unfurnished,Well,Poor,183000
Bodija,Self Contained,1,1,29,701,1997,Unfurnished,Borehole,Poor,428000
Akobo,Self Contained,1,1,26,634,1994,Fully Furnished,Borehole,Poor,669000
Bodija,2 Bedroom Flat,2,2,94,693,2002,Fully Furnished,Borehole,Moderate,1433000
Ajibode,Room,1,1,29,610,1991,Unfurnished,Borehole,Poor,176000
Challenge,Self Contained,1,1,29,392,2003,Unfurnished,Borehole,Poor,257000
Challenge,3 Bedroom Flat,3,3,157,626,1992,Fully Furnished,Public,Poor,1200000
Agbowo,Self Contained,1,1,31,378,2005,Semi-Furnished,Well,Moderate,363000
Agbowo,Mini Flat,1,2,64,493,1998,Semi-Furnished,Well,Stable,541000
Mokola,2 Bedroom Flat,2,2,89,363,1991,Unfurnished,Borehole,Poor,600000
Ajibode,Room,1,1,21,440,2000,Unfurnished,Borehole,Stable,202000
Ring Road,Room,1,1,25,566,2013,Unfurnished,Well,Stable,142000
Agbowo,3 Bedroom Flat,3,3,132,467,2018,Fully Furnished,Borehole,Poor,1092000
Akobo,Self Contained,1,1,37,391,2003,Semi-Furnished,Borehole,Stable,433000
Apata,Room,1,1,28,754,2011,Fully Furnished,Well,Moderate,225000
Oluyole,Room,1,1,25,528,2023,Semi-Furnished,Public,Moderate,321000
Agbowo,Room,1,1,24,454,2022,Unfurnished,Well,Poor,178000
Oluyole,3 Bedroom Flat,3,3,146,355,2007,Unfurnished,Public,Moderate,1207000
Agbowo,Room,1,1,19,213,2011,Unfurnished,Well,Moderate,230000
Agbowo,2 Bedroom Flat,2,2,95,510,2014,Unfurnished,Borehole,Stable,755000
Ologuneru,Mini Flat,1,2,57,301,1994,Unfurnished,Well,Stable,440000
Challenge,3 Bedroom Flat,3,3,153,678,2021,Unfurnished,Borehole,Moderate,887000
Akobo,Mini Flat,1,2,47,555,1998,Unfurnished,Borehole,Moderate,668000
Agbowo,Self Contained,1,1,37,830,2003,Unfurnished,Borehole,Moderate,338000
Ajibode,Room,1,1,22,590,2021,Unfurnished,Borehole,Moderate,207000
Ajibode,3 Bedroom Flat,3,3,132,419,1998,Unfurnished,Public,Moderate,1053000
Bodija,Room,1,1,24,211,2012,Fully Furnished,Borehole,Moderate,307000
Challenge,Mini Flat,1,2,59,695,1998,Unfurnished,Well,Moderate,449000
Bodija,2 Bedroom Flat,2,2,98,316,2010,Unfurnished,Borehole,Moderate,1060000
Mokola,Duplex,4,4,211,476,2021,Unfurnished,Borehole,Moderate,1612000
Ajibode,Self Contained,1,1,38,851,1999,Unfurnished,Borehole,Poor,270000
Agbowo,Room,1,1,28,659,2018,Unfurnished,Well,Moderate,265000
Agbowo,Room,1,1,19,620,2023,Unfurnished,Borehole,Moderate,211000
Bodija,Self Contained,1,1,31,719,2011,Unfurnished,Well,Moderate,403000
Ajibode,Room,1,1,28,713,1994,Unfurnished,Public,Stable,213000
Apata,Mini Flat,1,2,59,834,2000,Unfurnished,Borehole,Moderate,389000
Agbowo,Mini Flat,1,2,45,441,2017,Semi-Furnished,Borehole,Poor,626000
Apata,Self Contained,1,1,33,482,2013,Unfurnished,Well,Stable,255000
Agbowo,Mini Flat,1,2,52,383,2023,Unfurnished,Public,Poor,624000
Ologuneru,Room,1,1,24,544,1999,Unfurnished,Borehole,Moderate,168000
Bodija,Self Contained,1,1,28,526,2015,Fully Furnished,Public,Stable,518000
Apata,Self Contained,1,1,34,234,1996,Unfurnished,Borehole,Moderate,245000
Ajibode,Room,1,1,20,432,1996,Semi-Furnished,Borehole,Stable,230000
Challenge,2 Bedroom Flat,2,2,86,809,2004,Semi-Furnished,Borehole,Moderate,792000
Ring Road,Mini Flat,1,2,64,593,1992,Unfurnished,Well,Moderate,524000
Ajibode,Room,1,1,25,678,2015,Unfurnished,Well,Poor,178000
Ajibode,Room,1,1,28,528,1996,Unfurnished,Well,Stable,205000
Agbowo,2 Bedroom Flat,2,2,70,210,1991,Semi-Furnished,Public,Moderate,924000
Apata,Mini Flat,1,2,53,526,1999,Semi-Furnished,Well,Poor,442000
Bodija,Room,1,1,27,737,2019,Unfurnished,Borehole,Moderate,295000
Bodija,Self Contained,1,1,27,336,1992,Semi-Furnished,Borehole,Moderate,592000
Ajibode,Room,1,1,29,684,2018,Unfurnished,Borehole,Moderate,196000
Ajibode,Room,1,1,24,243,2014,Unfurnished,Well,Poor,218000
Mokola,Mini Flat,1,2,64,553,1993,Unfurnished,Well,Stable,465000
Ajibode,Self Contained,1,1,30,648,1994,Semi-Furnished,Borehole,Poor,321000
Akobo,3 Bedroom Flat,3,3,153,493,1995,Unfurnished,Well,Stable,1595000
Ring Road,Room,1,1,20,995,2008,Unfurnished,Well,Poor,180000
Ajibode,2 Bedroom Flat,2,2,77,461,2007,Unfurnished,Public,Moderate,689000
Oluyole,Room,1,1,26,445,2001,Semi-Furnished,Borehole,Poor,192000
Ajibode,Mini Flat,1,2,57,586,2013,Unfurnished,Public,Poor,514000
Akobo,Mini Flat,1,2,63,414,2019,Unfurnished,Well,Moderate,604000
Ajibode,Mini Flat,1,2,62,290,2003,Unfurnished,Borehole,Moderate,448000
Oluyole,Room,1,1,23,352,1991,Unfurnished,Borehole,Poor,212000
Agbowo,3 Bedroom Flat,3,3,152,686,2023,Unfurnished,Well,Stable,1389000
Bodija,Room,1,1,25,495,2009,Fully Furnished,Well,Stable,449000
Akobo,Self Contained,1,1,32,856,2012,Unfurnished,Well,Moderate,368000
Ajibode,2 Bedroom Flat,2,2,92,470,2023,Unfurnished,Borehole,Poor,839000
Challenge,Self Contained,1,1,27,677,2010,Fully Furnished,Well,Moderate,301000
Agbowo,Self Contained,1,1,30,641,1997,Unfurnished,Public,Stable,409000
Oluyole,Self Contained,1,1,37,467,2019,Semi-Furnished,Well,Moderate,475000
Ajibode,2 Bedroom Flat,2,2,77,391,2009,Unfurnished,Well,Poor,875000
Oluyole,Room,1,1,27,238,2009,Unfurnished,Well,Poor,248000
Ajibode,Self Contained,1,1,32,649,2012,Unfurnished,Well,Moderate,279000
Agbowo,Room,1,1,28,765,2009,Semi-Furnished,Borehole,Stable,244000
Agbowo,Self Contained,1,1,30,263,2012,Unfurnished,Public,Moderate,341000
Challenge,Room,1,1,26,483,1993,Unfurnished,Borehole,Poor,166000
Agbowo,3 Bedroom Flat,3,3,120,429,1999,Semi-Furnished,Well,Stable,1210000
Ring Road,Room,1,1,19,649,1994,Unfurnished,Well,Moderate,215000
Ring Road,Room,1,1,25,490,2021,Unfurnished,Well,Moderate,178000
Ajibode,Room,1,1,21,788,2007,Semi-Furnished,Public,Moderate,252000
Akobo,Room,1,1,22,480,2014,Unfurnished,Public,Moderate,237000
Ajibode,2 Bedroom Flat,2,2,84,327,2006,Semi-Furnished,Borehole,Moderate,698000
Agbowo,Self Contained,1,1,33,465,1994,Unfurnished,Borehole,Poor,296000
Oluyole,Room,1,1,24,485,2010,Semi-Furnished,Borehole,Poor,279000
Akobo,Self Contained,1,1,38,644,2008,Semi-Furnished,Well,Poor,283000
Akobo,Mini Flat,1,2,62,482,2012,Unfurnished,Public,Stable,551000
Agbowo,Room,1,1,22,629,1994,Semi-Furnished,Well,Poor,241000
Agbowo,Mini Flat,1,2,62,407,2022,Unfurnished,Well,Moderate,485000
Ajibode,Room,1,1,27,496,1993,Semi-Furnished,Public,Moderate,248000
Oluyole,Self Contained,1,1,27,408,2022,Semi-Furnished,Borehole,Stable,449000
Bodija,3 Bedroom Flat,3,3,113,397,2015,Unfurnished,Borehole,Stable,1567000
Oluyole,3 Bedroom Flat,3,3,150,779,2011,Unfurnished,Borehole,Stable,1234000
Agbowo,3 Bedroom Flat,3,3,156,421,2000,Semi-Furnished,Well,Poor,1455000
Agbowo,Room,1,1,27,487,2015,Fully Furnished,Borehole,Poor,201000
Agbowo,Mini Flat,1,2,48,738,2002,Unfurnished,Well,Stable,540000
Ajibode,Mini Flat,1,2,49,685,2003,Semi-Furnished,Public,Poor,505000
Agbowo,2 Bedroom Flat,2,2,75,845,1996,Fully Furnished,Borehole,Poor,999000
Challenge,Mini Flat,1,2,47,636,2005,Semi-Furnished,Public,Stable,549000
Ring Road,2 Bedroom Flat,2,2,81,441,2009,Fully Furnished,Well,Poor,1021000
Bodija,3 Bedroom Flat,3,3,114,920,2016,Fully Furnished,Well,Moderate,1856000
Bodija,Room,1,1,25,654,2023,Semi-Furnished,Well,Moderate,328000
Ajibode,Room,1,1,19,522,2011,Unfurnished,Borehole,Stable,185000
Ring Road,Self Contained,1,1,39,560,1992,Unfurnished,Borehole,Moderate,269000
Ajibode,2 Bedroom Flat,2,2,93,582,2016,Unfurnished,Borehole,Stable,631000
Apata,Mini Flat,1,2,48,507,1996,Semi-Furnished,Borehole,Stable,470000
Bodija,Mini Flat,1,2,55,302,2012,Unfurnished,Well,Moderate,679000
Agbowo,Self Contained,1,1,29,842,1991,Unfurnished,Well,Poor,289000
Apata,Room,1,1,21,546,2013,Unfurnished,Borehole,Moderate,173000
Ajibode,Mini Flat,1,2,54,583,1991,Unfurnished,Borehole,Stable,479000
Akobo,Mini Flat,1,2,64,924,2006,Semi-Furnished,Borehole,Stable,810000
Bodija,3 Bedroom Flat,3,3,152,427,2000,Semi-Furnished,Borehole,Stable,1463000
Ajibode,Room,1,1,26,667,1996,Unfurnished,Well,Poor,118000
Agbowo,Mini Flat,1,2,50,407,1991,Fully Furnished,Borehole,Moderate,662000
Akobo,Mini Flat,1,2,58,607,2004,Semi-Furnished,Borehole,Stable,653000
Oluyole,Mini Flat,1,2,52,586,2020,Unfurnished,Borehole,Moderate,794000
Ajibode,Self Contained,1,1,31,692,1995,Semi-Furnished,Well,Poor,360000
Apata,Mini Flat,1,2,56,767,2018,Semi-Furnished,Well,Moderate,471000
Ajibode,Mini Flat,1,2,49,445,1993,Semi-Furnished,Borehole,Moderate,721000
Agbowo,Room,1,1,23,805,2001,Semi-Furnished,Borehole,Moderate,250000
Agbowo,Mini Flat,1,2,47,817,2016,Unfurnished,Well,Poor,524000
Ajibode,Room,1,1,24,505,2014,Semi-Furnished,Well,Stable,170000
Ajibode,2 Bedroom Flat,2,2,82,548,2001,Fully Furnished,Well,Moderate,1065000
Ologuneru,Room,1,1,20,461,2006,Fully Furnished,Borehole,Moderate,189000
Agbowo,Self Contained,1,1,35,495,2001,Unfurnished,Public,Moderate,338000
Ajibode,Room,1,1,29,333,2020,Semi-Furnished,Well,Stable,208000
Ajibode,Room,1,1,26,689,1998,Semi-Furnished,Borehole,Moderate,256000
Oluyole,Room,1,1,20,200,2008,Semi-Furnished,Borehole,Stable,312000
Mokola,Self Contained,1,1,39,424,2018,Unfurnished,Well,Stable,315000
Agbowo,Self Contained,1,1,26,541,2014,Semi-Furnished,Borehole,Poor,355000
Ajibode,Room,1,1,18,783,2004,Semi-Furnished,Borehole,Poor,203000
Agbowo,Duplex,4,4,200,451,1998,Semi-Furnished,Borehole,Moderate,2742000
Ajibode,Room,1,1,22,627,2002,Fully Furnished,Borehole,Stable,284000
Ajibode,Self Contained,1,1,27,535,1992,Fully Furnished,Public,Poor,408000
Agbowo,Self Contained,1,1,37,720,1999,Unfurnished,Well,Poor,366000
Agbowo,Room,1,1,18,617,2007,Unfurnished,Borehole,Stable,216000
Bodija,Self Contained,1,1,34,699,1999,Unfurnished,Well,Moderate,480000
Agbowo,Self Contained,1,1,37,450,2017,Unfurnished,Borehole,Moderate,282000
Apata,Room,1,1,27,367,1992,Unfurnished,Well,Moderate,146000
Ring Road,Self Contained,1,1,26,616,2009,Semi-Furnished,Borehole,Moderate,327000
Akobo,2 Bedroom Flat,2,2,92,462,2007,Unfurnished,Borehole,Moderate,1053000
Agbowo,Mini Flat,1,2,58,555,2009,Unfurnished,Public,Moderate,615000
Agbowo,Room,1,1,28,607,1999,Semi-Furnished,Borehole,Moderate,205000
Agbowo,Duplex,4,4,231,773,2023,Unfurnished,Borehole,Poor,1926000
Oluyole,Room,1,1,21,691,2011,Unfurnished,Well,Stable,283000
Bodija,Self Contained,1,1,39,427,2010,Unfurnished,Borehole,Moderate,479000
Mokola,Self Contained,1,1,30,343,2022,Semi-Furnished,Well,Moderate,334000
Apata,2 Bedroom Flat,2,2,73,857,2005,Unfurnished,Borehole,Stable,607000
Agbowo,Mini Flat,1,2,53,265,1990,Semi-Furnished,Borehole,Moderate,590000
Akobo,Self Contained,1,1,35,468,2001,Unfurnished,Borehole,Moderate,485000
Ajibode,3 Bedroom Flat,3,3,136,666,2002,Fully Furnished,Borehole,Stable,1591000
Ajibode,Room,1,1,18,844,1997,Fully Furnished,Borehole,Poor,254000
Agbowo,Self Contained,1,1,36,515,2020,Unfurnished,Borehole,Moderate,316000
Ajibode,Self Contained,1,1,38,554,1994,Fully Furnished,Well,Poor,431000
Ring Road,Room,1,1,18,392,2014,Fully Furnished,Public,Stable,324000
Ajibode,Mini Flat,1,2,45,572,2002,Fully Furnished,Public,Moderate,675000
Bodija,Duplex,4,4,277,342,2021,Semi-Furnished,Borehole,Poor,4077000
Akobo,Room,1,1,19,414,1997,Unfurnished,Well,Stable,252000
Oluyole,2 Bedroom Flat,2,2,82,687,2011,Fully Furnished,Borehole,Moderate,1258000
Agbowo,Self Contained,1,1,35,471,1995,Unfurnished,Borehole,Stable,351000
Mokola,2 Bedroom Flat,2,2,92,715,2000,Unfurnished,Well,Moderate,572000
Akobo,Room,1,1,26,522,1996,Unfurnished,Borehole,Poor,253000
Agbowo,Self Contained,1,1,25,303,2004,Semi-Furnished,Borehole,Stable,371000
Ajibode,Duplex,4,4,206,760,1993,Fully Furnished,Borehole,Moderate,2903000
Bodija,Self Contained,1,1,39,313,2023,Unfurnished,Borehole,Poor,391000
Mokola,Room,1,1,29,441,2011,Unfurnished,Public,Poor,208000
Akobo,2 Bedroom Flat,2,2,77,514,2019,Unfurnished,Borehole,Stable,905000
Mokola,Self Contained,1,1,32,731,2008,Unfurnished,Borehole,Stable,246000
Bodija,3 Bedroom Flat,3,3,156,455,2019,Fully Furnished,Borehole,Poor,2085000
Ajibode,Self Contained,1,1,37,383,2021,Unfurnished,Borehole,Poor,271000
Ajibode,Mini Flat,1,2,58,579,2008,Semi-Furnished,Well,Moderate,580000
Agbowo,Room,1,1,19,511,2014,Unfurnished,Well,Moderate,199000
Oluyole,Mini Flat,1,2,62,465,2012,Unfurnished,Public,Moderate,511000
Challenge,Mini Flat,1,2,49,588,2001,Fully Furnished,Well,Moderate,646000
Agbowo,Room,1,1,24,333,1998,Unfurnished,Well,Stable,242000
Bodija,Room,1,1,28,240,2006,Fully Furnished,Borehole,Moderate,402000
Agbowo,Room,1,1,25,934,2019,Unfurnished,Public,Poor,203000
Agbowo,Mini Flat,1,2,53,568,1993,Fully Furnished,Borehole,Moderate,604000
Agbowo,Self Contained,1,1,34,581,1993,Unfurnished,Well,Stable,298000
Ajibode,3 Bedroom Flat,3,3,143,409,2013,Unfurnished,Borehole,Moderate,1154000
Ajibode,2 Bedroom Flat,2,2,89,711,1992,Unfurnished,Borehole,Moderate,647000
Ajibode,Room,1,1,26,453,1998,Semi-Furnished,Borehole,Stable,232000
Ajibode,Room,1,1,25,200,2000,Unfurnished,Borehole,Stable,177000
Ajibode,Self Contained,1,1,26,447,2021,Unfurnished,Borehole,Stable,253000
Akobo,2 Bedroom Flat,2,2,90,499,2018,Unfurnished,Public,Stable,1170000
Agbowo,Self Contained,1,1,30,519,2023,Semi-Furnished,Well,Moderate,338000
Ologuneru,Self Contained,1,1,30,514,2023,Unfurnished,Borehole,Stable,197000
Ajibode,2 Bedroom Flat,2,2,95,433,2010,Fully Furnished,Borehole,Poor,764000
Agbowo,Self Contained,1,1,32,416,2014,Fully Furnished,Borehole,Stable,413000
Agbowo,Room,1,1,22,496,2010,Fully Furnished,Public,Poor,250000
Ajibode,Room,1,1,27,253,2009,Unfurnished,Borehole,Stable,180000
Mokola,Self Contained,1,1,29,200,2013,Unfurnished,Well,Stable,340000
Ajibode,Room,1,1,28,567,1994,Unfurnished,Public,Moderate,251000
Apata,Self Contained,1,1,39,570,1991,Semi-Furnished,Borehole,Stable,290000
Ring Road,2 Bedroom Flat,2,2,81,708,1998,Unfurnished,Well,Stable,642000
Bodija,Duplex,4,4,224,503,1997,Unfurnished,Borehole,Moderate,2679000
Bodija,Mini Flat,1,2,49,335,2021,Semi-Furnished,Borehole,Moderate,843000
Akobo,Mini Flat,1,2,56,200,1996,Unfurnished,Borehole,Stable,733000
Agbowo,Self Contained,1,1,31,389,2009,Semi-Furnished,Public,Poor,322000
Akobo,Mini Flat,1,2,51,626,2004,Unfurnished,Well,Moderate,671000
Ajibode,2 Bedroom Flat,2,2,97,809,2017,Unfurnished,Borehole,Moderate,984000
Ajibode,Room,1,1,28,559,2020,Fully Furnished,Borehole,Moderate,239000
Bodija,Self Contained,1,1,32,331,2011,Unfurnished,Well,Poor,474000
Bodija,Self Contained,1,1,25,391,2013,Unfurnished,Public,Moderate,477000
Ring Road,2 Bedroom Flat,2,2,77,397,2023,Fully Furnished,Borehole,Poor,842000
Ajibode,Room,1,1,25,476,1998,Unfurnished,Borehole,Moderate,166000
Mokola,Room,1,1,23,751,1991,Semi-Furnished,Borehole,Poor,236000
Ajibode,2 Bedroom Flat,2,2,93,765,2014,Semi-Furnished,Borehole,Moderate,862000
Agbowo,Mini Flat,1,2,52,518,2001,Unfurnished,Borehole,Poor,460000
Agbowo,Room,1,1,21,582,1993,Unfurnished,Borehole,Stable,220000
Agbowo,Self Contained,1,1,31,406,2002,Unfurnished,Well,Stable,391000
Ajibode,Self Contained,1,1,27,242,2018,Unfurnished,Well,Moderate,374000
Bodija,Room,1,1,26,871,2021,Semi-Furnished,Borehole,Moderate,272000
Challenge,2 Bedroom Flat,2,2,71,200,2016,Unfurnished,Well,Moderate,565000
Bodija,Room,1,1,19,219,2019,Unfurnished,Borehole,Poor,257000
Bodija,Room,1,1,21,873,1990,Unfurnished,Borehole,Stable,254000
Mokola,Self Contained,1,1,36,552,2000,Unfurnished,Borehole,Poor,304000
Oluyole,Room,1,1,18,347,2012,Unfurnished,Borehole,Poor,259000
Bodija,Duplex,4,4,276,672,2006,Semi-Furnished,Borehole,Moderate,3179000
Agbowo,3 Bedroom Flat,3,3,138,689,2004,Unfurnished,Borehole,Moderate,983000
Ring Road,Self Contained,1,1,37,310,2016,Unfurnished,Borehole,Stable,306000
Akobo,Room,1,1,25,454,1999,Unfurnished,Borehole,Moderate,293000
Agbowo,Room,1,1,22,707,2005,Semi-Furnished,Borehole,Poor,193000
Agbowo,Mini Flat,1,2,63,402,2017,Semi-Furnished,Public,Moderate,494000
Challenge,3 Bedroom Flat,3,3,118,600,1991,Unfurnished,Public,Poor,954000
Ajibode,Room,1,1,28,806,2004,Unfurnished,Borehole,Stable,201000
Ologuneru,Room,1,1,20,200,2000,Semi-Furnished,Well,Moderate,176000
Ajibode,3 Bedroom Flat,3,3,122,488,2022,Unfurnished,Borehole,Stable,1176000
Challenge,Room,1,1,26,597,2005,Unfurnished,Public,Moderate,157000
Agbowo,2 Bedroom Flat,2,2,94,227,2000,Unfurnished,Borehole,Moderate,819000
Bodija,Mini Flat,1,2,51,454,2009,Unfurnished,Well,Stable,626000
Ring Road,Room,1,1,25,738,2008,Unfurnished,Borehole,Stable,196000
Agbowo,Room,1,1,23,423,2012,Semi-Furnished,Borehole,Poor,203000
Bodija,2 Bedroom Flat,2,2,97,282,1999,Unfurnished,Borehole,Moderate,1024000
Ajibode,Mini Flat,1,2,46,753,1997,Unfurnished,Borehole,Moderate,434000
Ajibode,Duplex,4,4,202,630,1991,Unfurnished,Well,Stable,2149000
Agbowo,Room,1,1,18,537,1996,Unfurnished,Borehole,Stable,210000
Oluyole,Self Contained,1,1,28,532,2015,Unfurnished,Borehole,Poor,304000
Ajibode,Mini Flat,1,2,49,735,2008,Semi-Furnished,Public,Poor,529000
Ajibode,Room,1,1,26,603,1995,Unfurnished,Well,Moderate,204000
Agbowo,2 Bedroom Flat,2,2,87,666,2022,Fully Furnished,Borehole,Moderate,1181000
Akobo,2 Bedroom Flat,2,2,89,425,2000,Semi-Furnished,Borehole,Moderate,902000
Oluyole,Mini Flat,1,2,49,204,2001,Fully Furnished,Borehole,Stable,976000
Ajibode,Room,1,1,29,661,2017,Unfurnished,Well,Moderate,161000
Ajibode,2 Bedroom Flat,2,2,78,748,1998,Unfurnished,Borehole,Moderate,695000
Apata,Self Contained,1,1,28,509,2012,Unfurnished,Well,Stable,297000
Agbowo,Mini Flat,1,2,62,709,1995,Unfurnished,Public,Moderate,511000
Mokola,Self Contained,1,1,37,489,2008,Semi-Furnished,Borehole,Stable,409000
Mokola,Self Contained,1,1,29,533,2009,Unfurnished,Well,Moderate,293000
Challenge,Self Contained,1,1,31,865,2007,Unfurnished,Borehole,Stable,230000
Ajibode,Self Contained,1,1,26,497,2016,Unfurnished,Well,Stable,260000
Mokola,Room,1,1,29,486,2022,Unfurnished,Borehole,Poor,197000
Challenge,Self Contained,1,1,35,213,2018,Unfurnished,Well,Poor,268000
Akobo,Self Contained,1,1,39,674,1998,Unfurnished,Borehole,Moderate,378000
Agbowo,Room,1,1,28,422,2016,Unfurnished,Borehole,Stable,194000
Agbowo,2 Bedroom Flat,2,2,94,576,2000,Unfurnished,Public,Moderate,751000
Ajibode,Room,1,1,21,493,1997,Unfurnished,Well,Poor,190000
Bodija,Room,1,1,23,469,2003,Unfurnished,Borehole,Moderate,257000
Akobo,Self Contained,1,1,34,528,2002,Fully Furnished,Well,Moderate,534000
Agbowo,Room,1,1,29,542,1996,Unfurnished,Well,Stable,223000
Bodija,3 Bedroom Flat,3,3,144,761,2004,Fully Furnished,Borehole,Poor,1917000
Agbowo,Room,1,1,20,823,2007,Unfurnished,Borehole,Moderate,180000
Akobo,Room,1,1,22,667,2020,Unfurnished,Borehole,Stable,242000
Ring Road,Room,1,1,29,778,1993,Fully Furnished,Borehole,Poor,284000
Ajibode,2 Bedroom Flat,2,2,98,703,2002,Semi-Furnished,Well,Moderate,892000
Agbowo,Self Contained,1,1,39,639,2019,Semi-Furnished,Well,Moderate,288000
Ajibode,Self Contained,1,1,37,811,2008,Unfurnished,Public,Moderate,373000
Akobo,Mini Flat,1,2,47,314,1993,Unfurnished,Borehole,Moderate,574000
Oluyole,3 Bedroom Flat,3,3,119,426,1990,Unfurnished,Public,Stable,1507000
Apata,Room,1,1,29,402,2021,Unfurnished,Well,Moderate,175000
Agbowo,Room,1,1,22,495,2001,Unfurnished,Borehole,Poor,199000
Apata,Room,1,1,24,673,2001,Semi-Furnished,Public,Moderate,176000
Ajibode,Mini Flat,1,2,51,349,2009,Semi-Furnished,Borehole,Moderate,594000
Akobo,Mini Flat,1,2,61,640,2000,Semi-Furnished,Public,Poor,732000
Ajibode,2 Bedroom Flat,2,2,74,444,2019,Semi-Furnished,Public,Moderate,739000
Ring Road,Room,1,1,19,487,2020,Unfurnished,Public,Moderate,183000
Bodija,Room,1,1,25,586,2017,Unfurnished,Borehole,Poor,302000
Oluyole,Self Contained,1,1,25,852,2018,Unfurnished,Borehole,Poor,323000
Mokola,Mini Flat,1,2,46,421,2011,Semi-Furnished,Borehole,Moderate,499000
Ajibode,Mini Flat,1,2,48,535,2018,Unfurnished,Well,Moderate,475000
Ajibode,Mini Flat,1,2,47,355,1990,Fully Furnished,Borehole,Stable,694000
Ring Road,Self Contained,1,1,31,420,2010,Unfurnished,Well,Moderate,263000
Agbowo,Room,1,1,28,354,2020,Fully Furnished,Public,Poor,289000
Ajibode,Room,1,1,18,594,2016,Unfurnished,Well,Stable,215000
Bodija,Room,1,1,24,626,1997,Unfurnished,Borehole,Poor,310000
Akobo,3 Bedroom Flat,3,3,150,673,1997,Fully Furnished,Borehole,Stable,1893000
Ajibode,3 Bedroom Flat,3,3,130,414,1995,Semi-Furnished,Borehole,Moderate,1025000
Agbowo,Self Contained,1,1,28,641,2004,Semi-Furnished,Well,Stable,344000
Ajibode,3 Bedroom Flat,3,3,115,570,2010,Unfurnished,Public,Poor,939000
Agbowo,Self Contained,1,1,31,539,1995,Semi-Furnished,Borehole,Stable,431000
Ring Road,Self Contained,1,1,34,326,2018,Unfurnished,Public,Poor,257000
Ologuneru,Mini Flat,1,2,62,577,2014,Semi-Furnished,Borehole,Stable,561000
Akobo,Self Contained,1,1,25,583,2012,Unfurnished,Borehole,Poor,384000
Ajibode,3 Bedroom Flat,3,3,117,568,2016,Unfurnished,Well,Moderate,895000
Ring Road,Self Contained,1,1,34,622,2012,Semi-Furnished,Well,Poor,339000
Bodija,2 Bedroom Flat,2,2,96,675,2008,Unfurnished,Borehole,Moderate,1096000
Ajibode,Mini Flat,1,2,49,352,2017,Semi-Furnished,Public,Stable,571000
Apata,Mini Flat,1,2,47,510,2023,Fully Furnished,Well,Moderate,589000
Challenge,Self Contained,1,1,32,642,1996,Unfurnished,Borehole,Poor,237000
Oluyole,Room,1,1,18,501,2002,Semi-Furnished,Borehole,Stable,236000
Oluyole,Self Contained,1,1,32,722,1993,Unfurnished,Borehole,Poor,378000
Ajibode,Self Contained,1,1,37,566,2000,Unfurnished,Public,Moderate,206000
Ajibode,Self Contained,1,1,27,200,2010,Unfurnished,Borehole,Moderate,315000
Oluyole,Room,1,1,27,701,2010,Semi-Furnished,Well,Moderate,278000
Ajibode,Self Contained,1,1,35,528,2015,Unfurnished,Borehole,Poor,294000
Agbowo,Self Contained,1,1,26,231,2020,Unfurnished,Borehole,Moderate,449000
Challenge,Room,1,1,27,504,1993,Unfurnished,Borehole,Stable,175000
Challenge,Room,1,1,19,321,1992,Semi-Furnished,Borehole,Moderate,190000
Bodija,3 Bedroom Flat,3,3,116,685,2010,Unfurnished,Borehole,Stable,1484000
Challenge,Self Contained,1,1,31,543,2007,Semi-Furnished,Borehole,Poor,324000
Mokola,Room,1,1,24,383,2022,Unfurnished,Borehole,Moderate,170000
Akobo,Self Contained,1,1,33,695,2021,Fully Furnished,Borehole,Moderate,503000
Agbowo,Self Contained,1,1,28,632,2000,Unfurnished,Borehole,Moderate,410000
Agbowo,Self Contained,1,1,36,507,2020,Unfurnished,Borehole,Stable,255000
Agbowo,Room,1,1,24,325,2019,Unfurnished,Borehole,Stable,219000
Ajibode,3 Bedroom Flat,3,3,123,398,2009,Semi-Furnished,Public,Moderate,1163000
Agbowo,Room,1,1,21,395,2015,Semi-Furnished,Well,Stable,246000
Ajibode,2 Bedroom Flat,2,2,91,684,2000,Unfurnished,Borehole,Stable,714000
Bodija,Room,1,1,20,247,1991,Semi-Furnished,Well,Poor,317000
Ring Road,Room,1,1,25,541,2006,Unfurnished,Well,Poor,233000
Ajibode,Room,1,1,26,504,2013,Unfurnished,Public,Stable,158000
Oluyole,3 Bedroom Flat,3,3,118,736,2019,Semi-Furnished,Borehole,Moderate,1313000
Oluyole,Self Contained,1,1,26,591,1995,Unfurnished,Borehole,Moderate,408000
Ajibode,Self Contained,1,1,28,646,2012,Semi-Furnished,Well,Stable,303000
Apata,Self Contained,1,1,36,455,2015,Unfurnished,Borehole,Moderate,226000
Akobo,2 Bedroom Flat,2,2,76,328,2014,Semi-Furnished,Borehole,Moderate,1194000
Agbowo,Room,1,1,20,491,2010,Fully Furnished,Borehole,Moderate,314000
Challenge,Self Contained,1,1,36,689,2012,Semi-Furnished,Well,Poor,340000
Agbowo,2 Bedroom Flat,2,2,94,689,1990,Unfurnished,Borehole,Moderate,642000
Oluyole,Mini Flat,1,2,56,472,1999,Unfurnished,Well,Poor,650000
Ajibode,Room,1,1,26,395,2014,Unfurnished,Borehole,Moderate,218000
Mokola,Mini Flat,1,2,59,359,2011,Semi-Furnished,Public,Moderate,461000
Bodija,2 Bedroom Flat,2,2,73,525,1997,Fully Furnished,Borehole,Moderate,1239000
Akobo,Self Contained,1,1,31,574,2022,Unfurnished,Borehole,Moderate,384000
Agbowo,Self Contained,1,1,35,815,2001,Unfurnished,Well,Stable,394000
Oluyole,Mini Flat,1,2,46,572,2001,Unfurnished,Borehole,Stable,666000
Challenge,Room,1,1,27,660,2001,Semi-Furnished,Borehole,Stable,154000
Bodija,Room,1,1,21,409,2000,Semi-Furnished,Well,Moderate,231000
Akobo,Mini Flat,1,2,58,557,1997,Unfurnished,Borehole,Moderate,698000
Bodija,2 Bedroom Flat,2,2,70,575,1997,Unfurnished,Well,Stable,965000
Ring Road,Self Contained,1,1,37,524,2005,Fully Furnished,Well,Moderate,424000
Bodija,Self Contained,1,1,30,546,2007,Unfurnished,Borehole,Stable,469000
Mokola,Mini Flat,1,2,51,572,2010,Fully Furnished,Borehole,Stable,579000
Challenge,Room,1,1,21,636,1993,Unfurnished,Public,Moderate,169000
Agbowo,Room,1,1,21,760,1996,Unfurnished,Public,Stable,221000
Agbowo,Mini Flat,1,2,63,200,2023,Unfurnished,Borehole,Stable,613000
Agbowo,Room,1,1,18,750,2023,Fully Furnished,Well,Moderate,286000
Mokola,Mini Flat,1,2,62,242,2019,Unfurnished,Public,Moderate,439000
Agbowo,Self Contained,1,1,30,605,2015,Semi-Furnished,Borehole,Poor,389000
Bodija,Self Contained,1,1,34,974,2001,Unfurnished,Borehole,Poor,526000
Challenge,Room,1,1,26,542,2000,Unfurnished,Well,Moderate,181000
Agbowo,Mini Flat,1,2,59,582,2018,Unfurnished,Borehole,Poor,507000
Akobo,2 Bedroom Flat,2,2,82,494,1992,Unfurnished,Public,Moderate,694000
Agbowo,Self Contained,1,1,34,670,2000,Unfurnished,Borehole,Poor,336000
Ajibode,Self Contained,1,1,31,615,1998,Semi-Furnished,Public,Poor,362000
Challenge,Duplex,4,4,271,428,2015,Fully Furnished,Public,Moderate,1930000
Ajibode,Self Contained,1,1,25,529,1997,Unfurnished,Borehole,Moderate,318000
Agbowo,Room,1,1,27,348,2010,Fully Furnished,Borehole,Moderate,278000
Mokola,Self Contained,1,1,36,528,1997,Unfurnished,Well,Stable,326000
Agbowo,Room,1,1,26,474,1995,Unfurnished,Well,Poor,190000
Ologuneru,Room,1,1,20,574,2007,Semi-Furnished,Well,Poor,166000
Ologuneru,Room,1,1,25,422,1995,Unfurnished,Well,Stable,157000
Agbowo,Room,1,1,26,511,2010,Semi-Furnished,Borehole,Poor,189000
Ajibode,Room,1,1,18,551,2012,Unfurnished,Public,Stable,177000
Oluyole,Self Contained,1,1,28,564,2007,Semi-Furnished,Borehole,Stable,490000
Bodija,Self Contained,1,1,39,599,2016,Semi-Furnished,Borehole,Moderate,515000
Ajibode,Mini Flat,1,2,47,518,1992,Fully Furnished,Borehole,Moderate,603000
Oluyole,Room,1,1,26,408,2001,Semi-Furnished,Borehole,Moderate,278000
Ajibode,Room,1,1,19,564,2009,Unfurnished,Borehole,Poor,153000
Ring Road,Room,1,1,25,517,2008,Semi-Furnished,Borehole,Moderate,213000
Ajibode,Room,1,1,22,734,2012,Semi-Furnished,Well,Poor,216000
Ajibode,Mini Flat,1,2,55,757,1994,Fully Furnished,Borehole,Poor,708000
Ajibode,Self Contained,1,1,38,303,2008,Unfurnished,Borehole,Moderate,334000
Ologuneru,Self Contained,1,1,32,661,2001,Semi-Furnished,Borehole,Moderate,289000
Oluyole,2 Bedroom Flat,2,2,90,697,2017,Fully Furnished,Borehole,Poor,1267000
Challenge,Room,1,1,25,307,2023,Semi-Furnished,Borehole,Moderate,186000
Agbowo,Room,1,1,26,654,2005,Semi-Furnished,Borehole,Stable,248000
Agbowo,Self Contained,1,1,37,711,1993,Semi-Furnished,Borehole,Moderate,429000
Agbowo,Room,1,1,28,379,1995,Semi-Furnished,Borehole,Stable,214000
Bodija,Room,1,1,24,507,1996,Fully Furnished,Borehole,Stable,449000
Bodija,3 Bedroom Flat,3,3,144,583,2023,Unfurnished,Borehole,Poor,1435000
Akobo,Room,1,1,28,652,1993,Unfurnished,Borehole,Poor,266000
Agbowo,2 Bedroom Flat,2,2,89,372,2004,Unfurnished,Well,Poor,724000
Apata,Mini Flat,1,2,46,758,2002,Unfurnished,Public,Moderate,443000
Ajibode,Self Contained,1,1,30,200,1998,Semi-Furnished,Well,Moderate,260000
Ologuneru,Room,1,1,25,788,2006,Fully Furnished,Well,Moderate,281000
Ajibode,Room,1,1,25,649,2003,Unfurnished,Well,Stable,161000
Bodija,Self Contained,1,1,32,438,2020,Unfurnished,Well,Poor,473000
Agbowo,3 Bedroom Flat,3,3,117,705,1991,Unfurnished,Borehole,Moderate,1192000
Bodija,Self Contained,1,1,29,361,2008,Semi-Furnished,Borehole,Stable,582000
Akobo,Mini Flat,1,2,48,570,2008,Unfurnished,Well,Stable,621000
Agbowo,Self Contained,1,1,30,592,2002,Unfurnished,Public,Stable,251000
Agbowo,Mini Flat,1,2,46,592,2010,Semi-Furnished,Well,Stable,541000
Oluyole,Room,1,1,27,398,2020,Fully Furnished,Borehole,Moderate,361000
Oluyole,Mini Flat,1,2,60,460,2017,Unfurnished,Borehole,Stable,504000
Mokola,Room,1,1,25,572,1990,Semi-Furnished,Well,Poor,214000
Agbowo,2 Bedroom Flat,2,2,73,419,1999,Fully Furnished,Borehole,Moderate,1051000
Akobo,Room,1,1,21,598,1997,Fully Furnished,Borehole,Stable,278000
Akobo,Room,1,1,20,439,2002,Unfurnished,Borehole,Moderate,224000
Agbowo,2 Bedroom Flat,2,2,92,730,2008,Unfurnished,Borehole,Moderate,608000
Bodija,Room,1,1,26,831,1992,Unfurnished,Public,Poor,281000
Agbowo,Mini Flat,1,2,56,496,1992,Unfurnished,Borehole,Stable,573000
Ajibode,3 Bedroom Flat,3,3,142,715,2016,Unfurnished,Well,Stable,1211000
Ajibode,Mini Flat,1,2,49,511,2007,Semi-Furnished,Borehole,Stable,562000
Ajibode,Self Contained,1,1,28,381,2023,Unfurnished,Borehole,Poor,323000
Oluyole,Self Contained,1,1,27,473,2019,Unfurnished,Well,Moderate,429000
Oluyole,2 Bedroom Flat,2,2,88,565,1997,Semi-Furnished,Borehole,Moderate,979000
Apata,Room,1,1,21,228,2010,Semi-Furnished,Public,Poor,159000
Oluyole,3 Bedroom Flat,3,3,144,662,2008,Unfurnished,Well,Stable,1182000
Ajibode,Mini Flat,1,2,49,565,2019,Semi-Furnished,Public,Moderate,633000
Ring Road,2 Bedroom Flat,2,2,91,730,2016,Unfurnished,Borehole,Moderate,657000
Mokola,Mini Flat,1,2,48,659,2009,Semi-Furnished,Well,Stable,531000
Bodija,Self Contained,1,1,38,571,2003,Fully Furnished,Borehole,Stable,618000
Akobo,Mini Flat,1,2,59,485,2001,Fully Furnished,Well,Stable,732000
Ologuneru,2 Bedroom Flat,2,2,72,824,2012,Semi-Furnished,Borehole,Stable,675000
Bodija,Room,1,1,27,940,2001,Unfurnished,Borehole,Moderate,228000
Ring Road,Self Contained,1,1,35,488,2019,Semi-Furnished,Well,Poor,371000
Ajibode,2 Bedroom Flat,2,2,80,737,2016,Unfurnished,Well,Moderate,662000
Ajibode,Mini Flat,1,2,48,422,2013,Unfurnished,Well,Stable,515000
Bodija,Mini Flat,1,2,47,444,1992,Semi-Furnished,Borehole,Poor,694000
Akobo,2 Bedroom Flat,2,2,91,480,2019,Unfurnished,Well,Poor,1157000
Mokola,Room,1,1,19,673,2022,Semi-Furnished,Borehole,Stable,233000
Ologuneru,Duplex,4,4,205,356,2005,Unfurnished,Borehole,Stable,1929000
Agbowo,Mini Flat,1,2,52,828,2007,Semi-Furnished,Well,Moderate,644000
Ajibode,2 Bedroom Flat,2,2,78,718,2007,Unfurnished,Well,Stable,653000
Challenge,3 Bedroom Flat,3,3,137,669,2003,Semi-Furnished,Well,Moderate,1138000
Akobo,Room,1,1,24,497,2021,Unfurnished,Well,Poor,218000
Ajibode,Self Contained,1,1,35,699,2001,Unfurnished,Public,Moderate,283000
Bodija,Room,1,1,22,200,1991,Unfurnished,Public,Moderate,283000
Challenge,Mini Flat,1,2,64,629,2015,Unfurnished,Borehole,Poor,414000
Challenge,Mini Flat,1,2,61,578,2012,Unfurnished,Borehole,Moderate,349000
Bodija,Room,1,1,20,210,2022,Unfurnished,Borehole,Moderate,283000
Agbowo,Duplex,4,4,187,623,2014,Unfurnished,Public,Stable,1772000
Ologuneru,Room,1,1,22,656,1993,Unfurnished,Borehole,Poor,181000
Oluyole,Mini Flat,1,2,58,216,2010,Semi-Furnished,Borehole,Stable,743000
Agbowo,Room,1,1,21,336,1993,Unfurnished,Public,Moderate,248000
Agbowo,Mini Flat,1,2,59,921,2020,Unfurnished,Borehole,Stable,621000
Oluyole,Room,1,1,18,516,2004,Semi-Furnished,Well,Moderate,246000
Agbowo,Self Contained,1,1,37,725,1993,Semi-Furnished,Well,Stable,360000
Ajibode,Self Contained,1,1,25,752,1993,Unfurnished,Well,Stable,275000
Bodija,Self Contained,1,1,26,620,1992,Semi-Furnished,Borehole,Moderate,415000
Agbowo,Self Contained,1,1,38,733,1994,Semi-Furnished,Borehole,Moderate,349000
Akobo,Self Contained,1,1,31,200,2008,Unfurnished,Borehole,Moderate,426000
Ajibode,Room,1,1,21,508,2021,Unfurnished,Borehole,Moderate,177000
Akobo,3 Bedroom Flat,3,3,154,200,1998,Semi-Furnished,Well,Stable,1699000
Agbowo,Room,1,1,18,235,1992,Unfurnished,Borehole,Moderate,195000
Ajibode,Self Contained,1,1,30,451,2023,Unfurnished,Well,Moderate,308000
Ajibode,Room,1,1,25,430,2014,Unfurnished,Well,Poor,208000
Apata,2 Bedroom Flat,2,2,84,557,1999,Semi-Furnished,Public,Moderate,922000
Mokola,Mini Flat,1,2,58,546,2021,Unfurnished,Public,Poor,475000
Agbowo,Room,1,1,19,574,1994,Semi-Furnished,Borehole,Moderate,253000
Challenge,Self Contained,1,1,35,581,2018,Fully Furnished,Well,Moderate,335000
Akobo,Mini Flat,1,2,49,609,1996,Semi-Furnished,Public,Stable,590000
Ologuneru,Room,1,1,27,377,2004,Unfurnished,Well,Moderate,172000
Agbowo,Room,1,1,24,419,1991,Unfurnished,Borehole,Moderate,183000
Oluyole,Room,1,1,27,543,1999,Semi-Furnished,Borehole,Stable,248000
Ajibode,Self Contained,1,1,31,546,2000,Semi-Furnished,Borehole,Moderate,315000
Agbowo,Self Contained,1,1,32,355,2010,Semi-Furnished,Borehole,Moderate,326000
Ologuneru,2 Bedroom Flat,2,2,73,744,2001,Unfurnished,Borehole,Moderate,562000
Bodija,3 Bedroom Flat,3,3,111,680,1993,Unfurnished,Borehole,Moderate,1855000
Agbowo,3 Bedroom Flat,3,3,158,395,2017,Unfurnished,Borehole,Poor,1198000
Ajibode,Room,1,1,22,512,2018,Semi-Furnished,Borehole,Poor,198000
Oluyole,Self Contained,1,1,29,911,2002,Semi-Furnished,Well,Poor,440000
Akobo,Self Contained,1,1,29,578,2007,Semi-Furnished,Well,Moderate,444000
Agbowo,2 Bedroom Flat,2,2,71,621,2016,Unfurnished,Borehole,Moderate,670000
Apata,3 Bedroom Flat,3,3,121,440,1992,Unfurnished,Borehole,Poor,860000
Ajibode,2 Bedroom Flat,2,2,87,493,2011,Unfurnished,Well,Stable,700000
Agbowo,Mini Flat,1,2,61,822,2006,Unfurnished,Borehole,Poor,574000
Apata,Mini Flat,1,2,63,570,2017,Semi-Furnished,Borehole,Moderate,581000
Agbowo,Self Contained,1,1,37,537,2005,Unfurnished,Borehole,Poor,393000
Agbowo,Room,1,1,20,551,1994,Semi-Furnished,Public,Poor,298000
Bodija,3 Bedroom Flat,3,3,138,1008,2011,Unfurnished,Public,Poor,1545000
Mokola,Room,1,1,26,557,2006,Unfurnished,Borehole,Poor,169000
Ajibode,Self Contained,1,1,25,400,2000,Unfurnished,Well,Stable,286000
Apata,Duplex,4,4,187,432,2011,Semi-Furnished,Well,Moderate,1985000
Challenge,Room,1,1,26,690,1992,Unfurnished,Borehole,Moderate,176000
Ajibode,Self Contained,1,1,36,292,2016,Semi-Furnished,Borehole,Moderate,361000
Oluyole,3 Bedroom Flat,3,3,135,631,2002,Unfurnished,Borehole,Stable,1463000
Agbowo,Self Contained,1,1,26,419,2002,Semi-Furnished,Well,Moderate,298000
Agbowo,Room,1,1,26,215,2019,Semi-Furnished,Well,Moderate,254000
Challenge,Room,1,1,23,373,2007,Unfurnished,Borehole,Moderate,191000
Ologuneru,Room,1,1,26,554,2022,Fully Furnished,Borehole,Moderate,194000
Ajibode,3 Bedroom Flat,3,3,140,801,2006,Semi-Furnished,Borehole,Moderate,1197000
Agbowo,Self Contained,1,1,28,714,1999,Fully Furnished,Well,Poor,419000
Bodija,Room,1,1,21,497,2013,Unfurnished,Public,Poor,298000
Agbowo,Room,1,1,19,724,2018,Semi-Furnished,Well,Moderate,253000
Agbowo,Mini Flat,1,2,57,485,1997,Unfurnished,Borehole,Poor,618000
Ajibode,2 Bedroom Flat,2,2,77,286,2003,Fully Furnished,Borehole,Moderate,805000
Oluyole,3 Bedroom Flat,3,3,156,553,2018,Semi-Furnished,Well,Moderate,1758000
Agbowo,Room,1,1,21,278,1996,Unfurnished,Borehole,Moderate,195000
Ajibode,Self Contained,1,1,31,692,2014,Unfurnished,Borehole,Poor,256000
Mokola,Room,1,1,29,695,2019,Fully Furnished,Borehole,Moderate,222000
Challenge,Room,1,1,22,391,2017,Semi-Furnished,Well,Stable,202000
Bodija,Room,1,1,24,576,1999,Semi-Furnished,Borehole,Moderate,297000
Agbowo,Room,1,1,20,574,2023,Fully Furnished,Borehole,Moderate,266000
Akobo,Duplex,4,4,277,706,2005,Unfurnished,Borehole,Poor,2571000
Agbowo,Self Contained,1,1,39,325,1999,Unfurnished,Borehole,Stable,313000
Agbowo,2 Bedroom Flat,2,2,83,657,2018,Unfurnished,Borehole,Stable,776000
Oluyole,Self Contained,1,1,37,312,2004,Semi-Furnished,Borehole,Moderate,461000
Ajibode,Room,1,1,29,689,2017,Fully Furnished,Borehole,Moderate,268000
Ajibode,Self Contained,1,1,32,741,2013,Unfurnished,Well,Poor,313000
Ajibode,Self Contained,1,1,30,429,2009,Semi-Furnished,Well,Stable,320000
Ajibode,Mini Flat,1,2,45,769,2018,Fully Furnished,Public,Stable,707000
Ajibode,Mini Flat,1,2,53,266,1991,Unfurnished,Well,Moderate,428000
Ologuneru,Mini Flat,1,2,57,747,2021,Fully Furnished,Borehole,Stable,502000
Agbowo,Room,1,1,28,808,2019,Fully Furnished,Borehole,Moderate,292000
Ajibode,Self Contained,1,1,33,612,1998,Unfurnished,Borehole,Stable,383000
Agbowo,Self Contained,1,1,27,514,2008,Unfurnished,Public,Moderate,270000
Apata,Self Contained,1,1,29,606,1995,Semi-Furnished,Well,Poor,218000
Bodija,3 Bedroom Flat,3,3,146,441,1997,Semi-Furnished,Well,Moderate,1705000
Agbowo,Room,1,1,23,1022,2023,Fully Furnished,Borehole,Moderate,352000
Ring Road,Mini Flat,1,2,61,444,1990,Semi-Furnished,Public,Moderate,446000
Agbowo,Self Contained,1,1,32,787,2002,Fully Furnished,Borehole,Moderate,434000
Agbowo,2 Bedroom Flat,2,2,78,416,1995,Unfurnished,Well,Moderate,674000
Ajibode,Room,1,1,25,837,2018,Unfurnished,Public,Poor,180000
Agbowo,Mini Flat,1,2,51,912,1991,Fully Furnished,Borehole,Poor,590000
Agbowo,Self Contained,1,1,26,619,1999,Unfurnished,Borehole,Moderate,410000
Oluyole,3 Bedroom Flat,3,3,137,601,2020,Semi-Furnished,Well,Moderate,1791000
Agbowo,Room,1,1,29,377,1997,Fully Furnished,Borehole,Stable,271000
Akobo,2 Bedroom Flat,2,2,76,356,2017,Unfurnished,Borehole,Stable,750000
Ajibode,Room,1,1,18,603,2020,Semi-Furnished,Borehole,Stable,255000
Ajibode,3 Bedroom Flat,3,3,118,812,2002,Unfurnished,Borehole,Stable,1071000
Agbowo,Self Contained,1,1,38,451,1996,Unfurnished,Borehole,Poor,351000
Apata,Mini Flat,1,2,61,947,1990,Unfurnished,Borehole,Moderate,486000
Agbowo,Room,1,1,22,440,2015,Unfurnished,Borehole,Poor,234000
Oluyole,3 Bedroom Flat,3,3,128,591,2005,Unfurnished,Borehole,Stable,1295000
Agbowo,3 Bedroom Flat,3,3,116,591,2001,Unfurnished,Public,Stable,1144000
Ajibode,Room,1,1,21,531,2005,Unfurnished,Borehole,Poor,211000
Ajibode,2 Bedroom Flat,2,2,85,200,2023,Unfurnished,Borehole,Poor,775000
Agbowo,Self Contained,1,1,31,438,2016,Semi-Furnished,Borehole,Poor,428000
Ajibode,3 Bedroom Flat,3,3,149,585,2014,Fully Furnished,Well,Moderate,1165000
Ajibode,Room,1,1,25,532,2008,Semi-Furnished,Borehole,Moderate,241000
Challenge,2 Bedroom Flat,2,2,80,664,1996,Unfurnished,Borehole,Moderate,552000
Ajibode,Room,1,1,18,686,2001,Fully Furnished,Public,Moderate,274000
Bodija,Self Contained,1,1,27,506,2013,Semi-Furnished,Borehole,Stable,561000
Agbowo,2 Bedroom Flat,2,2,80,376,1994,Semi-Furnished,Well,Stable,1046000
Bodija,Room,1,1,23,828,1990,Semi-Furnished,Well,Moderate,321000
Akobo,Room,1,1,23,306,1996,Unfurnished,Well,Stable,232000
Agbowo,3 Bedroom Flat,3,3,119,442,2015,Semi-Furnished,Borehole,Stable,1261000
Agbowo,Mini Flat,1,2,57,397,2013,Fully Furnished,Well,Poor,818000
Oluyole,Self Contained,1,1,28,684,2006,Unfurnished,Well,Moderate,372000
Ring Road,Room,1,1,21,787,1993,Fully Furnished,Borehole,Stable,296000
Ajibode,Room,1,1,20,518,2005,Fully Furnished,Borehole,Moderate,264000
Ajibode,Room,1,1,22,591,1994,Unfurnished,Well,Poor,217000
Ring Road,Self Contained,1,1,37,627,1994,Unfurnished,Borehole,Stable,270000
Agbowo,2 Bedroom Flat,2,2,78,874,2006,Unfurnished,Borehole,Poor,783000
Bodija,Room,1,1,25,230,2010,Unfurnished,Well,Moderate,305000
Agbowo,Room,1,1,22,683,2019,Semi-Furnished,Borehole,Poor,252000
Ajibode,Self Contained,1,1,34,617,2022,Unfurnished,Well,Stable,263000
Akobo,2 Bedroom Flat,2,2,74,483,2012,Semi-Furnished,Well,Moderate,939000
Bodija,Self Contained,1,1,33,608,2018,Unfurnished,Well,Moderate,442000
Ajibode,2 Bedroom Flat,2,2,86,683,1996,Semi-Furnished,Borehole,Moderate,774000
Bodija,Room,1,1,28,654,1996,Unfurnished,Well,Poor,285000
Challenge,2 Bedroom Flat,2,2,93,938,2004,Fully Furnished,Public,Moderate,697000
Akobo,Self Contained,1,1,26,572,2018,Unfurnished,Borehole,Moderate,471000
Ajibode,Mini Flat,1,2,45,554,1999,Unfurnished,Public,Moderate,420000
Bodija,Self Contained,1,1,26,517,2009,Fully Furnished,Borehole,Poor,636000
Oluyole,Self Contained,1,1,27,649,1998,Unfurnished,Borehole,Poor,351000
Challenge,Room,1,1,24,544,1995,Unfurnished,Well,Stable,206000
Akobo,Room,1,1,22,552,2009,Semi-Furnished,Public,Poor,335000
Ajibode,Room,1,1,28,553,2010,Unfurnished,Borehole,Poor,193000
Oluyole,Room,1,1,22,525,1996,Semi-Furnished,Well,Poor,280000
Oluyole,Mini Flat,1,2,50,440,2023,Semi-Furnished,Borehole,Stable,682000
Ajibode,3 Bedroom Flat,3,3,129,625,1992,Unfurnished,Borehole,Stable,1000000
Agbowo,Room,1,1,26,498,2006,Unfurnished,Public,Poor,193000
Agbowo,Room,1,1,24,660,1991,Semi-Furnished,Borehole,Stable,264000
Oluyole,Mini Flat,1,2,47,569,2001,Unfurnished,Well,Stable,534000
Ajibode,Room,1,1,26,480,2002,Unfurnished,Borehole,Moderate,177000
Akobo,Mini Flat,1,2,57,831,2001,Semi-Furnished,Borehole,Moderate,757000
Ring Road,3 Bedroom Flat,3,3,150,531,2016,Fully Furnished,Borehole,Poor,1422000
Challenge,Self Contained,1,1,31,662,2015,Unfurnished,Borehole,Moderate,288000
Apata,Self Contained,1,1,26,424,1994,Fully Furnished,Borehole,Moderate,287000
Ologuneru,2 Bedroom Flat,2,2,73,200,2021,Fully Furnished,Borehole,Moderate,906000
Ajibode,Mini Flat,1,2,61,447,2005,Unfurnished,Borehole,Moderate,620000
Akobo,3 Bedroom Flat,3,3,112,200,1999,Unfurnished,Well,Moderate,1300000
Agbowo,Self Contained,1,1,33,507,2004,Unfurnished,Borehole,Stable,317000
Mokola,3 Bedroom Flat,3,3,147,814,2000,Semi-Furnished,Borehole,Moderate,946000
Agbowo,Mini Flat,1,2,49,387,1998,Unfurnished,Well,Moderate,533000
Ologuneru,Mini Flat,1,2,55,200,2007,Semi-Furnished,Borehole,Stable,442000
Akobo,Self Contained,1,1,25,820,2022,Unfurnished,Borehole,Moderate,409000
Challenge,Mini Flat,1,2,61,464,1998,Unfurnished,Well,Moderate,476000
Ajibode,Duplex,4,4,292,547,2004,Unfurnished,Borehole,Stable,1437000
Ajibode,Room,1,1,29,691,1990,Semi-Furnished,Borehole,Moderate,183000
Challenge,Mini Flat,1,2,60,644,2017,Unfurnished,Public,Moderate,456000
Ajibode,2 Bedroom Flat,2,2,75,685,2022,Unfurnished,Well,Poor,819000
Mokola,Room,1,1,26,712,1990,Unfurnished,Well,Moderate,184000
Ajibode,2 Bedroom Flat,2,2,78,235,1995,Unfurnished,Borehole,Moderate,712000
Akobo,3 Bedroom Flat,3,3,131,295,2000,Unfurnished,Borehole,Stable,1519000
Agbowo,Mini Flat,1,2,50,760,2016,Unfurnished,Borehole,Stable,583000
Akobo,2 Bedroom Flat,2,2,75,409,1994,Semi-Furnished,Well,Poor,1073000
Oluyole,Room,1,1,27,428,1999,Unfurnished,Well,Stable,203000
Agbowo,Room,1,1,18,322,2017,Unfurnished,Well,Poor,206000
Ajibode,Self Contained,1,1,29,477,2005,Unfurnished,Well,Poor,302000
Ajibode,Self Contained,1,1,37,487,2015,Semi-Furnished,Well,Stable,343000
Akobo,2 Bedroom Flat,2,2,96,381,2017,Unfurnished,Well,Moderate,1082000
Bodija,Mini Flat,1,2,61,360,2003,Unfurnished,Borehole,Stable,668000
Challenge,Room,1,1,21,607,2002,Semi-Furnished,Borehole,Poor,226000
Bodija,Room,1,1,22,404,1990,Unfurnished,Public,Poor,230000
Agbowo,Self Contained,1,1,26,440,2004,Unfurnished,Borehole,Stable,284000
Agbowo,Self Contained,1,1,34,200,2018,Fully Furnished,Borehole,Poor,336000
Ajibode,3 Bedroom Flat,3,3,140,898,2020,Unfurnished,Borehole,Poor,1033000
Agbowo,2 Bedroom Flat,2,2,78,719,2001,Unfurnished,Borehole,Moderate,822000
Ologuneru,Duplex,4,4,297,460,1994,Unfurnished,Public,Moderate,1643000
Ring Road,Mini Flat,1,2,46,388,2021,Unfurnished,Public,Stable,419000
Agbowo,Room,1,1,20,551,1999,Unfurnished,Public,Moderate,217000
Akobo,Room,1,1,18,547,1994,Unfurnished,Well,Moderate,258000
Mokola,Self Contained,1,1,34,320,2016,Fully Furnished,Borehole,Moderate,410000
Bodija,Room,1,1,19,200,2010,Unfurnished,Well,Stable,327000
Ajibode,Self Contained,1,1,28,455,2005,Fully Furnished,Borehole,Moderate,341000
Ajibode,2 Bedroom Flat,2,2,76,268,2018,Unfurnished,Well,Stable,643000
Bodija,3 Bedroom Flat,3,3,136,580,2004,Fully Furnished,Well,Moderate,2341000
Ologuneru,Mini Flat,1,2,50,582,1996,Fully Furnished,Well,Stable,619000
Oluyole,Room,1,1,23,374,2007,Fully Furnished,Well,Moderate,385000
Ajibode,Room,1,1,20,453,2008,Unfurnished,Well,Moderate,196000
Ajibode,Self Contained,1,1,28,867,2006,Unfurnished,Borehole,Poor,354000
Challenge,Room,1,1,26,689,2003,Semi-Furnished,Well,Stable,164000
Mokola,Self Contained,1,1,30,468,1999,Unfurnished,Borehole,Poor,289000
Akobo,Self Contained,1,1,32,962,2014,Unfurnished,Borehole,Poor,373000
Akobo,Room,1,1,26,334,1998,Unfurnished,Borehole,Moderate,221000
Ajibode,Mini Flat,1,2,49,403,2005,Unfurnished,Well,Moderate,529000
Mokola,Self Contained,1,1,31,530,2013,Semi-Furnished,Borehole,Moderate,294000
Challenge,2 Bedroom Flat,2,2,95,274,2010,Unfurnished,Well,Stable,671000
Agbowo,2 Bedroom Flat,2,2,76,872,2023,Fully Furnished,Borehole,Stable,1070000
Oluyole,Self Contained,1,1,32,582,1996,Unfurnished,Public,Poor,372000
Ajibode,Room,1,1,18,407,1996,Unfurnished,Borehole,Stable,216000
Ajibode,Mini Flat,1,2,62,630,2017,Semi-Furnished,Borehole,Poor,595000
Ajibode,Self Contained,1,1,32,576,1999,Unfurnished,Borehole,Poor,301000
Ajibode,Room,1,1,28,495,2021,Fully Furnished,Well,Stable,197000
Agbowo,Self Contained,1,1,36,332,2023,Semi-Furnished,Borehole,Poor,307000
Agbowo,Room,1,1,23,291,2013,Semi-Furnished,Public,Poor,243000
Bodija,Room,1,1,24,943,1991,Unfurnished,Well,Moderate,295000
Bodija,Room,1,1,23,306,1993,Unfurnished,Borehole,Moderate,264000
Agbowo,3 Bedroom Flat,3,3,159,855,1990,Unfurnished,Public,Moderate,1310000
Ajibode,Room,1,1,20,397,2011,Unfurnished,Borehole,Poor,160000
Akobo,Mini Flat,1,2,52,692,2000,Semi-Furnished,Well,Moderate,811000
Agbowo,Self Contained,1,1,25,633,2000,Unfurnished,Borehole,Moderate,336000
Agbowo,Mini Flat,1,2,63,669,2003,Semi-Furnished,Borehole,Stable,536000
Mokola,Mini Flat,1,2,52,681,2016,Unfurnished,Borehole,Moderate,456000
Challenge,Room,1,1,20,259,2022,Semi-Furnished,Public,Moderate,186000
Mokola,Room,1,1,27,428,2017,Unfurnished,Borehole,Poor,181000
Bodija,2 Bedroom Flat,2,2,75,303,2012,Unfurnished,Well,Moderate,1209000
Ajibode,Room,1,1,29,584,1998,Semi-Furnished,Borehole,Poor,214000
Oluyole,Room,1,1,19,311,2007,Semi-Furnished,Borehole,Moderate,281000
Ajibode,Mini Flat,1,2,58,200,2013,Semi-Furnished,Well,Poor,570000
Bodija,Room,1,1,23,507,2016,Unfurnished,Public,Stable,271000
Ajibode,Self Contained,1,1,38,200,1993,Semi-Furnished,Borehole,Poor,366000
Mokola,Room,1,1,28,596,2011,Semi-Furnished,Well,Poor,236000
Ajibode,Room,1,1,20,323,2000,Unfurnished,Well,Moderate,185000
Ring Road,Room,1,1,21,398,1996,Unfurnished,Borehole,Stable,186000
Mokola,Self Contained,1,1,33,200,2023,Unfurnished,Borehole,Stable,310000
Bodija,Mini Flat,1,2,56,847,2001,Unfurnished,Borehole,Poor,753000
Challenge,Self Contained,1,1,32,286,1993,Semi-Furnished,Well,Moderate,284000
Akobo,Self Contained,1,1,39,484,1991,Semi-Furnished,Borehole,Poor,448000
Challenge,Mini Flat,1,2,55,227,1990,Semi-Furnished,Well,Moderate,478000
Agbowo,Room,1,1,25,399,2007,Unfurnished,Borehole,Moderate,195000
Challenge,Room,1,1,20,865,2012,Fully Furnished,Borehole,Moderate,249000
Bodija,Self Contained,1,1,36,603,2023,Semi-Furnished,Borehole,Poor,534000
Apata,Self Contained,1,1,30,419,1993,Semi-Furnished,Borehole,Poor,265000
Bodija,Self Contained,1,1,29,543,2008,Unfurnished,Well,Poor,467000
Bodija,Room,1,1,22,449,1998,Unfurnished,Well,Stable,329000
Challenge,Mini Flat,1,2,48,533,2012,Unfurnished,Public,Moderate,402000
Mokola,Self Contained,1,1,31,683,2002,Unfurnished,Borehole,Poor,262000
Bodija,Room,1,1,18,490,1990,Semi-Furnished,Borehole,Moderate,310000
Ajibode,Mini Flat,1,2,62,589,2001,Fully Furnished,Public,Poor,718000
Bodija,Self Contained,1,1,32,592,1999,Semi-Furnished,Borehole,Poor,487000
Ologuneru,Mini Flat,1,2,52,491,2016,Semi-Furnished,Well,Moderate,385000
Challenge,Room,1,1,24,417,2008,Unfurnished,Well,Poor,173000
Mokola,Self Contained,1,1,31,455,2021,Semi-Furnished,Borehole,Moderate,343000
Ajibode,Self Contained,1,1,25,675,2011,Unfurnished,Borehole,Moderate,308000
Bodija,Room,1,1,21,690,2014,Unfurnished,Borehole,Stable,294000
Akobo,Room,1,1,24,345,2000,Unfurnished,Well,Moderate,263000
Mokola,Room,1,1,24,503,2000,Fully Furnished,Well,Moderate,219000
Ajibode,Mini Flat,1,2,57,414,2015,Unfurnished,Borehole,Moderate,461000
Mokola,Self Contained,1,1,37,693,2005,Semi-Furnished,Public,Poor,352000
Bodija,2 Bedroom Flat,2,2,81,465,2018,Fully Furnished,Borehole,Poor,1257000
Ajibode,Room,1,1,22,946,2019,Unfurnished,Well,Stable,230000
Agbowo,Room,1,1,24,589,2000,Unfurnished,Well,Moderate,188000
Agbowo,Room,1,1,27,762,1990,Semi-Furnished,Borehole,Stable,200000
Bodija,Room,1,1,28,367,1995,Semi-Furnished,Borehole,Stable,345000
Ajibode,Self Contained,1,1,27,552,2002,Unfurnished,Well,Stable,333000
Ajibode,3 Bedroom Flat,3,3,135,660,2016,Semi-Furnished,Borehole,Moderate,1064000
Mokola,Mini Flat,1,2,47,364,2022,Semi-Furnished,Well,Moderate,563000
Ajibode,2 Bedroom Flat,2,2,72,553,2003,Fully Furnished,Borehole,Poor,885000
Agbowo,Room,1,1,26,739,2011,Semi-Furnished,Public,Poor,269000
Bodija,Room,1,1,28,491,2010,Unfurnished,Public,Moderate,296000
Bodija,Mini Flat,1,2,60,396,1991,Unfurnished,Borehole,Moderate,691000
Challenge,Room,1,1,22,874,1994,Unfurnished,Borehole,Moderate,163000
Bodija,Mini Flat,1,2,49,339,2004,Semi-Furnished,Borehole,Stable,852000
Challenge,2 Bedroom Flat,2,2,85,578,2009,Unfurnished,Well,Poor,668000
Akobo,Room,1,1,22,422,2015,Semi-Furnished,Public,Poor,324000
Ajibode,Self Contained,1,1,25,381,2013,Unfurnished,Public,Stable,280000
Ajibode,2 Bedroom Flat,2,2,70,683,2013,Unfurnished,Borehole,Moderate,663000
Agbowo,2 Bedroom Flat,2,2,87,513,2015,Unfurnished,Well,Moderate,790000
Agbowo,Room,1,1,24,623,2011,Unfurnished,Borehole,Moderate,204000
Challenge,Room,1,1,25,200,2016,Fully Furnished,Borehole,Moderate,280000
Akobo,3 Bedroom Flat,3,3,133,640,2008,Semi-Furnished,Borehole,Moderate,1604000
Agbowo,2 Bedroom Flat,2,2,72,420,2018,Fully Furnished,Well,Poor,962000
Ajibode,2 Bedroom Flat,2,2,93,211,2001,Fully Furnished,Well,Stable,1025000
Agbowo,Mini Flat,1,2,64,889,2005,Fully Furnished,Well,Poor,716000
Akobo,Room,1,1,27,658,2020,Unfurnished,Well,Moderate,226000
Agbowo,3 Bedroom Flat,3,3,130,590,2004,Semi-Furnished,Borehole,Moderate,1131000
Bodija,Mini Flat,1,2,64,774,2022,Unfurnished,Public,Stable,656000
Ajibode,Self Contained,1,1,28,594,2004,Unfurnished,Borehole,Poor,348000
Oluyole,Self Contained,1,1,36,406,2021,Unfurnished,Public,Stable,372000
Mokola,Mini Flat,1,2,49,518,2011,Unfurnished,Public,Stable,417000
Agbowo,Self Contained,1,1,28,427,1995,Unfurnished,Borehole,Poor,358000
Bodija,Self Contained,1,1,27,459,2019,Semi-Furnished,Well,Moderate,540000
Ologuneru,2 Bedroom Flat,2,2,91,323,2006,Unfurnished,Borehole,Poor,664000
Agbowo,2 Bedroom Flat,2,2,95,375,1991,Unfurnished,Borehole,Moderate,774000
Akobo,Room,1,1,23,711,2005,Semi-Furnished,Borehole,Moderate,293000
Ajibode,2 Bedroom Flat,2,2,79,609,2001,Unfurnished,Borehole,Moderate,661000
Akobo,Self Contained,1,1,38,459,2001,Semi-Furnished,Borehole,Moderate,480000
Ajibode,Room,1,1,20,364,2006,Semi-Furnished,Borehole,Stable,183000
Apata,Self Contained,1,1,36,477,1995,Unfurnished,Borehole,Moderate,253000
Oluyole,Self Contained,1,1,33,246,2015,Fully Furnished,Public,Stable,537000
Challenge,Room,1,1,24,572,1990,Semi-Furnished,Well,Stable,193000
Oluyole,Mini Flat,1,2,58,720,2005,Semi-Furnished,Well,Stable,539000
Akobo,Self Contained,1,1,34,976,2005,Unfurnished,Public,Moderate,460000
Bodija,Self Contained,1,1,38,351,2005,Unfurnished,Borehole,Moderate,516000
Mokola,Room,1,1,21,712,2018,Unfurnished,Borehole,Moderate,143000
Apata,2 Bedroom Flat,2,2,78,422,2015,Semi-Furnished,Borehole,Poor,676000
Bodija,2 Bedroom Flat,2,2,76,346,2019,Unfurnished,Borehole,Moderate,1156000
Apata,Room,1,1,21,346,2022,Fully Furnished,Public,Stable,253000
Akobo,Room,1,1,21,575,2009,Unfurnished,Well,Stable,270000
Bodija,Room,1,1,24,382,2002,Unfurnished,Well,Stable,274000
Bodija,2 Bedroom Flat,2,2,87,440,1997,Semi-Furnished,Borehole,Moderate,1120000
Ajibode,2 Bedroom Flat,2,2,95,470,2021,Semi-Furnished,Well,Stable,675000
Ajibode,Room,1,1,18,416,2007,Unfurnished,Well,Moderate,204000
Agbowo,Room,1,1,22,403,2000,Fully Furnished,Borehole,Stable,268000
Bodija,Mini Flat,1,2,63,200,2003,Unfurnished,Public,Poor,603000
Agbowo,Room,1,1,23,565,2022,Semi-Furnished,Well,Poor,232000
Bodija,3 Bedroom Flat,3,3,132,562,2012,Unfurnished,Well,Poor,1437000
Ologuneru,Duplex,4,4,187,406,1996,Semi-Furnished,Public,Stable,1990000
Agbowo,2 Bedroom Flat,2,2,71,614,2004,Unfurnished,Well,Poor,759000
Bodija,Mini Flat,1,2,60,801,2004,Semi-Furnished,Borehole,Stable,902000
Ajibode,Room,1,1,19,554,1998,Unfurnished,Well,Poor,193000
Ajibode,Room,1,1,23,789,2010,Fully Furnished,Well,Poor,322000
Challenge,Room,1,1,25,952,2017,Unfurnished,Borehole,Poor,188000
Akobo,Self Contained,1,1,34,1005,1995,Unfurnished,Well,Moderate,425000
Challenge,Self Contained,1,1,26,336,1999,Unfurnished,Borehole,Moderate,293000
Ajibode,Self Contained,1,1,36,337,2004,Fully Furnished,Borehole,Stable,433000
Akobo,Self Contained,1,1,34,470,2013,Unfurnished,Well,Stable,337000
Agbowo,Mini Flat,1,2,50,573,1993,Unfurnished,Well,Moderate,445000
Agbowo,Self Contained,1,1,36,835,2004,Semi-Furnished,Borehole,Poor,292000
Ajibode,3 Bedroom Flat,3,3,118,662,1991,Unfurnished,Well,Moderate,1220000
Ajibode,Room,1,1,27,333,2017,Semi-Furnished,Borehole,Moderate,185000
Agbowo,Room,1,1,26,439,1994,Fully Furnished,Public,Stable,255000
Ajibode,Room,1,1,25,542,2012,Unfurnished,Borehole,Moderate,157000
Ologuneru,Self Contained,1,1,35,281,1998,Fully Furnished,Public,Poor,350000
Agbowo,Room,1,1,19,552,1996,Unfurnished,Borehole,Poor,145000
Ajibode,Room,1,1,22,336,1993,Semi-Furnished,Well,Moderate,235000
Ajibode,Room,1,1,26,252,2008,Semi-Furnished,Borehole,Moderate,216000
Akobo,2 Bedroom Flat,2,2,74,379,1997,Unfurnished,Well,Moderate,969000
Ajibode,Room,1,1,24,623,2020,Unfurnished,Borehole,Moderate,188000
Mokola,Self Contained,1,1,26,622,2003,Unfurnished,Borehole,Poor,322000
Ologuneru,Room,1,1,24,567,2018,Semi-Furnished,Well,Moderate,231000
Agbowo,3 Bedroom Flat,3,3,154,728,1998,Semi-Furnished,Borehole,Stable,1196000
Bodija,3 Bedroom Flat,3,3,149,709,1995,Semi-Furnished,Public,Moderate,1679000
Ajibode,Room,1,1,24,586,2017,Unfurnished,Well,Moderate,186000
Akobo,Room,1,1,23,561,1999,Unfurnished,Borehole,Moderate,269000
Agbowo,3 Bedroom Flat,3,3,130,573,1992,Unfurnished,Borehole,Moderate,969000
Agbowo,Room,1,1,25,523,2001,Unfurnished,Well,Moderate,181000
Ajibode,Mini Flat,1,2,61,200,2000,Fully Furnished,Borehole,Moderate,617000
Akobo,2 Bedroom Flat,2,2,93,754,1998,Fully Furnished,Well,Stable,1202000
Agbowo,Room,1,1,29,621,1995,Unfurnished,Well,Moderate,232000
Ajibode,Room,1,1,24,331,2001,Unfurnished,Borehole,Stable,232000
Oluyole,Room,1,1,19,807,1997,Unfurnished,Borehole,Moderate,251000
Akobo,Room,1,1,24,443,2002,Unfurnished,Borehole,Stable,250000
Mokola,Mini Flat,1,2,48,530,1998,Unfurnished,Well,Moderate,457000
Ajibode,Room,1,1,24,734,2009,Unfurnished,Well,Poor,211000
Challenge,Self Contained,1,1,34,589,1999,Unfurnished,Borehole,Stable,261000
Oluyole,2 Bedroom Flat,2,2,80,790,2016,Unfurnished,Borehole,Moderate,856000
Ajibode,Mini Flat,1,2,58,486,1993,Fully Furnished,Well,Stable,664000
Oluyole,Self Contained,1,1,27,854,1999,Unfurnished,Borehole,Stable,354000
Bodija,Mini Flat,1,2,61,409,2008,Semi-Furnished,Borehole,Poor,715000
Apata,2 Bedroom Flat,2,2,93,787,1999,Semi-Furnished,Borehole,Moderate,660000
Ajibode,Room,1,1,21,200,2012,Fully Furnished,Public,Stable,270000
Akobo,Room,1,1,19,351,1998,Fully Furnished,Well,Poor,332000
Agbowo,2 Bedroom Flat,2,2,97,603,1991,Unfurnished,Borehole,Moderate,641000
Apata,2 Bedroom Flat,2,2,89,477,2008,Unfurnished,Borehole,Poor,565000
Agbowo,2 Bedroom Flat,2,2,94,536,1997,Unfurnished,Borehole,Stable,719000
Ologuneru,Self Contained,1,1,30,557,2015,Semi-Furnished,Borehole,Stable,299000
Ring Road,Self Contained,1,1,35,335,2000,Unfurnished,Public,Poor,264000
Agbowo,Self Contained,1,1,37,349,1992,Unfurnished,Well,Stable,349000
Challenge,2 Bedroom Flat,2,2,82,591,2019,Fully Furnished,Well,Moderate,773000
Ologuneru,Self Contained,1,1,35,430,2007,Unfurnished,Borehole,Poor,225000
Agbowo,Mini Flat,1,2,61,791,2006,Unfurnished,Borehole,Moderate,525000
Agbowo,Room,1,1,27,515,1998,Semi-Furnished,Borehole,Moderate,220000
Bodija,Room,1,1,29,679,2019,Unfurnished,Well,Stable,234000
Agbowo,Mini Flat,1,2,46,629,2005,Fully Furnished,Well,Moderate,688000
Ajibode,Room,1,1,24,441,1997,Unfurnished,Well,Moderate,186000
Agbowo,Duplex,4,4,192,200,2015,Semi-Furnished,Borehole,Stable,2457000
Agbowo,Room,1,1,28,763,1994,Fully Furnished,Well,Moderate,286000
Bodija,Self Contained,1,1,36,373,1994,Unfurnished,Borehole,Stable,554000
Ajibode,Self Contained,1,1,36,477,2013,Fully Furnished,Borehole,Poor,501000
Ring Road,Self Contained,1,1,29,522,2003,Semi-Furnished,Borehole,Poor,384000
Oluyole,Room,1,1,26,540,1994,Unfurnished,Borehole,Moderate,227000
Ajibode,Mini Flat,1,2,64,723,2014,Unfurnished,Well,Poor,609000
Akobo,Room,1,1,19,551,2006,Unfurnished,Borehole,Stable,221000
Akobo,Room,1,1,18,527,1995,Semi-Furnished,Well,Stable,333000
Apata,3 Bedroom Flat,3,3,154,733,1996,Semi-Furnished,Borehole,Poor,865000
Ajibode,Room,1,1,18,658,2004,Semi-Furnished,Borehole,Poor,198000
Agbowo,Room,1,1,23,417,1995,Fully Furnished,Borehole,Moderate,275000
Apata,Room,1,1,25,343,2021,Fully Furnished,Borehole,Moderate,220000
Apata,2 Bedroom Flat,2,2,95,401,2016,Unfurnished,Borehole,Stable,534000
Oluyole,2 Bedroom Flat,2,2,99,541,1994,Unfurnished,Public,Moderate,978000
Challenge,2 Bedroom Flat,2,2,77,325,2005,Fully Furnished,Public,Moderate,870000
Ajibode,2 Bedroom Flat,2,2,72,566,2000,Unfurnished,Borehole,Moderate,692000
Bodija,Room,1,1,18,526,2014,Semi-Furnished,Borehole,Moderate,308000
Agbowo,2 Bedroom Flat,2,2,94,200,1991,Fully Furnished,Borehole,Stable,1012000
Ajibode,Self Contained,1,1,37,296,2017,Semi-Furnished,Borehole,Moderate,394000
Mokola,3 Bedroom Flat,3,3,156,200,1996,Unfurnished,Well,Moderate,1001000
Ajibode,Self Contained,1,1,35,488,1990,Semi-Furnished,Well,Stable,356000
Bodija,Mini Flat,1,2,62,743,2007,Semi-Furnished,Borehole,Stable,960000
Apata,3 Bedroom Flat,3,3,146,209,2001,Unfurnished,Borehole,Stable,886000
Ajibode,Mini Flat,1,2,53,311,1997,Unfurnished,Borehole,Moderate,508000
Ologuneru,Self Contained,1,1,25,520,2009,Unfurnished,Borehole,Stable,280000
Ologuneru,Self Contained,1,1,38,358,2005,Fully Furnished,Borehole,Poor,396000
Bodija,Mini Flat,1,2,53,357,2022,Semi-Furnished,Well,Poor,814000
Ajibode,Self Contained,1,1,30,647,2014,Unfurnished,Borehole,Moderate,324000
Agbowo,Self Contained,1,1,25,460,2008,Unfurnished,Borehole,Poor,416000
Agbowo,Self Contained,1,1,36,282,2005,Fully Furnished,Well,Moderate,386000
Agbowo,Self Contained,1,1,32,200,2005,Unfurnished,Public,Poor,362000
Agbowo,Room,1,1,24,947,2014,Unfurnished,Borehole,Moderate,236000
Ologuneru,Room,1,1,29,753,2021,Semi-Furnished,Well,Moderate,226000
Ajibode,3 Bedroom Flat,3,3,117,468,2017,Semi-Furnished,Borehole,Moderate,1174000
Oluyole,Mini Flat,1,2,60,565,1998,Unfurnished,Public,Stable,633000
Ajibode,Self Contained,1,1,29,462,2007,Unfurnished,Borehole,Stable,222000
Akobo,Mini Flat,1,2,57,641,2012,Unfurnished,Borehole,Poor,678000
Ring Road,2 Bedroom Flat,2,2,87,396,2019,Semi-Furnished,Borehole,Poor,828000
Agbowo,Room,1,1,18,452,2021,Unfurnished,Well,Stable,222000
Ajibode,Room,1,1,18,631,2013,Unfurnished,Borehole,Moderate,208000
Akobo,Room,1,1,25,811,2000,Semi-Furnished,Borehole,Stable,295000
Oluyole,Mini Flat,1,2,57,683,2015,Unfurnished,Borehole,Poor,769000
Oluyole,Room,1,1,28,772,2000,Semi-Furnished,Well,Stable,292000
Agbowo,Self Contained,1,1,29,493,2009,Unfurnished,Well,Poor,341000
Agbowo,2 Bedroom Flat,2,2,72,437,2007,Unfurnished,Borehole,Moderate,760000
Apata,Self Contained,1,1,28,201,2023,Fully Furnished,Borehole,Stable,351000
Apata,Self Contained,1,1,32,562,1993,Unfurnished,Borehole,Moderate,239000
Bodija,Duplex,4,4,232,618,2010,Semi-Furnished,Borehole,Moderate,2985000
Mokola,Self Contained,1,1,32,495,2015,Fully Furnished,Borehole,Poor,393000
Bodija,Self Contained,1,1,35,410,2003,Unfurnished,Borehole,Stable,445000
Agbowo,2 Bedroom Flat,2,2,81,773,2015,Fully Furnished,Public,Stable,996000
Ajibode,3 Bedroom Flat,3,3,153,663,2002,Unfurnished,Borehole,Stable,808000
Agbowo,Room,1,1,27,786,2015,Semi-Furnished,Well,Moderate,218000
Bodija,Self Contained,1,1,29,378,2004,Semi-Furnished,Borehole,Moderate,485000
Ajibode,Self Contained,1,1,37,422,2016,Unfurnished,Well,Moderate,281000
Bodija,Self Contained,1,1,34,766,2012,Semi-Furnished,Borehole,Stable,375000
Challenge,Mini Flat,1,2,59,541,2011,Unfurnished,Public,Moderate,468000
Oluyole,Room,1,1,18,447,1999,Fully Furnished,Well,Moderate,424000
Akobo,Mini Flat,1,2,47,460,1994,Fully Furnished,Borehole,Moderate,918000
Ring Road,Room,1,1,29,548,1993,Unfurnished,Well,Moderate,150000
Ajibode,2 Bedroom Flat,2,2,83,730,2005,Semi-Furnished,Well,Stable,927000
Bodija,Room,1,1,28,521,2021,Unfurnished,Borehole,Moderate,357000
Challenge,Mini Flat,1,2,49,692,2000,Semi-Furnished,Well,Moderate,453000
Bodija,Self Contained,1,1,32,634,2022,Unfurnished,Public,Moderate,422000
Agbowo,2 Bedroom Flat,2,2,92,391,1993,Unfurnished,Well,Stable,749000
Ajibode,Room,1,1,21,391,2012,Unfurnished,Borehole,Moderate,206000
Ring Road,Self Contained,1,1,37,468,1992,Unfurnished,Well,Stable,255000
Bodija,Room,1,1,25,309,2009,Fully Furnished,Well,Moderate,432000
Ring Road,Room,1,1,28,457,1990,Semi-Furnished,Public,Stable,230000
Akobo,Self Contained,1,1,34,822,2022,Unfurnished,Well,Moderate,394000
Oluyole,Mini Flat,1,2,62,544,1999,Unfurnished,Borehole,Stable,569000
Challenge,Self Contained,1,1,31,412,1992,Unfurnished,Public,Moderate,270000
Akobo,Room,1,1,28,894,2021,Unfurnished,Borehole,Poor,260000
Agbowo,Mini Flat,1,2,48,382,2020,Unfurnished,Borehole,Stable,534000
Bodija,Self Contained,1,1,29,376,2010,Semi-Furnished,Public,Moderate,428000
Challenge,Self Contained,1,1,35,771,2013,Fully Furnished,Borehole,Moderate,364000
Agbowo,2 Bedroom Flat,2,2,94,669,2013,Semi-Furnished,Public,Stable,810000
Agbowo,Room,1,1,29,526,1999,Unfurnished,Borehole,Moderate,160000
Ajibode,Self Contained,1,1,35,699,1995,Unfurnished,Borehole,Stable,296000
Ring Road,Self Contained,1,1,28,604,2017,Unfurnished,Well,Stable,270000
Ajibode,Mini Flat,1,2,62,336,1990,Semi-Furnished,Public,Moderate,543000
Akobo,Self Contained,1,1,27,200,1999,Unfurnished,Public,Moderate,393000
Agbowo,Mini Flat,1,2,53,447,2019,Fully Furnished,Borehole,Moderate,689000
Agbowo,2 Bedroom Flat,2,2,78,745,2004,Semi-Furnished,Borehole,Moderate,911000
Oluyole,Mini Flat,1,2,50,472,2003,Unfurnished,Borehole,Poor,582000
Ajibode,Self Contained,1,1,25,632,2013,Unfurnished,Borehole,Moderate,240000
Akobo,3 Bedroom Flat,3,3,155,583,1999,Semi-Furnished,Borehole,Moderate,1545000
Challenge,Mini Flat,1,2,57,245,2015,Semi-Furnished,Well,Moderate,569000
Mokola,2 Bedroom Flat,2,2,96,476,1990,Unfurnished,Borehole,Moderate,643000
Ajibode,Room,1,1,18,614,2009,Unfurnished,Public,Stable,208000
Ring Road,Self Contained,1,1,30,408,2018,Fully Furnished,Borehole,Stable,414000
Akobo,Self Contained,1,1,36,484,2023,Semi-Furnished,Borehole,Poor,444000
Ring Road,2 Bedroom Flat,2,2,85,620,1991,Unfurnished,Borehole,Moderate,607000
Bodija,Self Contained,1,1,37,563,1991,Unfurnished,Well,Stable,496000
Bodija,3 Bedroom Flat,3,3,154,738,1991,Semi-Furnished,Public,Moderate,2059000
Ring Road,Room,1,1,18,619,1997,Semi-Furnished,Well,Moderate,169000
Ring Road,3 Bedroom Flat,3,3,112,377,2014,Fully Furnished,Well,Stable,1595000
Bodija,3 Bedroom Flat,3,3,133,464,2007,Semi-Furnished,Borehole,Stable,1407000
Agbowo,2 Bedroom Flat,2,2,75,553,2006,Semi-Furnished,Borehole,Stable,787000
Agbowo,Room,1,1,28,790,2019,Semi-Furnished,Borehole,Moderate,225000
Agbowo,2 Bedroom Flat,2,2,80,464,1997,Fully Furnished,Well,Stable,905000
Agbowo,Self Contained,1,1,29,238,2018,Unfurnished,Well,Stable,302000
Agbowo,Self Contained,1,1,33,629,2008,Unfurnished,Well,Stable,342000
Mokola,Mini Flat,1,2,50,413,2013,Unfurnished,Borehole,Moderate,474000
Ajibode,2 Bedroom Flat,2,2,93,318,2007,Fully Furnished,Well,Poor,908000
Oluyole,Room,1,1,27,553,1999,Semi-Furnished,Borehole,Stable,228000
Ajibode,3 Bedroom Flat,3,3,138,725,2005,Semi-Furnished,Borehole,Stable,1276000
Agbowo,Room,1,1,27,446,1994,Unfurnished,Borehole,Poor,227000
Ajibode,Mini Flat,1,2,48,639,2004,Unfurnished,Borehole,Stable,429000
Agbowo,Self Contained,1,1,28,672,2012,Unfurnished,Well,Moderate,350000
Challenge,3 Bedroom Flat,3,3,142,692,2020,Unfurnished,Well,Moderate,699000
Ring Road,Room,1,1,27,418,2019,Unfurnished,Public,Moderate,200000
Agbowo,Room,1,1,18,348,1996,Semi-Furnished,Borehole,Poor,242000
Bodija,Room,1,1,28,372,2009,Unfurnished,Borehole,Stable,273000
Bodija,Room,1,1,21,692,1992,Unfurnished,Well,Poor,264000
Ring Road,Mini Flat,1,2,64,670,1992,Semi-Furnished,Public,Moderate,592000
Challenge,Room,1,1,19,377,2020,Semi-Furnished,Public,Poor,204000
Bodija,3 Bedroom Flat,3,3,116,933,1996,Fully Furnished,Well,Moderate,3045000
Oluyole,2 Bedroom Flat,2,2,95,356,1990,Unfurnished,Public,Moderate,1132000
Mokola,Room,1,1,25,729,2016,Unfurnished,Borehole,Stable,178000
Ajibode,Self Contained,1,1,32,823,1990,Unfurnished,Public,Moderate,357000
Agbowo,Mini Flat,1,2,53,569,1995,Unfurnished,Borehole,Stable,436000
Ring Road,3 Bedroom Flat,3,3,143,411,2009,Semi-Furnished,Well,Stable,1204000
Challenge,2 Bedroom Flat,2,2,80,415,1992,Semi-Furnished,Borehole,Poor,877000
Bodija,Self Contained,1,1,38,502,1991,Semi-Furnished,Borehole,Poor,517000
Bodija,Room,1,1,19,744,2021,Unfurnished,Borehole,Moderate,286000
Agbowo,Self Contained,1,1,37,334,2009,Unfurnished,Borehole,Moderate,296000
Bodija,3 Bedroom Flat,3,3,156,219,2016,Unfurnished,Borehole,Stable,1585000
Akobo,Room,1,1,21,615,2009,Unfurnished,Public,Poor,275000
Agbowo,Room,1,1,24,654,2008,Semi-Furnished,Borehole,Moderate,221000
Oluyole,Self Contained,1,1,32,904,2010,Semi-Furnished,Borehole,Moderate,399000
Mokola,Mini Flat,1,2,56,301,2009,Unfurnished,Well,Moderate,464000
Ajibode,2 Bedroom Flat,2,2,92,525,1994,Unfurnished,Well,Stable,616000
Bodija,2 Bedroom Flat,2,2,74,759,2009,Unfurnished,Borehole,Moderate,984000
Agbowo,Room,1,1,21,571,2001,Semi-Furnished,Borehole,Stable,281000
Oluyole,Room,1,1,24,514,1999,Semi-Furnished,Public,Moderate,213000
Agbowo,Room,1,1,29,692,2011,Unfurnished,Borehole,Moderate,212000
Akobo,Room,1,1,18,442,2017,Semi-Furnished,Borehole,Moderate,315000
Ring Road,3 Bedroom Flat,3,3,130,703,2001,Unfurnished,Public,Moderate,1117000
Agbowo,Room,1,1,18,324,1999,Unfurnished,Borehole,Moderate,232000
Ring Road,Duplex,4,4,191,276,2006,Semi-Furnished,Public,Moderate,2170000
Ologuneru,Self Contained,1,1,26,500,2016,Unfurnished,Public,Moderate,281000
Ajibode,Self Contained,1,1,32,200,2018,Unfurnished,Well,Stable,312000
Agbowo,Mini Flat,1,2,52,565,2015,Fully Furnished,Borehole,Stable,582000
Apata,Self Contained,1,1,36,238,1998,Fully Furnished,Borehole,Stable,361000
Apata,Self Contained,1,1,34,600,2001,Unfurnished,Borehole,Stable,195000
Ajibode,Room,1,1,20,583,2015,Semi-Furnished,Well,Stable,233000
Ajibode,Mini Flat,1,2,47,537,2022,Unfurnished,Borehole,Poor,497000
Ajibode,Room,1,1,23,628,2021,Unfurnished,Borehole,Poor,204000
Ologuneru,Self Contained,1,1,37,586,2000,Fully Furnished,Borehole,Moderate,380000
Ajibode,Room,1,1,24,497,2018,Semi-Furnished,Well,Poor,208000
Bodija,Self Contained,1,1,28,879,1997,Semi-Furnished,Public,Stable,441000
Mokola,Duplex,4,4,269,620,2014,Unfurnished,Well,Stable,1661000
Ajibode,Room,1,1,26,688,2009,Unfurnished,Borehole,Stable,234000
Akobo,2 Bedroom Flat,2,2,76,743,2010,Unfurnished,Public,Poor,819000
Agbowo,3 Bedroom Flat,3,3,130,670,1993,Fully Furnished,Well,Stable,1357000
Mokola,Room,1,1,25,921,2018,Semi-Furnished,Public,Moderate,194000
Agbowo,Room,1,1,19,579,2008,Fully Furnished,Borehole,Moderate,294000
Oluyole,Room,1,1,28,548,2015,Semi-Furnished,Public,Moderate,192000
Oluyole,2 Bedroom Flat,2,2,94,433,2014,Unfurnished,Well,Moderate,793000
Agbowo,Mini Flat,1,2,45,503,2012,Unfurnished,Borehole,Moderate,542000
Ajibode,Mini Flat,1,2,55,418,2017,Semi-Furnished,Borehole,Stable,542000
Agbowo,2 Bedroom Flat,2,2,90,671,2000,Unfurnished,Well,Stable,735000
Agbowo,Self Contained,1,1,35,385,2018,Semi-Furnished,Well,Poor,404000
Challenge,Room,1,1,27,563,2009,Unfurnished,Borehole,Moderate,153000
Challenge,Self Contained,1,1,32,650,1998,Unfurnished,Public,Moderate,217000
Bodija,3 Bedroom Flat,3,3,136,577,2013,Semi-Furnished,Borehole,Stable,1781000
Akobo,Room,1,1,22,388,2002,Unfurnished,Borehole,Poor,267000
Akobo,Mini Flat,1,2,50,675,1991,Unfurnished,Borehole,Poor,675000
Mokola,Room,1,1,23,534,2006,Unfurnished,Borehole,Moderate,185000
Agbowo,Room,1,1,29,200,2016,Unfurnished,Well,Poor,226000
Agbowo,Room,1,1,19,372,1991,Unfurnished,Borehole,Stable,217000
Agbowo,2 Bedroom Flat,2,2,80,802,2022,Unfurnished,Public,Poor,660000
Bodija,Room,1,1,29,817,1994,Fully Furnished,Borehole,Moderate,367000
Bodija,Mini Flat,1,2,60,644,2003,Semi-Furnished,Borehole,Stable,825000
Bodija,Mini Flat,1,2,61,691,2016,Unfurnished,Borehole,Moderate,653000
Ajibode,Room,1,1,25,409,2016,Unfurnished,Public,Stable,176000
Oluyole,Room,1,1,28,503,2003,Unfurnished,Borehole,Poor,192000
Ajibode,Self Contained,1,1,39,772,2004,Unfurnished,Public,Poor,296000
Ajibode,2 Bedroom Flat,2,2,89,626,2016,Unfurnished,Borehole,Poor,570000
Agbowo,2 Bedroom Flat,2,2,70,561,1997,Unfurnished,Well,Moderate,755000
Agbowo,Self Contained,1,1,33,516,2010,Fully Furnished,Well,Moderate,434000
Akobo,3 Bedroom Flat,3,3,136,761,2023,Unfurnished,Borehole,Stable,1190000
Agbowo,2 Bedroom Flat,2,2,92,751,2017,Unfurnished,Borehole,Moderate,698000
Bodija,2 Bedroom Flat,2,2,71,666,2013,Fully Furnished,Well,Moderate,1362000
Bodija,Room,1,1,26,561,2006,Unfurnished,Borehole,Poor,272000
Ajibode,Room,1,1,29,485,1995,Unfurnished,Well,Moderate,206000
Ajibode,Room,1,1,25,674,2008,Fully Furnished,Borehole,Poor,271000
Ring Road,Room,1,1,22,351,1990,Semi-Furnished,Well,Stable,230000
Agbowo,3 Bedroom Flat,3,3,136,388,2015,Unfurnished,Borehole,Stable,1031000
Agbowo,Self Contained,1,1,34,288,1994,Unfurnished,Public,Moderate,374000
Ajibode,2 Bedroom Flat,2,2,78,772,1993,Unfurnished,Well,Stable,782000
Bodija,Self Contained,1,1,28,420,2014,Fully Furnished,Borehole,Moderate,647000
Bodija,Self Contained,1,1,31,622,2011,Semi-Furnished,Borehole,Stable,523000
Bodija,Room,1,1,27,527,2002,Semi-Furnished,Public,Moderate,251000
Oluyole,Self Contained,1,1,38,1071,2012,Unfurnished,Borehole,Moderate,430000
Ajibode,Mini Flat,1,2,48,629,2022,Fully Furnished,Borehole,Moderate,672000
Agbowo,Mini Flat,1,2,61,214,2014,Semi-Furnished,Well,Poor,460000
Mokola,Room,1,1,25,761,1999,Fully Furnished,Well,Poor,272000
Apata,Room,1,1,22,480,2007,Fully Furnished,Borehole,Moderate,240000
Ajibode,Self Contained,1,1,32,513,2016,Unfurnished,Well,Moderate,330000
Bodija,2 Bedroom Flat,2,2,87,428,2015,Unfurnished,Well,Moderate,1042000
Ajibode,Mini Flat,1,2,51,585,1991,Unfurnished,Borehole,Moderate,471000
Ajibode,Mini Flat,1,2,45,582,1999,Semi-Furnished,Borehole,Poor,549000
Agbowo,Mini Flat,1,2,62,433,2009,Semi-Furnished,Borehole,Stable,636000
Ajibode,Self Contained,1,1,26,458,1992,Semi-Furnished,Public,Moderate,301000
Oluyole,Room,1,1,19,568,1999,Fully Furnished,Borehole,Poor,344000
Bodija,Room,1,1,19,200,2017,Unfurnished,Borehole,Stable,278000
Ajibode,Mini Flat,1,2,45,290,2008,Unfurnished,Well,Stable,519000
Ajibode,Self Contained,1,1,35,850,2006,Unfurnished,Public,Moderate,250000
Challenge,Room,1,1,27,609,2012,Unfurnished,Public,Poor,137000
Ajibode,Mini Flat,1,2,48,455,2017,Fully Furnished,Public,Moderate,665000
Akobo,2 Bedroom Flat,2,2,99,244,2016,Unfurnished,Well,Moderate,800000
Agbowo,Self Contained,1,1,34,539,2021,Semi-Furnished,Well,Moderate,354000
Akobo,Room,1,1,18,727,2001,Unfurnished,Borehole,Stable,220000
Agbowo,Self Contained,1,1,38,1025,2009,Semi-Furnished,Well,Moderate,332000
Ajibode,Room,1,1,22,890,1995,Unfurnished,Well,Stable,211000
Agbowo,Self Contained,1,1,31,390,1992,Fully Furnished,Borehole,Stable,400000
Ajibode,Duplex,4,4,247,460,1992,Semi-Furnished,Well,Poor,2315000
Agbowo,Mini Flat,1,2,56,285,2012,Semi-Furnished,Public,Moderate,573000
Akobo,Room,1,1,26,398,1998,Unfurnished,Borehole,Stable,266000
Agbowo,Room,1,1,29,511,2022,Unfurnished,Borehole,Poor,232000
Ajibode,Mini Flat,1,2,50,483,2001,Unfurnished,Well,Stable,573000
Bodija,2 Bedroom Flat,2,2,88,919,2015,Unfurnished,Public,Moderate,1265000
Akobo,Self Contained,1,1,37,313,1999,Semi-Furnished,Well,Moderate,562000
Ologuneru,Room,1,1,27,541,2000,Unfurnished,Borehole,Moderate,166000
Akobo,3 Bedroom Flat,3,3,155,200,2008,Unfurnished,Borehole,Moderate,1412000
Bodija,2 Bedroom Flat,2,2,82,609,1994,Semi-Furnished,Borehole,Moderate,1244000
Akobo,Mini Flat,1,2,60,308,2013,Semi-Furnished,Public,Poor,552000
Apata,2 Bedroom Flat,2,2,79,748,2017,Unfurnished,Well,Moderate,556000
Mokola,Self Contained,1,1,30,497,2019,Semi-Furnished,Well,Poor,400000
Agbowo,Mini Flat,1,2,45,297,2008,Unfurnished,Well,Stable,488000
Agbowo,Room,1,1,21,200,1995,Semi-Furnished,Well,Moderate,138000
Agbowo,Self Contained,1,1,29,373,2008,Unfurnished,Borehole,Poor,276000
Bodija,Mini Flat,1,2,49,593,2020,Unfurnished,Well,Stable,723000
Challenge,Mini Flat,1,2,49,625,2000,Unfurnished,Borehole,Stable,458000
Bodija,Mini Flat,1,2,49,460,2006,Semi-Furnished,Well,Moderate,837000
Ajibode,Mini Flat,1,2,60,716,2006,Semi-Furnished,Borehole,Stable,649000
Oluyole,Room,1,1,22,345,2004,Unfurnished,Borehole,Poor,250000
Challenge,Self Contained,1,1,34,200,1995,Unfurnished,Borehole,Stable,221000
Agbowo,2 Bedroom Flat,2,2,97,600,2021,Unfurnished,Borehole,Stable,706000
Oluyole,Self Contained,1,1,29,782,2000,Fully Furnished,Well,Poor,548000
Agbowo,Self Contained,1,1,32,783,2002,Unfurnished,Borehole,Moderate,314000
Ring Road,Self Contained,1,1,38,316,2006,Unfurnished,Borehole,Poor,310000
Mokola,Room,1,1,20,451,2017,Semi-Furnished,Well,Moderate,186000
Bodija,3 Bedroom Flat,3,3,132,680,2007,Semi-Furnished,Public,Stable,1667000
Oluyole,2 Bedroom Flat,2,2,78,437,2017,Unfurnished,Borehole,Moderate,595000
Ring Road,3 Bedroom Flat,3,3,125,568,2005,Semi-Furnished,Well,Poor,1192000
Bodija,Self Contained,1,1,38,421,2009,Unfurnished,Public,Moderate,452000
Agbowo,Mini Flat,1,2,62,353,2016,Fully Furnished,Borehole,Poor,820000
Challenge,Self Contained,1,1,30,388,2022,Fully Furnished,Borehole,Stable,323000
Agbowo,Self Contained,1,1,38,722,1991,Unfurnished,Public,Moderate,267000
Agbowo,Self Contained,1,1,25,552,2002,Unfurnished,Well,Poor,343000
Mokola,Mini Flat,1,2,53,778,1991,Unfurnished,Borehole,Moderate,457000
Oluyole,Mini Flat,1,2,47,643,1994,Fully Furnished,Borehole,Moderate,669000
Agbowo,2 Bedroom Flat,2,2,96,839,1995,Semi-Furnished,Borehole,Moderate,817000
Ajibode,Room,1,1,24,697,2021,Unfurnished,Borehole,Stable,217000
Agbowo,Mini Flat,1,2,60,686,2013,Unfurnished,Borehole,Poor,568000
Agbowo,Room,1,1,28,528,2006,Fully Furnished,Borehole,Stable,298000
Ajibode,Mini Flat,1,2,47,1091,1998,Unfurnished,Borehole,Poor,505000
Challenge,Mini Flat,1,2,45,570,1991,Unfurnished,Borehole,Moderate,411000
Agbowo,Self Contained,1,1,37,200,1998,Unfurnished,Borehole,Stable,278000
Bodija,Room,1,1,19,598,1995,Unfurnished,Borehole,Moderate,217000
Agbowo,2 Bedroom Flat,2,2,94,373,2008,Fully Furnished,Well,Poor,1003000
Ologuneru,Room,1,1,22,733,2022,Fully Furnished,Public,Moderate,246000
Agbowo,Self Contained,1,1,31,680,2008,Semi-Furnished,Well,Moderate,379000
Ajibode,Room,1,1,27,515,2022,Unfurnished,Borehole,Moderate,145000
Ajibode,Mini Flat,1,2,61,390,2019,Semi-Furnished,Borehole,Poor,543000
Akobo,Room,1,1,29,576,2002,Semi-Furnished,Borehole,Stable,303000
Akobo,Duplex,4,4,263,434,2007,Semi-Furnished,Well,Moderate,3026000
Agbowo,Room,1,1,22,691,1991,Unfurnished,Well,Moderate,178000
Agbowo,2 Bedroom Flat,2,2,84,650,1992,Unfurnished,Well,Moderate,728000
Ajibode,Mini Flat,1,2,52,1078,1995,Semi-Furnished,Well,Poor,590000
Bodija,Room,1,1,29,469,2017,Unfurnished,Public,Stable,304000
Bodija,Room,1,1,21,495,2002,Unfurnished,Public,Poor,216000
Ajibode,Room,1,1,27,522,2009,Fully Furnished,Borehole,Moderate,263000
Ajibode,2 Bedroom Flat,2,2,78,530,2021,Semi-Furnished,Borehole,Moderate,839000
Ajibode,Mini Flat,1,2,55,734,2020,Unfurnished,Borehole,Moderate,497000
Ajibode,2 Bedroom Flat,2,2,81,500,1998,Unfurnished,Borehole,Moderate,765000
Akobo,Self Contained,1,1,33,905,1992,Unfurnished,Well,Moderate,404000
Ajibode,3 Bedroom Flat,3,3,129,654,2020,Fully Furnished,Borehole,Poor,908000
Agbowo,Mini Flat,1,2,49,462,2004,Unfurnished,Well,Moderate,577000
Ajibode,Self Contained,1,1,31,416,1993,Unfurnished,Well,Moderate,330000
Apata,Room,1,1,24,737,2006,Unfurnished,Borehole,Stable,156000
Mokola,Room,1,1,22,555,2020,Fully Furnished,Borehole,Moderate,255000
Agbowo,2 Bedroom Flat,2,2,71,551,2018,Fully Furnished,Public,Moderate,977000
Agbowo,Room,1,1,22,442,2000,Semi-Furnished,Well,Stable,246000
Ajibode,Room,1,1,26,538,2021,Unfurnished,Borehole,Moderate,221000
Bodija,Self Contained,1,1,32,434,1992,Unfurnished,Borehole,Poor,394000
Ajibode,Mini Flat,1,2,52,795,1990,Unfurnished,Well,Moderate,469000
Oluyole,2 Bedroom Flat,2,2,74,679,1997,Unfurnished,Borehole,Stable,1028000
Bodija,2 Bedroom Flat,2,2,87,518,2006,Unfurnished,Borehole,Stable,1007000
Ring Road,Mini Flat,1,2,49,515,1997,Unfurnished,Borehole,Moderate,529000
Ajibode,Self Contained,1,1,29,566,2022,Unfurnished,Borehole,Moderate,374000
Challenge,Duplex,4,4,198,549,2015,Unfurnished,Public,Moderate,2320000
Challenge,3 Bedroom Flat,3,3,129,377,1991,Unfurnished,Borehole,Stable,1068000
Ajibode,Self Contained,1,1,26,207,2018,Unfurnished,Public,Moderate,304000
Agbowo,Room,1,1,24,406,2004,Unfurnished,Borehole,Moderate,210000
Ajibode,2 Bedroom Flat,2,2,84,526,2019,Semi-Furnished,Public,Stable,839000
Agbowo,Room,1,1,22,417,2001,Fully Furnished,Borehole,Stable,258000
Agbowo,2 Bedroom Flat,2,2,82,697,1991,Unfurnished,Borehole,Moderate,759000
Bodija,Room,1,1,24,508,2010,Unfurnished,Borehole,Poor,281000
Agbowo,Self Contained,1,1,25,887,2018,Unfurnished,Borehole,Stable,425000
Apata,Room,1,1,25,448,2018,Semi-Furnished,Well,Moderate,175000
Ajibode,Room,1,1,27,575,2005,Unfurnished,Well,Stable,207000
Ologuneru,Room,1,1,26,498,2020,Unfurnished,Borehole,Stable,148000
Agbowo,Self Contained,1,1,28,629,2022,Semi-Furnished,Borehole,Moderate,401000
Challenge,Room,1,1,20,741,1991,Unfurnished,Well,Moderate,167000
Agbowo,2 Bedroom Flat,2,2,78,659,1993,Semi-Furnished,Well,Poor,965000
Ajibode,2 Bedroom Flat,2,2,81,200,1994,Unfurnished,Borehole,Moderate,779000
Mokola,Room,1,1,22,639,1991,Fully Furnished,Well,Moderate,216000
Agbowo,2 Bedroom Flat,2,2,80,368,1997,Semi-Furnished,Public,Moderate,976000
Akobo,Duplex,4,4,198,494,1995,Unfurnished,Borehole,Stable,2704000
Akobo,Room,1,1,23,674,1999,Semi-Furnished,Public,Poor,271000
Bodija,Mini Flat,1,2,50,348,1993,Unfurnished,Well,Poor,790000
Bodija,Room,1,1,29,758,2003,Fully Furnished,Borehole,Poor,441000
Oluyole,Mini Flat,1,2,53,486,2001,Unfurnished,Borehole,Poor,706000
Ajibode,Room,1,1,29,940,2006,Unfurnished,Borehole,Poor,209000
Oluyole,2 Bedroom Flat,2,2,83,562,2010,Unfurnished,Borehole,Moderate,726000
Ring Road,Room,1,1,21,856,2002,Unfurnished,Well,Poor,177000
Ajibode,Room,1,1,22,765,2022,Unfurnished,Well,Stable,183000
Ajibode,Duplex,4,4,291,440,2002,Semi-Furnished,Public,Poor,2558000
Oluyole,2 Bedroom Flat,2,2,97,315,1998,Unfurnished,Borehole,Moderate,755000
Agbowo,2 Bedroom Flat,2,2,84,570,2009,Unfurnished,Public,Moderate,766000
Agbowo,Room,1,1,22,445,1990,Unfurnished,Well,Moderate,206000
Ajibode,Self Contained,1,1,35,834,2002,Fully Furnished,Well,Stable,439000
Bodija,2 Bedroom Flat,2,2,96,505,2011,Semi-Furnished,Well,Poor,1329000
Ajibode,Self Contained,1,1,32,495,2002,Semi-Furnished,Borehole,Stable,307000
Bodija,Mini Flat,1,2,53,298,1990,Semi-Furnished,Public,Moderate,900000
Challenge,2 Bedroom Flat,2,2,83,625,2022,Unfurnished,Public,Poor,622000
Agbowo,Room,1,1,29,338,1994,Unfurnished,Borehole,Stable,233000
Bodija,Mini Flat,1,2,50,629,2019,Fully Furnished,Well,Stable,1110000
Ologuneru,Room,1,1,21,654,1994,Fully Furnished,Borehole,Stable,194000
Oluyole,Mini Flat,1,2,55,415,2014,Unfurnished,Borehole,Moderate,618000
Mokola,3 Bedroom Flat,3,3,110,722,2015,Unfurnished,Borehole,Stable,1072000
Agbowo,Self Contained,1,1,37,500,2008,Fully Furnished,Public,Poor,375000
Challenge,Mini Flat,1,2,62,285,2001,Fully Furnished,Borehole,Moderate,639000
Ajibode,Self Contained,1,1,26,828,1997,Semi-Furnished,Well,Moderate,323000
Ajibode,Room,1,1,27,383,1999,Semi-Furnished,Borehole,Moderate,260000
Ajibode,Room,1,1,24,641,2007,Unfurnished,Borehole,Stable,189000
Agbowo,Room,1,1,28,626,2000,Unfurnished,Borehole,Stable,189000
Mokola,Self Contained,1,1,27,620,2019,Unfurnished,Well,Poor,330000
Agbowo,Mini Flat,1,2,63,616,1994,Unfurnished,Well,Moderate,379000
Akobo,Room,1,1,22,375,2013,Unfurnished,Borehole,Moderate,274000
Oluyole,Room,1,1,18,854,2002,Semi-Furnished,Borehole,Moderate,304000
Akobo,2 Bedroom Flat,2,2,95,722,2016,Unfurnished,Well,Moderate,940000
Agbowo,3 Bedroom Flat,3,3,154,635,2021,Semi-Furnished,Well,Poor,1351000
Akobo,Mini Flat,1,2,45,310,2003,Unfurnished,Well,Moderate,731000
Agbowo,Room,1,1,20,373,1991,Unfurnished,Borehole,Moderate,183000
Ajibode,Self Contained,1,1,35,668,1993,Unfurnished,Borehole,Stable,279000
Ologuneru,Self Contained,1,1,36,200,2000,Semi-Furnished,Borehole,Stable,309000
Ajibode,Room,1,1,29,610,2002,Unfurnished,Well,Moderate,199000
Ajibode,2 Bedroom Flat,2,2,74,310,1998,Unfurnished,Borehole,Moderate,766000
Ring Road,Self Contained,1,1,28,393,2016,Unfurnished,Well,Moderate,300000
Agbowo,Room,1,1,23,296,1991,Unfurnished,Public,Moderate,217000
Akobo,Room,1,1,22,594,2016,Semi-Furnished,Well,Stable,303000
Agbowo,Mini Flat,1,2,51,750,2001,Semi-Furnished,Borehole,Stable,584000
Agbowo,2 Bedroom Flat,2,2,90,612,2001,Unfurnished,Borehole,Moderate,825000
Agbowo,Mini Flat,1,2,47,632,1992,Semi-Furnished,Borehole,Stable,678000
Agbowo,2 Bedroom Flat,2,2,92,580,2015,Semi-Furnished,Borehole,Stable,776000
Agbowo,2 Bedroom Flat,2,2,93,672,2004,Unfurnished,Borehole,Stable,612000
Oluyole,Room,1,1,21,634,2016,Fully Furnished,Public,Stable,308000
Bodija,Self Contained,1,1,31,200,2002,Unfurnished,Public,Stable,397000
Apata,Mini Flat,1,2,49,713,1994,Semi-Furnished,Borehole,Poor,395000
Ajibode,Room,1,1,27,694,2006,Semi-Furnished,Borehole,Moderate,227000
Bodija,Self Contained,1,1,34,484,2008,Semi-Furnished,Borehole,Moderate,546000
Akobo,Self Contained,1,1,37,200,2009,Unfurnished,Well,Stable,433000
Apata,2 Bedroom Flat,2,2,90,593,2012,Semi-Furnished,Well,Poor,653000
Ajibode,Room,1,1,19,608,2001,Semi-Furnished,Borehole,Stable,230000
Akobo,Room,1,1,21,470,2021,Semi-Furnished,Well,Stable,333000
Mokola,Self Contained,1,1,28,583,2018,Semi-Furnished,Well,Poor,349000
Agbowo,2 Bedroom Flat,2,2,71,742,1994,Unfurnished,Well,Poor,782000
Ring Road,Room,1,1,21,981,1991,Unfurnished,Borehole,Moderate,142000
Ajibode,Room,1,1,18,576,1995,Semi-Furnished,Well,Poor,235000
Oluyole,Mini Flat,1,2,53,610,2010,Semi-Furnished,Borehole,Moderate,733000
Apata,Room,1,1,25,401,2004,Unfurnished,Borehole,Stable,162000
Akobo,Room,1,1,25,459,2007,Unfurnished,Borehole,Poor,276000
Agbowo,Duplex,4,4,270,525,1991,Unfurnished,Public,Stable,1856000
Ajibode,Room,1,1,24,761,1994,Semi-Furnished,Public,Stable,256000
Apata,Self Contained,1,1,26,697,1995,Unfurnished,Borehole,Stable,265000
Bodija,Room,1,1,28,897,2008,Unfurnished,Borehole,Stable,254000
Ajibode,Self Contained,1,1,26,281,2005,Unfurnished,Borehole,Moderate,353000
Oluyole,Self Contained,1,1,35,311,2001,Semi-Furnished,Borehole,Moderate,416000
Bodija,Mini Flat,1,2,52,748,2013,Unfurnished,Public,Stable,763000
Ajibode,2 Bedroom Flat,2,2,74,810,1998,Semi-Furnished,Borehole,Moderate,789000
Ajibode,Room,1,1,18,555,1992,Semi-Furnished,Borehole,Moderate,210000
Ajibode,Duplex,4,4,261,200,2006,Semi-Furnished,Public,Moderate,2322000
Akobo,Room,1,1,20,416,2019,Fully Furnished,Borehole,Moderate,314000
Akobo,2 Bedroom Flat,2,2,71,610,2016,Unfurnished,Borehole,Moderate,1210000
Bodija,2 Bedroom Flat,2,2,84,388,2013,Unfurnished,Public,Stable,1032000
Mokola,Mini Flat,1,2,64,583,1996,Semi-Furnished,Well,Poor,551000
Mokola,Mini Flat,1,2,64,891,1998,Unfurnished,Well,Moderate,533000
Akobo,Self Contained,1,1,29,806,2005,Fully Furnished,Well,Moderate,580000
Ajibode,Self Contained,1,1,39,695,2000,Unfurnished,Borehole,Stable,316000
Oluyole,Room,1,1,26,538,1998,Semi-Furnished,Borehole,Poor,296000
Agbowo,Self Contained,1,1,36,460,1990,Unfurnished,Borehole,Poor,279000
Akobo,2 Bedroom Flat,2,2,90,686,2009,Unfurnished,Borehole,Moderate,886000
Akobo,Self Contained,1,1,33,554,1997,Unfurnished,Borehole,Poor,424000
Agbowo,Room,1,1,18,560,1996,Unfurnished,Well,Stable,150000
Ring Road,Mini Flat,1,2,50,270,2009,Fully Furnished,Borehole,Moderate,606000
Ajibode,Room,1,1,20,421,1994,Semi-Furnished,Borehole,Moderate,255000
Oluyole,3 Bedroom Flat,3,3,131,685,2001,Unfurnished,Borehole,Moderate,1338000
Ajibode,Room,1,1,28,351,2010,Semi-Furnished,Well,Poor,251000
Apata,Mini Flat,1,2,48,597,2009,Unfurnished,Well,Moderate,380000
Ajibode,Mini Flat,1,2,46,624,1994,Semi-Furnished,Borehole,Moderate,682000
Ajibode,2 Bedroom Flat,2,2,73,634,2012,Unfurnished,Borehole,Moderate,688000
Agbowo,Mini Flat,1,2,52,650,1996,Fully Furnished,Borehole,Poor,647000
Agbowo,2 Bedroom Flat,2,2,93,662,1990,Unfurnished,Borehole,Moderate,772000
Ajibode,Room,1,1,24,437,2014,Unfurnished,Borehole,Stable,162000
Akobo,Mini Flat,1,2,53,285,2008,Unfurnished,Borehole,Moderate,791000
Bodija,Self Contained,1,1,28,392,1991,Fully Furnished,Well,Moderate,571000
Ajibode,Self Contained,1,1,30,681,2001,Unfurnished,Well,Moderate,252000
Agbowo,Room,1,1,21,333,2014,Unfurnished,Public,Moderate,209000
Mokola,Room,1,1,19,362,2021,Unfurnished,Well,Stable,145000
Oluyole,Room,1,1,27,361,2007,Fully Furnished,Well,Moderate,295000
Oluyole,Mini Flat,1,2,50,217,2020,Unfurnished,Borehole,Poor,674000
Oluyole,Room,1,1,18,343,1998,Unfurnished,Borehole,Moderate,279000
Agbowo,Mini Flat,1,2,59,730,2010,Unfurnished,Borehole,Stable,521000
Ajibode,Room,1,1,26,420,1996,Semi-Furnished,Borehole,Moderate,219000
Agbowo,Self Contained,1,1,31,235,2002,Fully Furnished,Well,Poor,386000
Mokola,Mini Flat,1,2,56,457,2009,Unfurnished,Well,Moderate,483000
Ologuneru,Self Contained,1,1,39,641,2002,Unfurnished,Borehole,Moderate,225000
Bodija,2 Bedroom Flat,2,2,88,220,2017,Unfurnished,Well,Stable,1084000
Ajibode,3 Bedroom Flat,3,3,121,721,2014,Unfurnished,Borehole,Poor,908000
Ajibode,Room,1,1,26,290,2015,Fully Furnished,Public,Moderate,302000
Agbowo,Room,1,1,24,478,2022,Fully Furnished,Borehole,Poor,289000
Akobo,Room,1,1,22,476,2016,Unfurnished,Well,Poor,232000
Ajibode,Room,1,1,28,448,2004,Unfurnished,Well,Stable,197000
Apata,Room,1,1,28,538,1992,Fully Furnished,Well,Stable,177000
Agbowo,3 Bedroom Flat,3,3,114,690,2018,Fully Furnished,Well,Poor,1363000
Ring Road,3 Bedroom Flat,3,3,144,542,2020,Unfurnished,Borehole,Stable,997000
Challenge,Self Contained,1,1,26,440,2007,Semi-Furnished,Borehole,Stable,324000
Challenge,Mini Flat,1,2,48,632,2013,Unfurnished,Borehole,Stable,461000
Akobo,Mini Flat,1,2,62,587,1997,Semi-Furnished,Borehole,Moderate,809000
Akobo,Room,1,1,25,429,2018,Unfurnished,Borehole,Poor,268000
Akobo,Mini Flat,1,2,63,557,1998,Unfurnished,Borehole,Stable,607000
Akobo,Self Contained,1,1,29,414,2019,Fully Furnished,Borehole,Moderate,603000
Bodija,Room,1,1,26,394,2004,Unfurnished,Well,Moderate,300000
Ologuneru,Room,1,1,29,695,2001,Unfurnished,Borehole,Moderate,172000
Oluyole,Self Contained,1,1,27,630,2016,Unfurnished,Borehole,Moderate,402000
Challenge,3 Bedroom Flat,3,3,147,688,2020,Semi-Furnished,Public,Poor,1054000
Ring Road,Room,1,1,29,664,2002,Unfurnished,Borehole,Stable,210000
Ajibode,Self Contained,1,1,35,390,2004,Semi-Furnished,Borehole,Poor,355000
Ajibode,Room,1,1,27,730,1994,Fully Furnished,Borehole,Moderate,254000
Bodija,Room,1,1,19,496,2014,Semi-Furnished,Well,Moderate,332000
Bodija,2 Bedroom Flat,2,2,94,717,2001,Unfurnished,Well,Stable,1220000
Mokola,Mini Flat,1,2,47,527,1998,Fully Furnished,Borehole,Stable,573000
Bodija,Room,1,1,22,606,2015,Fully Furnished,Borehole,Stable,357000
Akobo,Room,1,1,20,611,1998,Fully Furnished,Borehole,Stable,383000
Bodija,2 Bedroom Flat,2,2,80,696,1994,Unfurnished,Borehole,Poor,847000
Ajibode,2 Bedroom Flat,2,2,77,255,1996,Unfurnished,Public,Moderate,809000
Akobo,Self Contained,1,1,32,266,2020,Unfurnished,Borehole,Poor,408000
Mokola,Mini Flat,1,2,63,670,1996,Unfurnished,Borehole,Poor,452000
Ajibode,Mini Flat,1,2,55,614,1994,Unfurnished,Borehole,Moderate,544000
Akobo,Self Contained,1,1,35,410,2006,Unfurnished,Borehole,Poor,384000
Akobo,Self Contained,1,1,36,615,2000,Unfurnished,Well,Moderate,437000
Ajibode,Room,1,1,18,296,2016,Semi-Furnished,Public,Stable,234000
Ajibode,Room,1,1,20,1137,1990,Unfurnished,Well,Moderate,155000
Ologuneru,Room,1,1,19,786,1990,Semi-Furnished,Borehole,Moderate,230000
Agbowo,Self Contained,1,1,30,662,2003,Semi-Furnished,Borehole,Moderate,350000
Agbowo,Self Contained,1,1,30,563,2017,Unfurnished,Public,Moderate,321000
Ajibode,Room,1,1,29,438,1990,Unfurnished,Borehole,Poor,191000
Oluyole,Self Contained,1,1,34,314,1997,Semi-Furnished,Well,Moderate,368000
Akobo,Room,1,1,21,529,2015,Unfurnished,Well,Stable,253000
Akobo,Room,1,1,19,395,2018,Unfurnished,Borehole,Stable,284000
Ajibode,Mini Flat,1,2,58,405,1993,Unfurnished,Public,Poor,442000
Ring Road,2 Bedroom Flat,2,2,88,294,1991,Semi-Furnished,Borehole,Moderate,858000
Agbowo,2 Bedroom Flat,2,2,96,594,2019,Fully Furnished,Borehole,Poor,1180000
Agbowo,Room,1,1,24,482,2009,Semi-Furnished,Borehole,Stable,185000
Bodija,2 Bedroom Flat,2,2,83,646,2019,Unfurnished,Borehole,Poor,738000
Agbowo,Room,1,1,29,632,2007,Unfurnished,Well,Stable,211000
Mokola,Room,1,1,28,591,2019,Semi-Furnished,Well,Poor,228000
Apata,Self Contained,1,1,36,1028,1990,Unfurnished,Borehole,Moderate,213000
Agbowo,Room,1,1,26,698,1992,Unfurnished,Borehole,Poor,237000
Mokola,Room,1,1,23,323,2012,Fully Furnished,Borehole,Moderate,245000
Challenge,Room,1,1,22,632,2011,Semi-Furnished,Borehole,Stable,173000
Apata,Room,1,1,22,540,2004,Fully Furnished,Borehole,Stable,189000
Agbowo,Mini Flat,1,2,61,308,2005,Fully Furnished,Borehole,Moderate,599000
Akobo,Room,1,1,18,294,2016,Semi-Furnished,Well,Poor,290000
Agbowo,Room,1,1,27,631,2021,Semi-Furnished,Well,Moderate,199000
Mokola,Room,1,1,28,675,2023,Unfurnished,Well,Moderate,160000
Ajibode,3 Bedroom Flat,3,3,140,361,2001,Unfurnished,Well,Moderate,1050000
Akobo,Mini Flat,1,2,45,724,2007,Unfurnished,Public,Poor,651000
Agbowo,Self Contained,1,1,31,601,2007,Semi-Furnished,Borehole,Poor,361000
Agbowo,Mini Flat,1,2,61,765,1993,Unfurnished,Well,Moderate,458000
Akobo,Self Contained,1,1,25,746,2023,Fully Furnished,Well,Poor,447000
Mokola,Room,1,1,27,521,2008,Semi-Furnished,Well,Stable,208000
Akobo,Room,1,1,26,844,2020,Fully Furnished,Well,Poor,390000
Mokola,2 Bedroom Flat,2,2,78,347,2020,Unfurnished,Borehole,Stable,590000
Agbowo,2 Bedroom Flat,2,2,97,980,2009,Semi-Furnished,Borehole,Poor,776000
Bodija,Duplex,4,4,255,391,2009,Unfurnished,Public,Poor,3106000
Bodija,Mini Flat,1,2,51,541,2021,Unfurnished,Borehole,Poor,603000
Ajibode,Self Contained,1,1,39,447,2009,Unfurnished,Borehole,Moderate,282000
Bodija,Self Contained,1,1,27,482,2005,Unfurnished,Borehole,Poor,465000
Oluyole,Self Contained,1,1,31,1076,2008,Unfurnished,Borehole,Moderate,370000
Akobo,Self Contained,1,1,36,466,2020,Fully Furnished,Borehole,Stable,592000
Oluyole,Room,1,1,18,703,2002,Unfurnished,Borehole,Poor,271000
Akobo,Room,1,1,29,507,2009,Unfurnished,Well,Moderate,272000
Ajibode,Mini Flat,1,2,57,718,2001,Fully Furnished,Borehole,Poor,654000
Ajibode,Self Contained,1,1,30,452,2015,Unfurnished,Borehole,Stable,300000
Akobo,2 Bedroom Flat,2,2,75,596,1999,Unfurnished,Borehole,Stable,848000
Agbowo,Self Contained,1,1,38,663,2001,Fully Furnished,Borehole,Stable,405000
Ajibode,Room,1,1,22,420,2013,Unfurnished,Borehole,Moderate,221000
Agbowo,Mini Flat,1,2,49,1046,1998,Unfurnished,Borehole,Moderate,498000
Bodija,Self Contained,1,1,37,672,1994,Unfurnished,Borehole,Moderate,536000
Agbowo,2 Bedroom Flat,2,2,84,509,2020,Fully Furnished,Well,Moderate,810000
Oluyole,Room,1,1,26,424,2023,Fully Furnished,Borehole,Moderate,319000
Akobo,Mini Flat,1,2,59,566,2000,Unfurnished,Well,Poor,646000
Agbowo,Room,1,1,18,331,1998,Unfurnished,Public,Moderate,197000
Challenge,2 Bedroom Flat,2,2,74,870,2011,Semi-Furnished,Borehole,Moderate,713000
Akobo,Self Contained,1,1,38,627,2017,Unfurnished,Well,Moderate,373000
Akobo,Self Contained,1,1,30,534,2005,Semi-Furnished,Public,Poor,371000
Bodija,Room,1,1,20,738,1999,Unfurnished,Well,Moderate,270000
Ajibode,Self Contained,1,1,28,420,2023,Unfurnished,Borehole,Moderate,374000
Oluyole,Self Contained,1,1,34,341,2004,Semi-Furnished,Well,Moderate,473000
Agbowo,Room,1,1,24,526,2007,Unfurnished,Well,Poor,181000
Apata,Self Contained,1,1,27,572,2020,Fully Furnished,Borehole,Moderate,399000
Mokola,2 Bedroom Flat,2,2,72,645,1994,Unfurnished,Borehole,Moderate,622000
Akobo,Room,1,1,23,284,2022,Unfurnished,Well,Moderate,272000
Agbowo,Mini Flat,1,2,50,467,2018,Unfurnished,Borehole,Moderate,561000
Ajibode,Room,1,1,27,200,1992,Unfurnished,Well,Moderate,172000
Agbowo,Mini Flat,1,2,49,337,2012,Semi-Furnished,Well,Poor,470000
Bodija,2 Bedroom Flat,2,2,79,678,1999,Unfurnished,Borehole,Poor,895000
Agbowo,Self Contained,1,1,36,722,2021,Unfurnished,Borehole,Stable,338000
Bodija,Room,1,1,25,344,2016,Semi-Furnished,Public,Poor,391000
Ajibode,Self Contained,1,1,38,491,2013,Unfurnished,Borehole,Stable,327000
Ologuneru,Self Contained,1,1,32,554,2009,Unfurnished,Public,Moderate,255000
Ajibode,2 Bedroom Flat,2,2,70,744,1992,Unfurnished,Public,Poor,666000
Apata,Mini Flat,1,2,45,825,1994,Semi-Furnished,Borehole,Poor,482000
Ring Road,Room,1,1,26,577,1992,Fully Furnished,Borehole,Stable,267000
Bodija,Self Contained,1,1,28,503,1995,Fully Furnished,Borehole,Stable,538000
Oluyole,Self Contained,1,1,30,290,2004,Semi-Furnished,Borehole,Stable,406000
Agbowo,Room,1,1,22,569,1995,Unfurnished,Borehole,Moderate,233000
Akobo,Self Contained,1,1,29,923,2012,Unfurnished,Borehole,Moderate,417000
Agbowo,Mini Flat,1,2,47,782,2019,Unfurnished,Public,Poor,598000
Agbowo,Self Contained,1,1,33,581,2010,Unfurnished,Borehole,Moderate,255000
Akobo,Self Contained,1,1,37,604,2011,Unfurnished,Well,Moderate,412000
Bodija,2 Bedroom Flat,2,2,71,426,1991,Unfurnished,Borehole,Moderate,1300000
Akobo,Room,1,1,29,485,2003,Unfurnished,Well,Moderate,237000
Agbowo,Room,1,1,23,576,2007,Unfurnished,Borehole,Moderate,187000
Agbowo,Room,1,1,22,577,2004,Unfurnished,Well,Moderate,232000
Ajibode,Mini Flat,1,2,45,731,1991,Unfurnished,Well,Moderate,515000
Ajibode,Self Contained,1,1,33,723,2009,Unfurnished,Borehole,Stable,323000
Agbowo,Self Contained,1,1,25,643,1999,Semi-Furnished,Well,Poor,336000
Ajibode,Self Contained,1,1,38,370,1994,Semi-Furnished,Borehole,Poor,431000
Ajibode,Room,1,1,29,376,2021,Fully Furnished,Borehole,Moderate,267000
Mokola,Mini Flat,1,2,63,390,1991,Semi-Furnished,Well,Poor,389000
Ajibode,Duplex,4,4,210,592,1994,Unfurnished,Borehole,Poor,2172000
Akobo,Mini Flat,1,2,56,200,2010,Semi-Furnished,Borehole,Moderate,661000
Agbowo,Room,1,1,29,548,2007,Fully Furnished,Borehole,Moderate,270000
Ring Road,Room,1,1,21,803,1993,Fully Furnished,Well,Moderate,295000
Bodija,Mini Flat,1,2,47,670,2021,Semi-Furnished,Well,Moderate,845000
Agbowo,3 Bedroom Flat,3,3,123,486,1993,Semi-Furnished,Borehole,Moderate,1090000
Bodija,Room,1,1,29,424,2006,Unfurnished,Public,Moderate,321000
Agbowo,2 Bedroom Flat,2,2,73,695,2022,Semi-Furnished,Borehole,Stable,784000
Akobo,Room,1,1,21,605,2011,Unfurnished,Public,Stable,286000
Ajibode,Self Contained,1,1,36,505,2007,Fully Furnished,Public,Poor,504000
Ologuneru,Self Contained,1,1,32,443,2016,Unfurnished,Borehole,Moderate,202000
Agbowo,Room,1,1,29,563,2004,Unfurnished,Borehole,Moderate,178000
Agbowo,Room,1,1,21,495,2014,Fully Furnished,Borehole,Moderate,321000
Oluyole,Self Contained,1,1,32,691,1999,Semi-Furnished,Borehole,Stable,361000
Agbowo,Mini Flat,1,2,55,773,2005,Fully Furnished,Well,Moderate,748000
Mokola,Self Contained,1,1,33,303,1993,Unfurnished,Borehole,Poor,350000
Bodija,Mini Flat,1,2,57,329,2020,Semi-Furnished,Borehole,Poor,902000
Oluyole,Mini Flat,1,2,57,792,2021,Unfurnished,Well,Poor,748000
Ajibode,Mini Flat,1,2,58,579,2013,Fully Furnished,Public,Stable,745000
Mokola,Mini Flat,1,2,49,346,2007,Unfurnished,Borehole,Moderate,534000
Oluyole,Self Contained,1,1,32,726,2021,Unfurnished,Borehole,Moderate,342000
Ajibode,Mini Flat,1,2,56,611,2017,Unfurnished,Well,Moderate,585000
Ajibode,Room,1,1,20,946,2000,Fully Furnished,Borehole,Moderate,281000
Agbowo,Room,1,1,22,507,1997,Unfurnished,Well,Stable,232000
Ologuneru,2 Bedroom Flat,2,2,75,749,1990,Unfurnished,Borehole,Moderate,729000
Agbowo,2 Bedroom Flat,2,2,95,289,1991,Semi-Furnished,Well,Moderate,881000
Bodija,Room,1,1,22,801,2010,Semi-Furnished,Well,Moderate,322000
Ajibode,Room,1,1,24,719,2008,Unfurnished,Public,Poor,233000
Agbowo,Room,1,1,18,838,2019,Unfurnished,Borehole,Poor,213000
Akobo,Self Contained,1,1,35,749,2014,Semi-Furnished,Borehole,Stable,556000
Apata,Self Contained,1,1,32,532,1998,Semi-Furnished,Borehole,Stable,353000
Bodija,Mini Flat,1,2,58,339,2017,Unfurnished,Well,Moderate,675000
Mokola,Self Contained,1,1,29,441,2021,Unfurnished,Borehole,Poor,278000
Bodija,Self Contained,1,1,37,232,2000,Semi-Furnished,Well,Stable,510000
Ajibode,Self Contained,1,1,25,384,2010,Unfurnished,Well,Poor,304000
Agbowo,Room,1,1,22,626,2013,Unfurnished,Borehole,Moderate,198000
Akobo,Room,1,1,28,541,1990,Unfurnished,Borehole,Poor,243000
Apata,2 Bedroom Flat,2,2,88,509,2005,Unfurnished,Well,Poor,679000
Mokola,Room,1,1,27,407,2013,Unfurnished,Borehole,Moderate,172000
Agbowo,Room,1,1,20,230,1999,Fully Furnished,Borehole,Moderate,371000
Agbowo,2 Bedroom Flat,2,2,96,582,2021,Semi-Furnished,Public,Stable,885000
Ajibode,Self Contained,1,1,26,618,2017,Unfurnished,Public,Poor,299000
Apata,Duplex,4,4,268,371,2022,Fully Furnished,Borehole,Stable,1938000
Mokola,Self Contained,1,1,37,453,2011,Fully Furnished,Borehole,Moderate,340000
Challenge,Mini Flat,1,2,50,827,1990,Unfurnished,Public,Poor,418000
Agbowo,Self Contained,1,1,33,758,2001,Unfurnished,Borehole,Moderate,237000
Bodija,Room,1,1,27,282,2014,Unfurnished,Borehole,Moderate,326000
Bodija,Self Contained,1,1,32,534,2017,Semi-Furnished,Public,Poor,568000
Agbowo,Self Contained,1,1,27,811,2006,Semi-Furnished,Well,Stable,345000
Bodija,Room,1,1,19,511,2005,Unfurnished,Well,Moderate,239000
Ajibode,Mini Flat,1,2,55,501,2021,Semi-Furnished,Well,Stable,546000
Ajibode,Room,1,1,20,746,1993,Unfurnished,Public,Stable,182000
Ring Road,Room,1,1,28,727,2000,Fully Furnished,Borehole,Moderate,261000
Challenge,Mini Flat,1,2,50,718,2009,Unfurnished,Well,Moderate,387000
Agbowo,Room,1,1,25,502,2015,Unfurnished,Borehole,Moderate,250000
Bodija,Room,1,1,18,669,1996,Unfurnished,Borehole,Poor,280000
Agbowo,Room,1,1,20,819,2020,Unfurnished,Well,Poor,206000
Challenge,Self Contained,1,1,38,541,1996,Unfurnished,Borehole,Moderate,261000
Challenge,Room,1,1,19,477,1993,Fully Furnished,Borehole,Stable,257000
Challenge,Room,1,1,24,771,1997,Semi-Furnished,Well,Moderate,198000
Oluyole,Room,1,1,20,918,2003,Unfurnished,Well,Stable,263000
Ajibode,Self Contained,1,1,31,930,2011,Semi-Furnished,Borehole,Moderate,326000
Agbowo,Room,1,1,19,482,2012,Semi-Furnished,Public,Poor,220000
Bodija,Room,1,1,20,500,2014,Semi-Furnished,Borehole,Moderate,398000
Agbowo,Mini Flat,1,2,47,364,2015,Unfurnished,Well,Stable,582000
Challenge,Self Contained,1,1,25,571,2013,Semi-Furnished,Well,Poor,267000
Agbowo,Room,1,1,22,356,2007,Unfurnished,Borehole,Poor,244000
Ajibode,2 Bedroom Flat,2,2,96,455,2010,Unfurnished,Borehole,Moderate,706000
Agbowo,Room,1,1,20,676,1994,Unfurnished,Borehole,Poor,211000
Ologuneru,Mini Flat,1,2,48,620,2004,Unfurnished,Well,Moderate,467000
Agbowo,Room,1,1,23,224,2020,Unfurnished,Public,Moderate,226000
Akobo,Self Contained,1,1,26,832,2015,Unfurnished,Borehole,Poor,333000
Agbowo,3 Bedroom Flat,3,3,145,354,1993,Fully Furnished,Well,Stable,1246000
Ajibode,Room,1,1,19,377,1993,Unfurnished,Borehole,Moderate,185000
Bodija,2 Bedroom Flat,2,2,74,326,2008,Unfurnished,Public,Poor,652000
Oluyole,Room,1,1,19,430,2015,Unfurnished,Well,Moderate,199000
Bodija,Self Contained,1,1,35,388,2022,Unfurnished,Well,Moderate,449000
Ring Road,Room,1,1,24,392,1993,Fully Furnished,Borehole,Moderate,289000
Agbowo,2 Bedroom Flat,2,2,79,200,2013,Semi-Furnished,Borehole,Moderate,844000
Ajibode,2 Bedroom Flat,2,2,73,573,2020,Unfurnished,Well,Moderate,841000
Apata,Mini Flat,1,2,52,591,2023,Fully Furnished,Well,Moderate,559000
Agbowo,Self Contained,1,1,33,953,2023,Semi-Furnished,Borehole,Stable,404000
Akobo,3 Bedroom Flat,3,3,128,637,1991,Semi-Furnished,Borehole,Poor,1396000
Challenge,Room,1,1,23,460,1997,Unfurnished,Borehole,Stable,122000
Agbowo,Mini Flat,1,2,60,333,2010,Semi-Furnished,Well,Moderate,551000
Oluyole,2 Bedroom Flat,2,2,76,532,2001,Semi-Furnished,Borehole,Moderate,954000
Ajibode,Self Contained,1,1,27,630,1990,Semi-Furnished,Borehole,Moderate,337000
Agbowo,Room,1,1,28,459,2005,Fully Furnished,Well,Moderate,266000
Ajibode,Mini Flat,1,2,58,560,1995,Fully Furnished,Borehole,Stable,693000
Mokola,Self Contained,1,1,34,891,2022,Unfurnished,Borehole,Moderate,279000
Agbowo,2 Bedroom Flat,2,2,72,480,2002,Fully Furnished,Borehole,Stable,1203000
Oluyole,3 Bedroom Flat,3,3,153,210,1998,Unfurnished,Borehole,Stable,1172000
Apata,Room,1,1,26,707,2017,Semi-Furnished,Borehole,Stable,196000
Bodija,Mini Flat,1,2,55,606,2023,Unfurnished,Borehole,Moderate,697000
Bodija,Mini Flat,1,2,61,242,2021,Unfurnished,Well,Stable,693000
Bodija,Mini Flat,1,2,61,626,1990,Unfurnished,Public,Moderate,697000
Agbowo,Room,1,1,26,370,2014,Unfurnished,Well,Stable,156000
Bodija,Mini Flat,1,2,51,629,1999,Unfurnished,Well,Moderate,836000
Akobo,Room,1,1,20,893,1991,Unfurnished,Well,Poor,278000
Ologuneru,2 Bedroom Flat,2,2,88,518,1993,Unfurnished,Public,Poor,719000
Apata,Mini Flat,1,2,51,744,2014,Semi-Furnished,Borehole,Moderate,434000
Mokola,Room,1,1,20,328,2005,Semi-Furnished,Borehole,Moderate,194000
Ring Road,Self Contained,1,1,27,276,1994,Unfurnished,Borehole,Moderate,344000
Bodija,Mini Flat,1,2,47,913,2012,Semi-Furnished,Borehole,Moderate,808000
Akobo,Self Contained,1,1,39,605,2009,Fully Furnished,Borehole,Moderate,660000
Ring Road,Self Contained,1,1,25,664,1992,Unfurnished,Borehole,Moderate,313000
Agbowo,Room,1,1,29,757,1990,Unfurnished,Well,Poor,220000
Ologuneru,Self Contained,1,1,27,454,2014,Unfurnished,Borehole,Stable,293000
Agbowo,Self Contained,1,1,31,698,2005,Semi-Furnished,Borehole,Moderate,338000
Akobo,Room,1,1,21,671,1994,Unfurnished,Well,Poor,232000
Oluyole,Room,1,1,29,316,1995,Semi-Furnished,Well,Stable,289000
Apata,Mini Flat,1,2,62,822,2001,Unfurnished,Well,Moderate,341000
Agbowo,Self Contained,1,1,36,785,2012,Unfurnished,Borehole,Moderate,322000
Challenge,Self Contained,1,1,32,318,1994,Semi-Furnished,Borehole,Poor,229000
Bodija,Room,1,1,20,586,1991,Unfurnished,Public,Moderate,277000
Agbowo,Room,1,1,26,508,1992,Fully Furnished,Well,Moderate,295000
Challenge,Mini Flat,1,2,58,805,1996,Unfurnished,Well,Stable,412000
Bodija,Room,1,1,22,296,2015,Fully Furnished,Public,Stable,376000
Oluyole,3 Bedroom Flat,3,3,154,1198,2001,Semi-Furnished,Well,Poor,1557000
Agbowo,Room,1,1,27,518,1990,Unfurnished,Borehole,Stable,223000
Bodija,Room,1,1,27,682,1990,Unfurnished,Well,Moderate,314000
Akobo,Self Contained,1,1,33,799,2022,Fully Furnished,Borehole,Stable,544000
Agbowo,3 Bedroom Flat,3,3,116,514,1998,Unfurnished,Borehole,Moderate,1178000
Ajibode,3 Bedroom Flat,3,3,154,529,1990,Unfurnished,Borehole,Moderate,1026000
Ologuneru,Self Contained,1,1,31,459,2004,Unfurnished,Borehole,Moderate,238000
Bodija,Room,1,1,26,390,2014,Semi-Furnished,Public,Stable,274000
Oluyole,Self Contained,1,1,31,598,1999,Unfurnished,Borehole,Poor,416000
Agbowo,Room,1,1,25,525,2020,Unfurnished,Borehole,Stable,210000
Agbowo,3 Bedroom Flat,3,3,158,458,2009,Unfurnished,Well,Poor,975000
Agbowo,Duplex,4,4,205,468,1994,Unfurnished,Borehole,Moderate,2138000
Agbowo,Mini Flat,1,2,54,653,2017,Unfurnished,Borehole,Moderate,584000
Bodija,Mini Flat,1,2,64,406,2023,Semi-Furnished,Borehole,Moderate,867000
Bodija,Mini Flat,1,2,54,505,2005,Unfurnished,Well,Poor,1023000
Bodija,Mini Flat,1,2,59,711,2004,Unfurnished,Well,Moderate,795000
Ajibode,3 Bedroom Flat,3,3,138,594,2015,Unfurnished,Public,Stable,1003000
Bodija,Mini Flat,1,2,60,361,2019,Fully Furnished,Well,Poor,949000
Ajibode,Self Contained,1,1,38,545,1991,Fully Furnished,Borehole,Poor,414000
Ajibode,Room,1,1,25,628,1992,Semi-Furnished,Well,Poor,208000
Apata,Mini Flat,1,2,53,728,2008,Semi-Furnished,Borehole,Poor,629000
Akobo,3 Bedroom Flat,3,3,125,414,2013,Unfurnished,Borehole,Stable,1410000
Akobo,Room,1,1,25,449,1992,Fully Furnished,Borehole,Poor,309000
Agbowo,Duplex,4,4,281,424,1994,Unfurnished,Well,Moderate,1897000
Ring Road,Room,1,1,29,433,2021,Unfurnished,Borehole,Stable,187000
Akobo,Self Contained,1,1,34,622,2020,Unfurnished,Borehole,Moderate,424000
Challenge,2 Bedroom Flat,2,2,95,657,2001,Unfurnished,Well,Poor,460000
Agbowo,3 Bedroom Flat,3,3,126,739,2020,Semi-Furnished,Public,Moderate,1244000
Ologuneru,Room,1,1,28,533,2022,Fully Furnished,Well,Stable,222000
Mokola,Self Contained,1,1,32,297,1996,Semi-Furnished,Borehole,Moderate,285000
Mokola,Room,1,1,28,670,2015,Unfurnished,Borehole,Moderate,146000
Ajibode,Room,1,1,19,578,2015,Semi-Furnished,Borehole,Poor,233000
Agbowo,2 Bedroom Flat,2,2,82,560,2009,Fully Furnished,Borehole,Poor,812000
Agbowo,Self Contained,1,1,30,318,2023,Semi-Furnished,Borehole,Poor,407000
Agbowo,Mini Flat,1,2,63,514,2022,Semi-Furnished,Well,Moderate,641000
Mokola,Room,1,1,29,335,2008,Unfurnished,Borehole,Moderate,157000
Ajibode,Room,1,1,24,636,2006,Unfurnished,Well,Stable,168000
Ajibode,2 Bedroom Flat,2,2,86,472,1995,Unfurnished,Borehole,Poor,773000
Agbowo,Mini Flat,1,2,58,456,2011,Unfurnished,Borehole,Stable,506000
Ajibode,2 Bedroom Flat,2,2,78,273,2006,Unfurnished,Borehole,Stable,800000
Agbowo,2 Bedroom Flat,2,2,91,734,2009,Semi-Furnished,Borehole,Moderate,775000
Challenge,Self Contained,1,1,37,503,2015,Semi-Furnished,Borehole,Stable,293000
Akobo,3 Bedroom Flat,3,3,135,565,2017,Unfurnished,Borehole,Stable,1273000
Ajibode,Self Contained,1,1,28,417,1997,Unfurnished,Well,Moderate,280000
Agbowo,Room,1,1,28,252,1996,Unfurnished,Public,Stable,217000
Agbowo,Room,1,1,21,454,1996,Semi-Furnished,Borehole,Moderate,277000
Ajibode,Mini Flat,1,2,58,483,2018,Unfurnished,Well,Poor,472000
Oluyole,Self Contained,1,1,33,602,1992,Unfurnished,Borehole,Poor,380000
Oluyole,Self Contained,1,1,30,486,2005,Fully Furnished,Borehole,Poor,526000
Oluyole,Self Contained,1,1,32,420,2002,Fully Furnished,Well,Stable,519000
Oluyole,Room,1,1,21,279,2007,Unfurnished,Borehole,Stable,246000
Ajibode,Room,1,1,22,558,2002,Semi-Furnished,Borehole,Poor,263000
Apata,2 Bedroom Flat,2,2,74,406,2020,Fully Furnished,Borehole,Moderate,905000
Mokola,Self Contained,1,1,25,787,1992,Semi-Furnished,Well,Stable,300000
Ring Road,3 Bedroom Flat,3,3,113,577,2019,Semi-Furnished,Borehole,Moderate,1106000
Ajibode,Self Contained,1,1,28,651,1992,Semi-Furnished,Well,Moderate,357000
Apata,Room,1,1,26,505,2015,Unfurnished,Borehole,Stable,162000
Challenge,Self Contained,1,1,34,586,1991,Unfurnished,Public,Poor,267000
Mokola,2 Bedroom Flat,2,2,95,389,2023,Unfurnished,Public,Moderate,620000
Ajibode,Room,1,1,24,337,2002,Unfurnished,Public,Stable,226000
Oluyole,2 Bedroom Flat,2,2,96,552,2000,Unfurnished,Public,Stable,869000
Apata,Self Contained,1,1,30,652,1996,Fully Furnished,Borehole,Stable,370000
Oluyole,Room,1,1,24,200,2016,Unfurnished,Borehole,Stable,285000
Akobo,3 Bedroom Flat,3,3,129,460,1996,Unfurnished,Public,Moderate,1377000
Apata,Room,1,1,23,881,1997,Unfurnished,Borehole,Moderate,175000
Bodija,Room,1,1,18,636,2018,Semi-Furnished,Well,Stable,425000
Akobo,2 Bedroom Flat,2,2,80,826,2010,Unfurnished,Public,Moderate,734000
Bodija,2 Bedroom Flat,2,2,80,435,2015,Unfurnished,Well,Moderate,1039000
Apata,Self Contained,1,1,26,467,2009,Unfurnished,Borehole,Stable,209000
Ajibode,Mini Flat,1,2,59,724,2018,Semi-Furnished,Borehole,Stable,604000
Bodija,Self Contained,1,1,28,662,2004,Unfurnished,Public,Poor,486000
Oluyole,3 Bedroom Flat,3,3,120,533,2012,Semi-Furnished,Borehole,Moderate,1853000
Challenge,Self Contained,1,1,28,322,2004,Unfurnished,Borehole,Moderate,281000
Akobo,Self Contained,1,1,33,758,1999,Unfurnished,Borehole,Stable,352000
Ring Road,Room,1,1,22,1001,1991,Fully Furnished,Borehole,Poor,295000
Apata,2 Bedroom Flat,2,2,90,267,2019,Unfurnished,Well,Stable,421000
Ajibode,2 Bedroom Flat,2,2,72,802,2016,Unfurnished,Public,Moderate,660000
Agbowo,Self Contained,1,1,27,465,2006,Unfurnished,Well,Moderate,342000
Ajibode,2 Bedroom Flat,2,2,71,489,1992,Semi-Furnished,Borehole,Moderate,860000
Agbowo,Room,1,1,20,598,1997,Fully Furnished,Borehole,Moderate,239000
Bodija,Room,1,1,27,333,1993,Fully Furnished,Borehole,Poor,333000
Ring Road,2 Bedroom Flat,2,2,80,543,2013,Fully Furnished,Borehole,Stable,838000
Mokola,Room,1,1,29,259,2018,Fully Furnished,Borehole,Poor,267000
Ajibode,Mini Flat,1,2,55,635,1997,Unfurnished,Borehole,Moderate,403000
Ajibode,Mini Flat,1,2,62,952,2023,Unfurnished,Public,Moderate,410000
Akobo,Room,1,1,22,434,1998,Fully Furnished,Well,Moderate,375000
Bodija,Room,1,1,19,519,2006,Unfurnished,Well,Stable,250000
Agbowo,3 Bedroom Flat,3,3,159,528,1999,Fully Furnished,Borehole,Moderate,1257000
Ring Road,Mini Flat,1,2,50,727,2013,Unfurnished,Well,Stable,469000
Apata,Mini Flat,1,2,58,623,2011,Unfurnished,Borehole,Stable,457000
Agbowo,Self Contained,1,1,30,715,2006,Unfurnished,Public,Moderate,342000
Ring Road,Room,1,1,24,458,2020,Semi-Furnished,Public,Moderate,186000
Agbowo,Room,1,1,29,628,1998,Unfurnished,Well,Stable,226000
Oluyole,Room,1,1,21,200,2004,Fully Furnished,Public,Moderate,303000
Bodija,Room,1,1,19,670,2019,Unfurnished,Borehole,Poor,247000
Ajibode,Mini Flat,1,2,51,330,2006,Semi-Furnished,Borehole,Moderate,525000
Apata,Self Contained,1,1,34,491,1996,Unfurnished,Borehole,Stable,238000
Bodija,Mini Flat,1,2,45,684,2015,Fully Furnished,Borehole,Stable,826000
Oluyole,Room,1,1,23,273,1991,Unfurnished,Well,Poor,235000
Agbowo,Self Contained,1,1,37,746,2018,Unfurnished,Borehole,Moderate,333000
Ajibode,Room,1,1,23,527,1995,Unfurnished,Borehole,Stable,212000
Ajibode,3 Bedroom Flat,3,3,149,811,2022,Unfurnished,Borehole,Moderate,1071000
Bodija,Mini Flat,1,2,46,387,1990,Fully Furnished,Well,Moderate,1070000
Oluyole,Self Contained,1,1,39,223,1999,Unfurnished,Well,Moderate,399000
Agbowo,Self Contained,1,1,34,544,2020,Unfurnished,Well,Poor,303000
Oluyole,Mini Flat,1,2,58,655,2013,Semi-Furnished,Borehole,Stable,672000
Oluyole,2 Bedroom Flat,2,2,83,670,1997,Semi-Furnished,Well,Moderate,1000000
Oluyole,2 Bedroom Flat,2,2,74,345,2017,Fully Furnished,Borehole,Moderate,1384000
Bodija,Self Contained,1,1,33,257,2017,Semi-Furnished,Borehole,Moderate,475000
Ring Road,Self Contained,1,1,29,493,1997,Semi-Furnished,Borehole,Moderate,340000
Bodija,Self Contained,1,1,35,642,2018,Fully Furnished,Well,Moderate,591000
Bodija,Self Contained,1,1,29,633,2008,Unfurnished,Borehole,Poor,489000
Ajibode,Self Contained,1,1,26,832,2018,Unfurnished,Well,Stable,293000
Agbowo,Self Contained,1,1,35,482,2004,Unfurnished,Public,Moderate,321000
Ajibode,Mini Flat,1,2,64,217,2020,Semi-Furnished,Well,Poor,465000
Akobo,2 Bedroom Flat,2,2,95,765,1994,Semi-Furnished,Borehole,Moderate,1070000
Agbowo,2 Bedroom Flat,2,2,96,585,2017,Semi-Furnished,Borehole,Poor,737000
Agbowo,Mini Flat,1,2,50,600,2004,Unfurnished,Public,Stable,597000
Challenge,Mini Flat,1,2,46,688,1997,Unfurnished,Borehole,Moderate,486000
Agbowo,Self Contained,1,1,37,777,2021,Semi-Furnished,Borehole,Stable,400000
Agbowo,Mini Flat,1,2,55,545,2011,Fully Furnished,Well,Stable,608000
Ajibode,3 Bedroom Flat,3,3,135,761,1994,Unfurnished,Well,Moderate,843000
Challenge,Room,1,1,29,649,1999,Fully Furnished,Borehole,Poor,289000
Ajibode,Self Contained,1,1,36,431,2020,Unfurnished,Well,Moderate,301000
Bodija,3 Bedroom Flat,3,3,132,508,2012,Semi-Furnished,Public,Moderate,1961000
Bodija,Room,1,1,21,661,2021,Semi-Furnished,Borehole,Stable,308000
Oluyole,Self Contained,1,1,27,422,2013,Fully Furnished,Borehole,Poor,549000
Akobo,Mini Flat,1,2,48,709,1993,Unfurnished,Well,Poor,779000
Mokola,2 Bedroom Flat,2,2,81,578,2004,Semi-Furnished,Well,Moderate,684000
Ajibode,Self Contained,1,1,36,618,2000,Fully Furnished,Well,Poor,477000
Agbowo,Room,1,1,29,809,2014,Semi-Furnished,Borehole,Stable,277000
Agbowo,Room,1,1,27,614,2015,Semi-Furnished,Borehole,Stable,252000
Ajibode,Self Contained,1,1,25,562,2022,Unfurnished,Well,Poor,321000
Agbowo,Mini Flat,1,2,49,535,2009,Unfurnished,Public,Moderate,478000
Agbowo,Room,1,1,21,525,2023,Semi-Furnished,Public,Moderate,210000
Bodija,Room,1,1,28,606,2001,Unfurnished,Well,Stable,290000
Oluyole,Room,1,1,28,795,1993,Semi-Furnished,Borehole,Poor,330000
Agbowo,Self Contained,1,1,29,439,2002,Unfurnished,Borehole,Moderate,286000
Oluyole,Mini Flat,1,2,50,426,1992,Unfurnished,Borehole,Poor,537000
Agbowo,Self Contained,1,1,33,781,2006,Fully Furnished,Borehole,Stable,447000
Agbowo,Room,1,1,19,448,1996,Semi-Furnished,Well,Poor,183000
Bodija,3 Bedroom Flat,3,3,133,588,2003,Unfurnished,Borehole,Stable,1266000
Ajibode,Room,1,1,28,443,2021,Fully Furnished,Well,Stable,302000
Ajibode,Room,1,1,21,247,2015,Unfurnished,Borehole,Moderate,129000
Agbowo,3 Bedroom Flat,3,3,138,585,2020,Unfurnished,Public,Moderate,1060000
Apata,3 Bedroom Flat,3,3,140,750,2020,Unfurnished,Well,Moderate,781000
Oluyole,Self Contained,1,1,35,538,2005,Unfurnished,Borehole,Moderate,296000
Ajibode,Self Contained,1,1,34,283,1990,Unfurnished,Well,Moderate,365000
Mokola,Self Contained,1,1,27,569,2023,Fully Furnished,Borehole,Stable,416000
Oluyole,Room,1,1,22,413,2015,Unfurnished,Well,Stable,275000
Akobo,Room,1,1,25,200,2019,Unfurnished,Public,Stable,232000
Mokola,Room,1,1,28,535,1994,Unfurnished,Borehole,Stable,171000
Agbowo,Self Contained,1,1,31,643,2013,Unfurnished,Public,Poor,302000
Agbowo,Room,1,1,27,761,1999,Fully Furnished,Public,Moderate,327000
Bodija,Room,1,1,27,866,1991,Semi-Furnished,Well,Poor,342000
Bodija,Mini Flat,1,2,59,667,2018,Fully Furnished,Well,Poor,809000
Bodija,Room,1,1,19,718,2008,Unfurnished,Well,Moderate,263000
Akobo,Self Contained,1,1,25,318,2003,Fully Furnished,Well,Stable,643000
Apata,2 Bedroom Flat,2,2,98,841,2017,Semi-Furnished,Well,Moderate,754000
Ring Road,Self Contained,1,1,37,778,2023,Semi-Furnished,Well,Poor,297000
Ring Road,Room,1,1,23,483,1993,Unfurnished,Borehole,Stable,199000
Challenge,Mini Flat,1,2,54,672,2014,Semi-Furnished,Well,Moderate,542000
Apata,Room,1,1,29,654,1995,Unfurnished,Borehole,Moderate,167000
Ajibode,2 Bedroom Flat,2,2,86,814,2017,Unfurnished,Borehole,Stable,907000
Agbowo,Self Contained,1,1,31,522,1998,Fully Furnished,Well,Moderate,428000
Bodija,Self Contained,1,1,37,415,2007,Semi-Furnished,Well,Moderate,611000
Mokola,Self Contained,1,1,37,461,2020,Unfurnished,Public,Poor,333000
Bodija,Room,1,1,25,711,2011,Unfurnished,Borehole,Moderate,288000
Challenge,3 Bedroom Flat,3,3,159,204,1993,Semi-Furnished,Well,Poor,1130000
Ajibode,2 Bedroom Flat,2,2,78,200,2022,Unfurnished,Borehole,Poor,811000
Agbowo,Room,1,1,27,710,2002,Unfurnished,Well,Moderate,195000
Oluyole,Self Contained,1,1,26,599,2004,Unfurnished,Well,Stable,330000
Ajibode,Self Contained,1,1,35,553,2022,Unfurnished,Well,Moderate,281000
Agbowo,Self Contained,1,1,28,315,2017,Unfurnished,Borehole,Stable,361000
Agbowo,Mini Flat,1,2,62,242,2023,Fully Furnished,Borehole,Poor,661000
Agbowo,Self Contained,1,1,29,435,1990,Unfurnished,Well,Moderate,303000
Oluyole,Room,1,1,28,615,2020,Semi-Furnished,Borehole,Stable,304000
Agbowo,Self Contained,1,1,39,444,2006,Semi-Furnished,Public,Moderate,373000
Bodija,Mini Flat,1,2,51,712,2011,Unfurnished,Public,Moderate,751000
Ajibode,Mini Flat,1,2,62,378,2021,Unfurnished,Borehole,Poor,516000
Challenge,Self Contained,1,1,36,456,2018,Semi-Furnished,Borehole,Moderate,364000
Agbowo,Room,1,1,19,676,1990,Unfurnished,Borehole,Moderate,215000
Akobo,Room,1,1,29,482,2017,Semi-Furnished,Borehole,Moderate,346000
Oluyole,2 Bedroom Flat,2,2,97,491,1991,Unfurnished,Borehole,Moderate,816000
Ajibode,Self Contained,1,1,25,434,2014,Unfurnished,Public,Stable,273000
Ring Road,Mini Flat,1,2,47,400,2010,Unfurnished,Public,Moderate,517000
Akobo,Room,1,1,18,613,2015,Fully Furnished,Borehole,Stable,368000
Agbowo,Room,1,1,26,637,1990,Fully Furnished,Borehole,Poor,213000
Ajibode,2 Bedroom Flat,2,2,74,590,2021,Fully Furnished,Borehole,Stable,989000
Apata,2 Bedroom Flat,2,2,72,439,1998,Unfurnished,Well,Moderate,667000
Challenge,Self Contained,1,1,37,513,1994,Unfurnished,Borehole,Stable,248000
Ajibode,Mini Flat,1,2,47,837,2006,Fully Furnished,Public,Poor,697000
Agbowo,Duplex,4,4,253,294,2018,Unfurnished,Borehole,Stable,2164000
Challenge,Room,1,1,24,889,2008,Unfurnished,Borehole,Moderate,189000
Oluyole,Room,1,1,24,567,2018,Semi-Furnished,Borehole,Stable,293000
Challenge,Self Contained,1,1,28,517,2001,Unfurnished,Borehole,Poor,302000
Bodija,3 Bedroom Flat,3,3,124,721,1997,Unfurnished,Borehole,Poor,1549000
Oluyole,Room,1,1,23,200,2020,Unfurnished,Public,Stable,269000
Agbowo,Mini Flat,1,2,56,798,2004,Unfurnished,Well,Stable,519000
Ajibode,Room,1,1,21,884,2023,Semi-Furnished,Borehole,Stable,235000
Akobo,Room,1,1,20,745,2015,Unfurnished,Public,Poor,276000
Ologuneru,Self Contained,1,1,28,200,2018,Semi-Furnished,Well,Poor,267000
Agbowo,Mini Flat,1,2,46,687,2022,Unfurnished,Well,Poor,377000
Bodija,Self Contained,1,1,26,846,2022,Fully Furnished,Well,Moderate,626000
Oluyole,Room,1,1,24,827,2010,Unfurnished,Borehole,Stable,239000
Bodija,Room,1,1,18,296,2019,Unfurnished,Borehole,Stable,295000
Mokola,Mini Flat,1,2,61,732,2008,Unfurnished,Borehole,Moderate,403000
Challenge,2 Bedroom Flat,2,2,98,873,2021,Unfurnished,Borehole,Poor,655000
Ajibode,2 Bedroom Flat,2,2,82,555,1990,Unfurnished,Well,Poor,740000
Ologuneru,Self Contained,1,1,28,288,2022,Unfurnished,Well,Stable,259000
Challenge,Self Contained,1,1,27,699,2015,Unfurnished,Borehole,Moderate,275000
Mokola,Room,1,1,18,739,2016,Fully Furnished,Well,Poor,258000
Akobo,Self Contained,1,1,29,524,2017,Unfurnished,Well,Poor,350000
Mokola,2 Bedroom Flat,2,2,92,335,2009,Unfurnished,Well,Moderate,720000
Ajibode,3 Bedroom Flat,3,3,143,726,1997,Unfurnished,Public,Poor,1096000
Agbowo,Self Contained,1,1,34,411,2015,Unfurnished,Well,Poor,349000
Ring Road,Self Contained,1,1,29,621,2020,Unfurnished,Public,Stable,260000
Ajibode,3 Bedroom Flat,3,3,134,830,1994,Unfurnished,Well,Moderate,874000
Ajibode,Self Contained,1,1,36,251,2000,Unfurnished,Borehole,Stable,276000
Challenge,Room,1,1,19,713,2010,Unfurnished,Borehole,Moderate,183000
Mokola,Room,1,1,20,512,1997,Semi-Furnished,Borehole,Stable,173000
Ajibode,Self Contained,1,1,26,517,2015,Semi-Furnished,Borehole,Poor,316000
Mokola,Room,1,1,28,642,2001,Unfurnished,Borehole,Poor,193000
Oluyole,Room,1,1,29,411,2002,Unfurnished,Well,Moderate,223000
Bodija,Self Contained,1,1,35,338,1999,Unfurnished,Borehole,Moderate,392000
Mokola,Room,1,1,24,228,2018,Fully Furnished,Borehole,Moderate,216000
Agbowo,Mini Flat,1,2,48,771,1997,Fully Furnished,Well,Moderate,603000
Ajibode,Self Contained,1,1,36,483,1990,Semi-Furnished,Borehole,Poor,279000
Agbowo,Self Contained,1,1,27,652,1998,Semi-Furnished,Borehole,Poor,340000
Bodija,Self Contained,1,1,36,462,1993,Unfurnished,Well,Moderate,388000
Bodija,Room,1,1,28,340,2022,Unfurnished,Borehole,Moderate,283000
Challenge,2 Bedroom Flat,2,2,84,667,2010,Unfurnished,Borehole,Poor,770000
Challenge,Room,1,1,25,609,1996,Semi-Furnished,Borehole,Moderate,226000
Akobo,Mini Flat,1,2,56,507,2021,Fully Furnished,Public,Poor,903000
Challenge,Self Contained,1,1,28,604,2017,Unfurnished,Well,Moderate,289000
Ajibode,Room,1,1,29,377,2015,Unfurnished,Borehole,Poor,177000
Ajibode,Room,1,1,23,740,2023,Unfurnished,Borehole,Moderate,208000
Ring Road,Room,1,1,21,782,1998,Semi-Furnished,Public,Moderate,248000
Ajibode,Self Contained,1,1,35,686,1995,Fully Furnished,Borehole,Poor,483000
Agbowo,2 Bedroom Flat,2,2,90,483,2011,Unfurnished,Public,Stable,724000
Oluyole,Mini Flat,1,2,51,560,1998,Semi-Furnished,Borehole,Moderate,722000
Agbowo,Room,1,1,18,832,2004,Unfurnished,Public,Poor,240000
Ring Road,2 Bedroom Flat,2,2,93,780,1990,Unfurnished,Borehole,Poor,733000
Agbowo,Room,1,1,22,908,2021,Unfurnished,Well,Moderate,239000
Ajibode,Room,1,1,26,409,2007,Unfurnished,Borehole,Moderate,198000
Agbowo,Self Contained,1,1,36,393,2000,Unfurnished,Borehole,Stable,337000
Akobo,2 Bedroom Flat,2,2,93,574,2022,Fully Furnished,Well,Moderate,1467000
Agbowo,Room,1,1,22,623,1993,Semi-Furnished,Borehole,Moderate,226000
Bodija,3 Bedroom Flat,3,3,123,524,2023,Semi-Furnished,Borehole,Moderate,1888000
Ring Road,Room,1,1,19,479,2008,Unfurnished,Public,Moderate,190000
Ring Road,Mini Flat,1,2,59,778,2001,Semi-Furnished,Borehole,Stable,596000
Agbowo,Self Contained,1,1,37,533,2011,Unfurnished,Well,Poor,246000
Bodija,Room,1,1,22,331,2001,Unfurnished,Borehole,Poor,255000
Bodija,Duplex,4,4,234,352,2017,Unfurnished,Borehole,Moderate,3033000
Apata,Mini Flat,1,2,61,594,2004,Unfurnished,Borehole,Poor,395000
Ologuneru,Self Contained,1,1,26,1090,1993,Unfurnished,Borehole,Stable,267000
Agbowo,Self Contained,1,1,37,374,1997,Unfurnished,Well,Poor,350000
Oluyole,Room,1,1,21,493,2020,Unfurnished,Well,Stable,233000
Agbowo,Mini Flat,1,2,58,982,2015,Unfurnished,Public,Stable,510000
Ajibode,Self Contained,1,1,28,462,1992,Semi-Furnished,Public,Moderate,346000
Ajibode,2 Bedroom Flat,2,2,95,631,1996,Unfurnished,Borehole,Stable,754000
Bodija,Self Contained,1,1,33,887,2004,Semi-Furnished,Borehole,Moderate,449000
Bodija,Room,1,1,18,378,2009,Unfurnished,Borehole,Stable,319000
Ajibode,Room,1,1,19,494,2006,Unfurnished,Public,Stable,223000
Oluyole,Mini Flat,1,2,50,462,2021,Unfurnished,Borehole,Moderate,657000
Agbowo,Self Contained,1,1,27,276,1999,Unfurnished,Well,Poor,394000
Bodija,Room,1,1,21,832,2005,Unfurnished,Well,Poor,326000
Agbowo,Self Contained,1,1,33,444,2015,Semi-Furnished,Borehole,Moderate,271000
Ajibode,Room,1,1,21,392,2011,Fully Furnished,Borehole,Moderate,282000
Agbowo,3 Bedroom Flat,3,3,158,470,2004,Unfurnished,Well,Moderate,1063000
Agbowo,Self Contained,1,1,31,717,2001,Semi-Furnished,Borehole,Stable,275000
Bodija,Self Contained,1,1,30,570,1992,Unfurnished,Borehole,Poor,447000
Ajibode,Room,1,1,29,407,2013,Fully Furnished,Well,Moderate,266000
Bodija,2 Bedroom Flat,2,2,86,623,1991,Semi-Furnished,Well,Moderate,1393000
Ajibode,3 Bedroom Flat,3,3,117,696,1993,Unfurnished,Borehole,Poor,982000
Oluyole,Room,1,1,19,545,2012,Semi-Furnished,Borehole,Moderate,234000
Challenge,Room,1,1,20,507,2012,Semi-Furnished,Well,Moderate,193000
Ajibode,Self Contained,1,1,30,732,1997,Unfurnished,Borehole,Moderate,323000
Bodija,Mini Flat,1,2,62,517,2001,Unfurnished,Borehole,Poor,877000
Ajibode,2 Bedroom Flat,2,2,86,839,1998,Semi-Furnished,Public,Moderate,847000
Akobo,Self Contained,1,1,29,413,2000,Unfurnished,Public,Stable,306000
Agbowo,Room,1,1,28,409,2020,Unfurnished,Public,Moderate,205000
Bodija,Self Contained,1,1,35,387,1990,Semi-Furnished,Borehole,Moderate,483000
Bodija,2 Bedroom Flat,2,2,81,507,2004,Semi-Furnished,Public,Stable,1185000
Apata,Self Contained,1,1,26,550,1996,Unfurnished,Borehole,Moderate,286000
Bodija,Self Contained,1,1,27,311,2017,Unfurnished,Well,Stable,492000
Akobo,Self Contained,1,1,30,567,1995,Unfurnished,Borehole,Poor,443000
Agbowo,Self Contained,1,1,30,651,2009,Fully Furnished,Well,Moderate,442000
Apata,2 Bedroom Flat,2,2,91,286,2013,Unfurnished,Borehole,Poor,586000
Challenge,Self Contained,1,1,31,456,2001,Fully Furnished,Borehole,Moderate,356000
Agbowo,Room,1,1,24,652,1992,Unfurnished,Well,Stable,213000
Mokola,Room,1,1,19,353,2017,Unfurnished,Well,Moderate,191000
Agbowo,Room,1,1,23,493,2001,Unfurnished,Borehole,Moderate,170000
Mokola,Room,1,1,19,745,2005,Semi-Furnished,Borehole,Poor,269000
Mokola,3 Bedroom Flat,3,3,130,873,2004,Unfurnished,Borehole,Poor,752000
Ajibode,Self Contained,1,1,32,629,2020,Semi-Furnished,Public,Poor,365000
Oluyole,Self Contained,1,1,35,519,2010,Semi-Furnished,Borehole,Poor,417000
Agbowo,Room,1,1,19,459,2007,Semi-Furnished,Borehole,Moderate,242000
Agbowo,Self Contained,1,1,28,713,1995,Semi-Furnished,Well,Moderate,308000
Agbowo,Mini Flat,1,2,57,754,2006,Fully Furnished,Borehole,Poor,818000
Oluyole,Duplex,4,4,267,341,2012,Unfurnished,Public,Stable,2448000
Agbowo,Self Contained,1,1,39,713,2007,Unfurnished,Borehole,Poor,356000
Ajibode,2 Bedroom Flat,2,2,71,440,2000,Unfurnished,Borehole,Moderate,673000
Oluyole,Room,1,1,27,395,2012,Semi-Furnished,Borehole,Stable,262000
Ajibode,2 Bedroom Flat,2,2,72,522,2006,Fully Furnished,Public,Moderate,1210000
Ajibode,Room,1,1,20,728,1995,Semi-Furnished,Borehole,Moderate,239000
Agbowo,Room,1,1,22,605,2013,Fully Furnished,Well,Stable,263000
Agbowo,Self Contained,1,1,36,600,2005,Fully Furnished,Borehole,Moderate,508000
Bodija,Self Contained,1,1,28,613,2018,Semi-Furnished,Well,Moderate,560000
Ajibode,Mini Flat,1,2,59,634,2018,Unfurnished,Borehole,Stable,553000
Ologuneru,2 Bedroom Flat,2,2,82,529,2017,Semi-Furnished,Well,Stable,630000
Oluyole,2 Bedroom Flat,2,2,87,663,2005,Fully Furnished,Borehole,Moderate,1107000
Agbowo,Mini Flat,1,2,60,431,1992,Unfurnished,Public,Moderate,600000
Agbowo,Room,1,1,27,667,2013,Unfurnished,Borehole,Stable,211000
Bodija,Room,1,1,23,704,2007,Unfurnished,Well,Moderate,271000
Akobo,Self Contained,1,1,31,675,2006,Fully Furnished,Borehole,Stable,609000
Ajibode,Room,1,1,19,685,1999,Fully Furnished,Borehole,Stable,322000
Ajibode,Self Contained,1,1,29,633,2014,Unfurnished,Public,Moderate,290000
Mokola,Mini Flat,1,2,55,761,2012,Fully Furnished,Public,Moderate,605000
Agbowo,Room,1,1,28,200,2008,Semi-Furnished,Public,Moderate,297000
Agbowo,Room,1,1,22,703,1999,Semi-Furnished,Borehole,Poor,262000
Ring Road,2 Bedroom Flat,2,2,80,905,2000,Unfurnished,Well,Moderate,667000
Oluyole,Room,1,1,25,438,1994,Unfurnished,Well,Poor,225000
Agbowo,Self Contained,1,1,35,417,1995,Semi-Furnished,Well,Stable,308000
Oluyole,Mini Flat,1,2,59,781,1992,Unfurnished,Borehole,Poor,416000
Ajibode,2 Bedroom Flat,2,2,84,383,2000,Semi-Furnished,Well,Stable,877000
Oluyole,Room,1,1,23,429,2013,Unfurnished,Borehole,Moderate,221000
Bodija,Self Contained,1,1,38,580,2015,Fully Furnished,Borehole,Moderate,568000
Mokola,2 Bedroom Flat,2,2,90,406,2015,Unfurnished,Borehole,Moderate,691000
Apata,Self Contained,1,1,38,707,2013,Semi-Furnished,Well,Poor,279000
Apata,Mini Flat,1,2,45,407,1993,Unfurnished,Borehole,Poor,449000
Ring Road,Self Contained,1,1,29,614,1999,Unfurnished,Public,Poor,239000
Bodija,Room,1,1,25,601,2023,Unfurnished,Borehole,Moderate,268000
Agbowo,Self Contained,1,1,27,849,2018,Unfurnished,Borehole,Moderate,366000
Bodija,Mini Flat,1,2,49,759,2015,Unfurnished,Well,Stable,651000
Oluyole,Self Contained,1,1,27,454,2008,Unfurnished,Public,Moderate,379000
Ring Road,Mini Flat,1,2,47,322,2010,Fully Furnished,Borehole,Stable,656000
Ajibode,Room,1,1,22,700,2008,Semi-Furnished,Borehole,Moderate,245000
Ring Road,Room,1,1,26,432,2008,Unfurnished,Borehole,Moderate,188000
Mokola,2 Bedroom Flat,2,2,90,489,2007,Unfurnished,Well,Moderate,633000
Ologuneru,2 Bedroom Flat,2,2,75,359,2003,Semi-Furnished,Borehole,Moderate,805000
Ring Road,Room,1,1,29,672,2007,Fully Furnished,Borehole,Stable,279000
Agbowo,Mini Flat,1,2,57,433,2017,Unfurnished,Borehole,Moderate,461000
Ajibode,Mini Flat,1,2,45,543,2008,Unfurnished,Well,Poor,468000
Ajibode,Self Contained,1,1,33,546,2014,Fully Furnished,Public,Stable,487000
Agbowo,Self Contained,1,1,36,583,2004,Unfurnished,Borehole,Stable,347000
Akobo,Room,1,1,27,669,1992,Semi-Furnished,Borehole,Stable,283000
Challenge,Self Contained,1,1,28,506,2012,Semi-Furnished,Well,Poor,341000
Ring Road,3 Bedroom Flat,3,3,132,416,2001,Semi-Furnished,Borehole,Moderate,936000
Akobo,Mini Flat,1,2,59,215,2021,Semi-Furnished,Well,Stable,855000
Ajibode,Mini Flat,1,2,47,568,2017,Unfurnished,Well,Stable,466000
Ajibode,Self Contained,1,1,32,521,2023,Semi-Furnished,Borehole,Moderate,340000
Ajibode,Self Contained,1,1,30,422,1990,Fully Furnished,Borehole,Moderate,464000
Agbowo,Duplex,4,4,212,561,1999,Unfurnished,Borehole,Stable,1808000
Bodija,Self Contained,1,1,28,704,2016,Unfurnished,Borehole,Moderate,423000
Ajibode,Self Contained,1,1,35,750,2001,Semi-Furnished,Borehole,Moderate,401000
Agbowo,Room,1,1,25,273,2022,Semi-Furnished,Well,Poor,233000
Ajibode,Mini Flat,1,2,57,485,1993,Fully Furnished,Public,Poor,684000
Akobo,Room,1,1,21,722,2010,Unfurnished,Borehole,Poor,240000
Bodija,Self Contained,1,1,35,837,2009,Semi-Furnished,Well,Stable,476000
Bodija,Room,1,1,21,402,2006,Unfurnished,Borehole,Moderate,252000
Agbowo,Self Contained,1,1,31,798,2023,Semi-Furnished,Borehole,Poor,342000
Apata,Room,1,1,23,306,2003,Unfurnished,Borehole,Poor,176000
Ajibode,3 Bedroom Flat,3,3,158,756,1999,Unfurnished,Well,Moderate,970000
Bodija,Room,1,1,28,499,2009,Unfurnished,Borehole,Stable,239000
Oluyole,3 Bedroom Flat,3,3,134,831,2004,Semi-Furnished,Well,Stable,1336000
Bodija,Room,1,1,19,466,2016,Semi-Furnished,Well,Moderate,345000
Apata,Self Contained,1,1,28,494,2004,Unfurnished,Well,Poor,291000
Agbowo,2 Bedroom Flat,2,2,93,525,2008,Unfurnished,Borehole,Stable,777000
Bodija,Self Contained,1,1,26,273,2015,Semi-Furnished,Borehole,Stable,475000
Ajibode,Self Contained,1,1,35,232,2001,Unfurnished,Well,Poor,270000
Akobo,Self Contained,1,1,36,641,2013,Unfurnished,Borehole,Moderate,306000
Agbowo,3 Bedroom Flat,3,3,154,727,2022,Unfurnished,Borehole,Moderate,1210000
Ajibode,Self Contained,1,1,27,659,1994,Unfurnished,Borehole,Stable,288000
Bodija,2 Bedroom Flat,2,2,83,324,1998,Unfurnished,Borehole,Moderate,964000
Bodija,2 Bedroom Flat,2,2,70,636,2003,Unfurnished,Public,Poor,1185000
Ajibode,2 Bedroom Flat,2,2,97,371,2014,Unfurnished,Borehole,Poor,672000
Oluyole,Mini Flat,1,2,59,623,1996,Unfurnished,Borehole,Moderate,739000
Akobo,Room,1,1,19,753,2023,Unfurnished,Borehole,Stable,267000
Ajibode,Room,1,1,21,616,1996,Semi-Furnished,Borehole,Moderate,233000
Bodija,3 Bedroom Flat,3,3,153,814,2020,Unfurnished,Borehole,Moderate,1440000
Oluyole,3 Bedroom Flat,3,3,145,523,2021,Fully Furnished,Borehole,Moderate,1626000
Bodija,Self Contained,1,1,33,511,2010,Unfurnished,Borehole,Stable,416000
Agbowo,Room,1,1,29,562,2004,Semi-Furnished,Well,Moderate,212000
Agbowo,Mini Flat,1,2,56,308,2019,Semi-Furnished,Well,Moderate,628000
Akobo,Self Contained,1,1,29,477,1993,Unfurnished,Borehole,Stable,408000
Apata,Room,1,1,19,493,2023,Unfurnished,Borehole,Moderate,162000
Oluyole,Duplex,4,4,223,498,1998,Semi-Furnished,Borehole,Stable,2965000
Ajibode,Self Contained,1,1,30,598,2001,Unfurnished,Borehole,Moderate,291000
Bodija,Room,1,1,21,283,2019,Unfurnished,Borehole,Stable,316000
Ring Road,Room,1,1,24,343,2013,Unfurnished,Borehole,Stable,152000
Ajibode,2 Bedroom Flat,2,2,78,753,2018,Unfurnished,Borehole,Moderate,707000
Ologuneru,Self Contained,1,1,31,200,2011,Fully Furnished,Public,Moderate,372000
Apata,Room,1,1,25,660,2009,Semi-Furnished,Well,Moderate,160000
Ajibode,Self Contained,1,1,30,482,1998,Unfurnished,Borehole,Stable,303000
Apata,2 Bedroom Flat,2,2,73,578,2011,Unfurnished,Borehole,Moderate,586000
Agbowo,Self Contained,1,1,30,830,2005,Unfurnished,Public,Stable,340000
Mokola,Room,1,1,19,526,1991,Unfurnished,Well,Moderate,160000
Agbowo,Mini Flat,1,2,50,662,2012,Unfurnished,Well,Moderate,478000
Bodija,2 Bedroom Flat,2,2,78,560,2018,Unfurnished,Borehole,Moderate,833000
Akobo,3 Bedroom Flat,3,3,147,530,2000,Unfurnished,Borehole,Stable,1411000
Challenge,Room,1,1,23,508,2011,Fully Furnished,Borehole,Poor,164000
Ajibode,Room,1,1,23,676,1992,Semi-Furnished,Well,Moderate,253000
Akobo,Mini Flat,1,2,49,418,2001,Unfurnished,Borehole,Moderate,582000
Ajibode,Room,1,1,25,346,1990,Fully Furnished,Borehole,Poor,189000
Agbowo,2 Bedroom Flat,2,2,80,563,2015,Fully Furnished,Well,Moderate,1022000
Agbowo,2 Bedroom Flat,2,2,86,584,2023,Unfurnished,Borehole,Moderate,678000
Bodija,2 Bedroom Flat,2,2,83,221,2018,Unfurnished,Well,Moderate,1206000
Agbowo,Self Contained,1,1,36,548,2022,Semi-Furnished,Public,Stable,352000
Ajibode,Room,1,1,20,329,2021,Unfurnished,Borehole,Stable,213000
Ajibode,Self Contained,1,1,26,662,2014,Semi-Furnished,Public,Poor,342000
Ajibode,Room,1,1,24,225,1991,Unfurnished,Borehole,Moderate,197000
Bodija,Self Contained,1,1,35,896,2004,Unfurnished,Well,Moderate,465000
Apata,Mini Flat,1,2,61,489,2002,Unfurnished,Borehole,Moderate,451000
Ajibode,Mini Flat,1,2,49,394,2004,Fully Furnished,Borehole,Poor,635000
Apata,Room,1,1,19,499,1995,Unfurnished,Borehole,Poor,173000
Oluyole,2 Bedroom Flat,2,2,86,650,2010,Semi-Furnished,Borehole,Moderate,862000
Akobo,Mini Flat,1,2,60,710,2015,Semi-Furnished,Borehole,Poor,716000
Akobo,Self Contained,1,1,25,500,2007,Unfurnished,Well,Stable,438000
Mokola,Self Contained,1,1,28,291,1995,Semi-Furnished,Well,Poor,294000
Ajibode,Self Contained,1,1,29,331,2003,Semi-Furnished,Well,Moderate,232000
Bodija,Mini Flat,1,2,52,601,2007,Unfurnished,Public,Moderate,736000
Oluyole,3 Bedroom Flat,3,3,120,727,2009,Unfurnished,Public,Moderate,1485000
Akobo,Room,1,1,27,751,2004,Fully Furnished,Public,Moderate,257000
Mokola,3 Bedroom Flat,3,3,156,580,2016,Semi-Furnished,Well,Stable,1222000
Ajibode,2 Bedroom Flat,2,2,82,724,2013,Unfurnished,Borehole,Stable,737000
Oluyole,Self Contained,1,1,25,894,2001,Semi-Furnished,Borehole,Moderate,488000
Bodija,Room,1,1,25,764,1990,Semi-Furnished,Borehole,Stable,351000
Agbowo,Room,1,1,22,715,2003,Unfurnished,Borehole,Poor,259000
Agbowo,2 Bedroom Flat,2,2,76,404,2021,Semi-Furnished,Well,Poor,741000
Akobo,Self Contained,1,1,35,723,1992,Semi-Furnished,Well,Poor,450000
Ring Road,Self Contained,1,1,31,633,1999,Fully Furnished,Borehole,Poor,351000
Bodija,Mini Flat,1,2,46,667,2015,Semi-Furnished,Public,Moderate,806000
Mokola,Room,1,1,26,776,2020,Semi-Furnished,Borehole,Poor,222000
Agbowo,Self Contained,1,1,36,614,1999,Fully Furnished,Borehole,Moderate,463000
Ajibode,Mini Flat,1,2,55,531,1990,Fully Furnished,Borehole,Poor,460000
Ajibode,2 Bedroom Flat,2,2,90,357,2021,Semi-Furnished,Borehole,Poor,816000
Ajibode,3 Bedroom Flat,3,3,115,496,2008,Unfurnished,Borehole,Moderate,1270000
Agbowo,3 Bedroom Flat,3,3,115,588,1990,Unfurnished,Well,Stable,977000
Agbowo,Mini Flat,1,2,63,599,2015,Unfurnished,Public,Moderate,473000
Oluyole,2 Bedroom Flat,2,2,99,593,1994,Unfurnished,Borehole,Stable,975000
Challenge,Room,1,1,29,722,2015,Semi-Furnished,Borehole,Moderate,177000
Ajibode,2 Bedroom Flat,2,2,88,705,1990,Unfurnished,Borehole,Moderate,672000
Agbowo,Room,1,1,20,538,2019,Unfurnished,Borehole,Moderate,209000
Agbowo,Mini Flat,1,2,64,397,2001,Unfurnished,Borehole,Moderate,458000
Bodija,Self Contained,1,1,37,619,2013,Semi-Furnished,Borehole,Moderate,487000
Ajibode,Self Contained,1,1,38,954,2014,Semi-Furnished,Borehole,Moderate,343000
Ajibode,Mini Flat,1,2,60,607,1997,Semi-Furnished,Borehole,Poor,547000
Apata,Mini Flat,1,2,46,496,2001,Fully Furnished,Borehole,Poor,563000
Challenge,Room,1,1,23,646,2016,Semi-Furnished,Borehole,Moderate,209000
Ajibode,Mini Flat,1,2,54,657,2001,Unfurnished,Borehole,Stable,447000
Agbowo,Self Contained,1,1,35,655,2021,Semi-Furnished,Well,Poor,412000
Agbowo,2 Bedroom Flat,2,2,88,797,2005,Unfurnished,Well,Poor,791000
Challenge,Self Contained,1,1,27,619,2019,Semi-Furnished,Borehole,Moderate,375000
Bodija,Self Contained,1,1,28,788,2021,Semi-Furnished,Borehole,Moderate,376000
Ajibode,Self Contained,1,1,37,591,2004,Fully Furnished,Well,Poor,426000
Oluyole,Room,1,1,18,822,2010,Semi-Furnished,Borehole,Moderate,235000
Agbowo,3 Bedroom Flat,3,3,118,767,2018,Unfurnished,Well,Moderate,970000
Agbowo,Room,1,1,26,715,2019,Semi-Furnished,Borehole,Poor,238000
Agbowo,Room,1,1,27,692,2014,Unfurnished,Borehole,Poor,251000
Bodija,Self Contained,1,1,27,964,2009,Unfurnished,Well,Stable,420000
Agbowo,Room,1,1,25,743,1999,Fully Furnished,Public,Stable,237000
Agbowo,2 Bedroom Flat,2,2,76,397,2020,Semi-Furnished,Public,Moderate,788000
Agbowo,2 Bedroom Flat,2,2,88,594,1990,Semi-Furnished,Public,Stable,860000
Ajibode,Mini Flat,1,2,53,502,1999,Semi-Furnished,Borehole,Moderate,617000
Challenge,Self Contained,1,1,31,921,2007,Fully Furnished,Well,Moderate,332000
Ajibode,Room,1,1,27,775,2002,Unfurnished,Public,Moderate,185000
Ajibode,Room,1,1,18,915,2021,Unfurnished,Borehole,Poor,198000
Akobo,Room,1,1,28,413,2011,Unfurnished,Borehole,Moderate,237000
Challenge,Room,1,1,28,748,1995,Semi-Furnished,Borehole,Moderate,208000
Mokola,Mini Flat,1,2,60,304,2022,Unfurnished,Well,Moderate,438000
Bodija,Room,1,1,24,263,1990,Unfurnished,Borehole,Moderate,303000
Ajibode,Room,1,1,24,478,1992,Semi-Furnished,Borehole,Moderate,222000
Oluyole,Mini Flat,1,2,46,822,1994,Unfurnished,Public,Poor,724000
Oluyole,Self Contained,1,1,33,371,2016,Semi-Furnished,Borehole,Stable,515000
Agbowo,Self Contained,1,1,32,546,2001,Fully Furnished,Borehole,Stable,436000
Ring Road,Self Contained,1,1,25,763,2022,Semi-Furnished,Borehole,Poor,281000
Ajibode,Room,1,1,29,702,2016,Unfurnished,Well,Stable,203000
Ologuneru,Mini Flat,1,2,54,948,2002,Fully Furnished,Well,Moderate,445000
Mokola,Room,1,1,19,550,2000,Fully Furnished,Public,Moderate,265000
Oluyole,Self Contained,1,1,27,470,2000,Semi-Furnished,Well,Stable,393000
Apata,Room,1,1,23,352,1993,Semi-Furnished,Borehole,Poor,154000
Oluyole,2 Bedroom Flat,2,2,88,483,2007,Fully Furnished,Borehole,Moderate,1369000
Ajibode,Self Contained,1,1,35,351,2007,Unfurnished,Well,Poor,303000
Bodija,2 Bedroom Flat,2,2,82,226,2017,Semi-Furnished,Well,Moderate,1305000
Ajibode,Room,1,1,28,903,1995,Semi-Furnished,Borehole,Stable,209000
Agbowo,3 Bedroom Flat,3,3,145,558,1994,Fully Furnished,Borehole,Stable,1513000
Challenge,Self Contained,1,1,29,1016,2000,Unfurnished,Public,Stable,246000
Agbowo,Duplex,4,4,266,398,1994,Unfurnished,Borehole,Moderate,1592000
Agbowo,2 Bedroom Flat,2,2,88,472,1998,Unfurnished,Borehole,Poor,654000
Akobo,Room,1,1,28,410,2012,Semi-Furnished,Borehole,Moderate,288000
Ring Road,Room,1,1,24,434,2000,Semi-Furnished,Borehole,Moderate,280000
Ajibode,Room,1,1,18,707,2004,Semi-Furnished,Borehole,Moderate,249000
Agbowo,Self Contained,1,1,27,651,2014,Semi-Furnished,Borehole,Stable,353000
Ajibode,Room,1,1,21,707,2006,Unfurnished,Well,Moderate,188000
Oluyole,3 Bedroom Flat,3,3,159,791,2015,Unfurnished,Well,Moderate,1224000
Ajibode,Self Contained,1,1,38,749,2003,Unfurnished,Well,Moderate,356000
Oluyole,Mini Flat,1,2,60,368,1998,Semi-Furnished,Public,Moderate,633000
Agbowo,Self Contained,1,1,37,455,2016,Unfurnished,Public,Moderate,328000
Ajibode,Self Contained,1,1,36,571,2016,Semi-Furnished,Borehole,Poor,310000
Apata,Room,1,1,23,1221,2005,Unfurnished,Borehole,Stable,164000
Ajibode,Self Contained,1,1,34,689,2011,Semi-Furnished,Borehole,Poor,378000
Agbowo,2 Bedroom Flat,2,2,94,569,2019,Unfurnished,Well,Stable,785000
Ajibode,Self Contained,1,1,38,671,2015,Semi-Furnished,Borehole,Moderate,391000
Bodija,2 Bedroom Flat,2,2,70,441,2022,Fully Furnished,Well,Poor,1360000
Bodija,Self Contained,1,1,31,597,1990,Fully Furnished,Well,Moderate,696000
Agbowo,Mini Flat,1,2,59,721,2001,Unfurnished,Well,Stable,537000
Ajibode,Room,1,1,19,544,2006,Unfurnished,Borehole,Poor,224000
Agbowo,Mini Flat,1,2,63,413,2014,Unfurnished,Well,Moderate,546000
Oluyole,2 Bedroom Flat,2,2,90,535,2018,Semi-Furnished,Well,Moderate,1026000
Challenge,2 Bedroom Flat,2,2,94,492,2017,Unfurnished,Borehole,Moderate,707000
Bodija,2 Bedroom Flat,2,2,99,305,2008,Unfurnished,Borehole,Stable,677000
Akobo,Self Contained,1,1,28,447,1999,Semi-Furnished,Borehole,Moderate,348000
Ajibode,3 Bedroom Flat,3,3,110,299,2000,Semi-Furnished,Public,Stable,1106000
Agbowo,Room,1,1,27,327,1999,Semi-Furnished,Borehole,Stable,199000
Ajibode,2 Bedroom Flat,2,2,91,344,2019,Semi-Furnished,Public,Moderate,888000
Agbowo,Mini Flat,1,2,45,721,1996,Unfurnished,Borehole,Moderate,442000
Agbowo,Duplex,4,4,207,818,1994,Semi-Furnished,Borehole,Poor,2326000
Bodija,Self Contained,1,1,31,273,2017,Unfurnished,Borehole,Poor,396000
Akobo,Self Contained,1,1,27,834,2009,Unfurnished,Well,Moderate,483000
Apata,Room,1,1,21,347,2021,Unfurnished,Borehole,Stable,171000
Ajibode,Self Contained,1,1,35,684,2001,Semi-Furnished,Borehole,Poor,333000
Akobo,Duplex,4,4,200,596,1994,Semi-Furnished,Public,Stable,3454000
Mokola,Mini Flat,1,2,45,664,2019,Unfurnished,Well,Stable,446000
Akobo,Mini Flat,1,2,49,340,2022,Unfurnished,Borehole,Moderate,642000
Agbowo,Duplex,4,4,283,223,1999,Fully Furnished,Borehole,Stable,2934000
Agbowo,Mini Flat,1,2,58,405,2016,Unfurnished,Well,Poor,573000
Ajibode,Room,1,1,20,626,2001,Unfurnished,Borehole,Stable,180000
Agbowo,Room,1,1,27,902,1991,Fully Furnished,Borehole,Poor,262000
Challenge,Room,1,1,20,364,2019,Semi-Furnished,Borehole,Moderate,175000
Ajibode,2 Bedroom Flat,2,2,77,532,1994,Fully Furnished,Borehole,Moderate,786000
Ajibode,2 Bedroom Flat,2,2,90,415,2003,Unfurnished,Borehole,Poor,823000
Oluyole,2 Bedroom Flat,2,2,80,546,2015,Semi-Furnished,Borehole,Stable,1004000
Challenge,Room,1,1,18,202,1997,Unfurnished,Well,Stable,191000
Bodija,2 Bedroom Flat,2,2,94,819,2020,Unfurnished,Borehole,Moderate,1005000
Oluyole,Self Contained,1,1,36,554,1992,Unfurnished,Borehole,Moderate,397000
Agbowo,Room,1,1,18,715,2017,Unfurnished,Borehole,Moderate,193000
Ajibode,Self Contained,1,1,34,508,2003,Unfurnished,Borehole,Moderate,294000
Agbowo,Room,1,1,24,584,2000,Unfurnished,Well,Moderate,194000
Akobo,Room,1,1,27,753,2018,Unfurnished,Well,Moderate,292000
Apata,Room,1,1,18,573,2001,Fully Furnished,Public,Poor,205000
Ajibode,Self Contained,1,1,27,580,1998,Fully Furnished,Borehole,Poor,419000
Bodija,Room,1,1,20,407,2008,Fully Furnished,Borehole,Moderate,360000
Agbowo,Self Contained,1,1,32,453,1996,Fully Furnished,Public,Stable,448000
Bodija,Room,1,1,24,367,2006,Unfurnished,Borehole,Moderate,256000
Ajibode,2 Bedroom Flat,2,2,90,417,2012,Unfurnished,Borehole,Poor,881000
Agbowo,2 Bedroom Flat,2,2,77,775,2001,Unfurnished,Borehole,Poor,652000
Mokola,Room,1,1,22,875,1996,Semi-Furnished,Borehole,Stable,217000
Bodija,2 Bedroom Flat,2,2,73,325,2014,Unfurnished,Borehole,Poor,1094000
Bodija,Room,1,1,29,621,2003,Unfurnished,Borehole,Moderate,302000
Agbowo,Room,1,1,21,492,2020,Unfurnished,Well,Moderate,245000
Agbowo,Self Contained,1,1,26,801,2014,Semi-Furnished,Well,Stable,368000
Agbowo,3 Bedroom Flat,3,3,139,574,2000,Semi-Furnished,Borehole,Stable,1101000
Mokola,Self Contained,1,1,28,548,2000,Unfurnished,Well,Moderate,270000
Ologuneru,Self Contained,1,1,32,415,1996,Semi-Furnished,Borehole,Stable,304000
Agbowo,Self Contained,1,1,30,274,1992,Unfurnished,Borehole,Moderate,357000
Agbowo,3 Bedroom Flat,3,3,135,686,2004,Unfurnished,Borehole,Stable,988000
Mokola,Self Contained,1,1,34,613,1992,Semi-Furnished,Borehole,Poor,321000
Agbowo,Self Contained,1,1,35,617,2006,Fully Furnished,Well,Poor,445000
Bodija,Mini Flat,1,2,56,442,1996,Semi-Furnished,Well,Stable,792000
Agbowo,Room,1,1,24,523,2000,Unfurnished,Well,Stable,226000
Challenge,Room,1,1,25,692,2009,Unfurnished,Borehole,Stable,181000
Bodija,Room,1,1,26,726,1990,Semi-Furnished,Borehole,Moderate,318000
Challenge,Self Contained,1,1,35,337,2021,Unfurnished,Borehole,Poor,278000
Challenge,Mini Flat,1,2,64,435,2010,Semi-Furnished,Borehole,Moderate,509000
Ajibode,Self Contained,1,1,26,299,2020,Unfurnished,Public,Stable,346000
Oluyole,2 Bedroom Flat,2,2,75,586,2006,Semi-Furnished,Borehole,Stable,1007000
Challenge,Room,1,1,27,709,2014,Fully Furnished,Borehole,Stable,228000
Agbowo,Mini Flat,1,2,56,499,2022,Unfurnished,Borehole,Stable,513000
Ajibode,Mini Flat,1,2,63,430,2001,Unfurnished,Borehole,Moderate,570000
Ajibode,Self Contained,1,1,29,489,2017,Fully Furnished,Well,Poor,476000
Bodija,Room,1,1,26,965,2015,Unfurnished,Borehole,Moderate,240000
Agbowo,Mini Flat,1,2,59,764,1997,Unfurnished,Borehole,Poor,429000
Bodija,Mini Flat,1,2,54,681,2021,Semi-Furnished,Well,Moderate,787000
Ajibode,Duplex,4,4,182,607,2015,Unfurnished,Well,Moderate,2288000
Mokola,Mini Flat,1,2,60,547,1994,Unfurnished,Borehole,Moderate,480000
Agbowo,Room,1,1,24,386,2002,Semi-Furnished,Public,Stable,204000
Agbowo,Room,1,1,27,358,2008,Semi-Furnished,Well,Moderate,247000
Bodija,Mini Flat,1,2,64,447,1995,Unfurnished,Public,Stable,815000
Bodija,3 Bedroom Flat,3,3,132,378,1995,Unfurnished,Well,Stable,1799000
Ajibode,Room,1,1,23,440,2005,Semi-Furnished,Borehole,Moderate,236000
Agbowo,Room,1,1,22,531,2018,Unfurnished,Well,Moderate,217000
Ajibode,Room,1,1,24,545,2007,Unfurnished,Public,Moderate,184000
Oluyole,Room,1,1,21,438,2021,Semi-Furnished,Borehole,Stable,216000
Challenge,Room,1,1,23,639,2018,Unfurnished,Borehole,Poor,157000
Bodija,Room,1,1,23,515,2006,Fully Furnished,Well,Stable,333000
Oluyole,Room,1,1,28,588,1994,Unfurnished,Public,Moderate,256000
Oluyole,Room,1,1,25,415,2021,Semi-Furnished,Borehole,Poor,229000
Ajibode,Room,1,1,18,674,2018,Fully Furnished,Well,Poor,323000
Ologuneru,Mini Flat,1,2,64,453,2018,Unfurnished,Borehole,Poor,393000
Mokola,Self Contained,1,1,25,839,1992,Unfurnished,Well,Moderate,311000
Ajibode,Room,1,1,19,509,1993,Fully Furnished,Borehole,Moderate,316000
Ajibode,2 Bedroom Flat,2,2,96,532,2014,Unfurnished,Borehole,Poor,764000
Ajibode,Self Contained,1,1,33,656,2011,Unfurnished,Well,Poor,278000
Ajibode,3 Bedroom Flat,3,3,143,696,2000,Fully Furnished,Public,Poor,1586000
Challenge,Mini Flat,1,2,45,715,1997,Unfurnished,Borehole,Moderate,409000
Bodija,Self Contained,1,1,38,869,2016,Unfurnished,Well,Stable,303000
Challenge,Self Contained,1,1,39,669,2011,Unfurnished,Borehole,Moderate,293000
Challenge,Self Contained,1,1,28,537,1992,Unfurnished,Borehole,Moderate,235000
Akobo,Self Contained,1,1,30,454,2016,Semi-Furnished,Well,Stable,496000
Oluyole,2 Bedroom Flat,2,2,94,525,2000,Semi-Furnished,Well,Stable,1134000
Ajibode,Room,1,1,18,817,2016,Unfurnished,Well,Poor,174000
Agbowo,3 Bedroom Flat,3,3,115,300,1996,Fully Furnished,Borehole,Poor,1408000
Akobo,Room,1,1,22,402,2016,Unfurnished,Public,Stable,277000
Ajibode,Mini Flat,1,2,64,510,2000,Fully Furnished,Well,Stable,610000
Ajibode,2 Bedroom Flat,2,2,93,400,2014,Semi-Furnished,Well,Stable,704000
Mokola,Room,1,1,25,476,2005,Semi-Furnished,Public,Stable,217000
Oluyole,2 Bedroom Flat,2,2,79,875,2010,Semi-Furnished,Well,Moderate,1021000
Agbowo,Mini Flat,1,2,64,496,2015,Unfurnished,Borehole,Poor,465000
Oluyole,Self Contained,1,1,32,624,2016,Unfurnished,Well,Stable,373000
Challenge,Mini Flat,1,2,57,251,2006,Semi-Furnished,Borehole,Poor,538000
Agbowo,Room,1,1,20,351,2020,Semi-Furnished,Borehole,Stable,211000
Ajibode,Self Contained,1,1,29,717,2003,Unfurnished,Borehole,Moderate,334000
Apata,Self Contained,1,1,29,850,2012,Unfurnished,Public,Moderate,243000
Agbowo,Mini Flat,1,2,58,589,1991,Unfurnished,Public,Moderate,461000
Ajibode,Self Contained,1,1,26,494,2015,Unfurnished,Borehole,Moderate,261000
Bodija,Room,1,1,20,639,2015,Semi-Furnished,Well,Stable,352000
Challenge,Mini Flat,1,2,48,200,2011,Unfurnished,Public,Moderate,503000
Agbowo,Mini Flat,1,2,63,591,2017,Unfurnished,Borehole,Moderate,575000
Agbowo,Self Contained,1,1,30,361,1995,Unfurnished,Well,Moderate,299000
Agbowo,Self Contained,1,1,37,692,2008,Unfurnished,Borehole,Stable,329000
Ologuneru,Room,1,1,22,200,2010,Unfurnished,Well,Poor,153000
Ajibode,Duplex,4,4,198,436,2009,Unfurnished,Well,Stable,1888000
Akobo,Room,1,1,25,542,2020,Unfurnished,Well,Moderate,257000
Apata,Self Contained,1,1,31,412,2016,Unfurnished,Borehole,Moderate,294000
Ajibode,Mini Flat,1,2,48,482,2004,Unfurnished,Borehole,Moderate,460000
Ologuneru,Mini Flat,1,2,51,712,2020,Unfurnished,Borehole,Stable,475000
Apata,Self Contained,1,1,38,545,1998,Unfurnished,Borehole,Moderate,218000
Ring Road,Mini Flat,1,2,58,382,2006,Fully Furnished,Borehole,Moderate,561000
Ajibode,Mini Flat,1,2,53,719,2008,Unfurnished,Public,Poor,466000
Akobo,Mini Flat,1,2,61,595,2021,Unfurnished,Borehole,Moderate,583000
Challenge,Self Contained,1,1,27,602,1999,Semi-Furnished,Public,Poor,282000
Ologuneru,Self Contained,1,1,26,389,1994,Unfurnished,Borehole,Moderate,252000
Ajibode,3 Bedroom Flat,3,3,155,200,2002,Semi-Furnished,Public,Moderate,1216000
Challenge,2 Bedroom Flat,2,2,91,386,2016,Unfurnished,Well,Poor,640000
Agbowo,Room,1,1,23,368,1991,Unfurnished,Borehole,Poor,197000
Ajibode,Self Contained,1,1,36,439,1990,Unfurnished,Borehole,Poor,345000
Agbowo,Self Contained,1,1,39,398,1997,Unfurnished,Borehole,Stable,368000
Challenge,Room,1,1,25,570,1999,Semi-Furnished,Well,Poor,202000
Bodija,2 Bedroom Flat,2,2,83,708,2017,Unfurnished,Borehole,Moderate,1095000
Bodija,Room,1,1,29,743,1994,Semi-Furnished,Well,Poor,280000
Ologuneru,Room,1,1,26,700,1991,Semi-Furnished,Borehole,Stable,166000
Agbowo,Self Contained,1,1,27,388,2006,Unfurnished,Borehole,Poor,358000
Akobo,Self Contained,1,1,32,560,2022,Semi-Furnished,Borehole,Stable,370000
Agbowo,Room,1,1,28,831,2014,Unfurnished,Public,Moderate,222000
Agbowo,Mini Flat,1,2,47,264,1994,Unfurnished,Well,Poor,597000
Oluyole,2 Bedroom Flat,2,2,98,792,2017,Unfurnished,Borehole,Stable,1005000
Apata,Room,1,1,26,370,2007,Fully Furnished,Borehole,Poor,220000
Bodija,3 Bedroom Flat,3,3,128,602,2012,Semi-Furnished,Borehole,Stable,1417000
Challenge,Room,1,1,22,624,2007,Semi-Furnished,Borehole,Stable,214000
Ajibode,Room,1,1,28,584,2000,Semi-Furnished,Borehole,Moderate,263000
Ajibode,Mini Flat,1,2,56,951,1999,Fully Furnished,Well,Moderate,605000
Bodija,Self Contained,1,1,32,495,1999,Fully Furnished,Borehole,Moderate,587000
Ajibode,2 Bedroom Flat,2,2,94,254,1998,Unfurnished,Well,Moderate,700000
Agbowo,Self Contained,1,1,33,614,2002,Unfurnished,Borehole,Moderate,368000
Bodija,Room,1,1,25,519,2012,Semi-Furnished,Borehole,Moderate,360000
Ajibode,Room,1,1,21,649,1990,Semi-Furnished,Well,Poor,206000
Agbowo,Room,1,1,26,708,2005,Unfurnished,Borehole,Poor,157000
Bodija,Mini Flat,1,2,50,543,2008,Unfurnished,Borehole,Moderate,538000
Akobo,Room,1,1,29,628,2001,Semi-Furnished,Borehole,Poor,265000
Apata,2 Bedroom Flat,2,2,83,575,1994,Unfurnished,Borehole,Stable,622000
Akobo,Self Contained,1,1,34,872,1994,Unfurnished,Well,Moderate,307000
Agbowo,Self Contained,1,1,39,483,1996,Unfurnished,Borehole,Moderate,264000
Apata,Self Contained,1,1,26,426,2003,Fully Furnished,Borehole,Moderate,351000
Challenge,Mini Flat,1,2,52,708,2022,Unfurnished,Well,Poor,443000
Ajibode,Room,1,1,19,382,1995,Unfurnished,Borehole,Moderate,225000
Ajibode,3 Bedroom Flat,3,3,126,620,2007,Fully Furnished,Borehole,Moderate,1442000
Oluyole,Room,1,1,27,519,1995,Fully Furnished,Borehole,Moderate,309000
Bodija,Room,1,1,26,531,2019,Unfurnished,Borehole,Stable,264000
Challenge,Mini Flat,1,2,58,988,2001,Semi-Furnished,Borehole,Stable,432000
Oluyole,Mini Flat,1,2,51,772,2000,Semi-Furnished,Borehole,Poor,608000
Akobo,Self Contained,1,1,28,733,1993,Fully Furnished,Well,Moderate,432000
Ologuneru,Self Contained,1,1,34,645,2002,Fully Furnished,Well,Poor,408000
Bodija,Self Contained,1,1,29,425,1990,Unfurnished,Borehole,Moderate,512000
Ajibode,Self Contained,1,1,39,597,2018,Unfurnished,Borehole,Stable,372000
Mokola,2 Bedroom Flat,2,2,78,654,2003,Semi-Furnished,Borehole,Poor,758000
Agbowo,2 Bedroom Flat,2,2,85,585,2010,Fully Furnished,Well,Stable,953000
Challenge,Room,1,1,27,567,2020,Unfurnished,Borehole,Moderate,172000
Apata,3 Bedroom Flat,3,3,133,478,1996,Semi-Furnished,Borehole,Stable,1099000
Oluyole,Mini Flat,1,2,46,599,2004,Unfurnished,Public,Poor,665000
Akobo,Self Contained,1,1,29,455,1998,Unfurnished,Borehole,Poor,371000
Bodija,2 Bedroom Flat,2,2,83,676,2018,Semi-Furnished,Well,Moderate,1232000
Agbowo,3 Bedroom Flat,3,3,116,200,2013,Unfurnished,Borehole,Stable,1327000
Agbowo,Self Contained,1,1,33,794,2004,Fully Furnished,Well,Moderate,426000
Akobo,3 Bedroom Flat,3,3,134,313,2010,Unfurnished,Well,Stable,1333000
Challenge,3 Bedroom Flat,3,3,121,357,2013,Unfurnished,Borehole,Moderate,967000
Oluyole,Self Contained,1,1,31,623,1996,Semi-Furnished,Borehole,Moderate,454000
Ajibode,Room,1,1,22,647,2013,Unfurnished,Borehole,Poor,214000
Bodija,Self Contained,1,1,36,924,2012,Unfurnished,Well,Stable,562000
Challenge,Self Contained,1,1,25,603,2014,Semi-Furnished,Borehole,Stable,268000
Bodija,Room,1,1,21,542,1997,Fully Furnished,Well,Moderate,377000
Bodija,Room,1,1,22,584,2023,Semi-Furnished,Borehole,Moderate,335000
Challenge,Room,1,1,24,836,2011,Semi-Furnished,Well,Moderate,193000
Oluyole,Room,1,1,24,986,2023,Unfurnished,Well,Stable,260000
Agbowo,3 Bedroom Flat,3,3,120,516,2017,Semi-Furnished,Borehole,Stable,1280000
Ring Road,3 Bedroom Flat,3,3,122,647,1990,Unfurnished,Well,Moderate,1112000
Ajibode,Room,1,1,18,536,2019,Fully Furnished,Borehole,Moderate,267000
Ologuneru,Mini Flat,1,2,45,533,2014,Unfurnished,Well,Poor,340000
Ajibode,Self Contained,1,1,32,888,1991,Semi-Furnished,Well,Poor,361000
Ajibode,Room,1,1,27,383,2017,Unfurnished,Borehole,Moderate,207000
Ring Road,2 Bedroom Flat,2,2,77,200,2017,Semi-Furnished,Well,Moderate,738000
Agbowo,Mini Flat,1,2,60,607,2012,Unfurnished,Borehole,Poor,587000
Oluyole,Mini Flat,1,2,45,766,2013,Unfurnished,Public,Stable,566000
Mokola,Room,1,1,22,589,1997,Unfurnished,Borehole,Moderate,197000
Mokola,Self Contained,1,1,30,640,2007,Unfurnished,Well,Poor,266000
Ologuneru,Mini Flat,1,2,58,685,2009,Semi-Furnished,Borehole,Moderate,472000
Agbowo,Mini Flat,1,2,50,569,1993,Semi-Furnished,Borehole,Moderate,696000
Oluyole,2 Bedroom Flat,2,2,97,650,1997,Semi-Furnished,Borehole,Moderate,1019000
Ajibode,Mini Flat,1,2,54,647,2015,Unfurnished,Borehole,Stable,424000
Agbowo,Room,1,1,18,200,2009,Unfurnished,Borehole,Moderate,169000
Mokola,Room,1,1,21,570,2007,Semi-Furnished,Well,Stable,262000
Agbowo,Mini Flat,1,2,57,266,2022,Semi-Furnished,Borehole,Moderate,752000
Akobo,Mini Flat,1,2,58,543,2007,Unfurnished,Borehole,Stable,662000
Bodija,2 Bedroom Flat,2,2,89,460,2023,Unfurnished,Borehole,Moderate,1124000
Akobo,Self Contained,1,1,27,736,2008,Fully Furnished,Borehole,Poor,631000
Ologuneru,Mini Flat,1,2,50,593,2022,Unfurnished,Borehole,Moderate,422000
Ajibode,3 Bedroom Flat,3,3,148,635,2010,Unfurnished,Well,Poor,1243000
Akobo,Room,1,1,25,515,1996,Unfurnished,Well,Moderate,291000
Mokola,Room,1,1,18,739,2003,Unfurnished,Borehole,Moderate,172000
Bodija,3 Bedroom Flat,3,3,112,262,2022,Fully Furnished,Well,Poor,2476000
Ajibode,Mini Flat,1,2,47,388,1993,Unfurnished,Well,Moderate,562000
Akobo,Self Contained,1,1,33,781,1991,Unfurnished,Public,Poor,419000
Agbowo,Mini Flat,1,2,61,471,2020,Semi-Furnished,Well,Moderate,646000
Ajibode,Mini Flat,1,2,49,200,2019,Semi-Furnished,Well,Stable,568000
Mokola,Room,1,1,27,811,1999,Semi-Furnished,Borehole,Poor,215000
Bodija,2 Bedroom Flat,2,2,87,743,2010,Semi-Furnished,Borehole,Stable,1361000
Apata,Room,1,1,21,677,2012,Unfurnished,Borehole,Stable,123000
Challenge,2 Bedroom Flat,2,2,70,566,1997,Unfurnished,Public,Stable,637000
Oluyole,Room,1,1,23,848,1999,Unfurnished,Borehole,Poor,259000
Ajibode,Room,1,1,18,776,2014,Unfurnished,Borehole,Stable,192000
Agbowo,Self Contained,1,1,31,828,2022,Unfurnished,Well,Moderate,296000
Ajibode,Mini Flat,1,2,46,675,2006,Unfurnished,Public,Poor,531000
Ring Road,Self Contained,1,1,29,572,2013,Unfurnished,Borehole,Stable,278000
Ajibode,2 Bedroom Flat,2,2,86,478,2019,Unfurnished,Borehole,Stable,613000
Agbowo,Room,1,1,26,321,1990,Unfurnished,Borehole,Poor,292000
Bodija,Room,1,1,26,640,2006,Fully Furnished,Public,Poor,369000
Agbowo,2 Bedroom Flat,2,2,72,655,2017,Semi-Furnished,Public,Moderate,716000
Ajibode,3 Bedroom Flat,3,3,138,487,2002,Unfurnished,Borehole,Poor,875000
Akobo,2 Bedroom Flat,2,2,75,660,1999,Semi-Furnished,Well,Moderate,1206000
Ajibode,Room,1,1,20,490,1990,Semi-Furnished,Borehole,Stable,207000
Ajibode,Self Contained,1,1,25,706,2009,Unfurnished,Well,Moderate,296000
Agbowo,Room,1,1,19,391,1996,Unfurnished,Well,Moderate,228000
Oluyole,3 Bedroom Flat,3,3,136,360,2021,Unfurnished,Borehole,Stable,1452000
Bodija,Self Contained,1,1,35,506,2010,Semi-Furnished,Well,Poor,490000
Agbowo,Room,1,1,18,699,2015,Semi-Furnished,Borehole,Moderate,300000
Akobo,Mini Flat,1,2,56,341,1996,Unfurnished,Well,Poor,659000
Agbowo,Room,1,1,21,738,2016,Semi-Furnished,Borehole,Moderate,251000
Apata,Mini Flat,1,2,60,254,2023,Semi-Furnished,Public,Moderate,607000
Ajibode,Room,1,1,28,505,2001,Fully Furnished,Well,Moderate,297000
Oluyole,Room,1,1,21,295,2001,Unfurnished,Well,Poor,212000
Ring Road,Room,1,1,28,200,2004,Unfurnished,Borehole,Stable,175000
Challenge,Room,1,1,29,615,2009,Unfurnished,Borehole,Poor,202000
Ajibode,Self Contained,1,1,34,517,1999,Semi-Furnished,Well,Poor,349000
Agbowo,Self Contained,1,1,35,298,2015,Unfurnished,Public,Stable,268000
Oluyole,Room,1,1,27,457,2006,Fully Furnished,Well,Poor,407000
Ajibode,Room,1,1,24,629,1999,Unfurnished,Borehole,Moderate,185000
Mokola,Self Contained,1,1,39,483,2000,Unfurnished,Well,Moderate,298000
Oluyole,Mini Flat,1,2,64,514,2006,Fully Furnished,Borehole,Moderate,868000
Oluyole,Self Contained,1,1,29,478,2000,Semi-Furnished,Borehole,Moderate,424000
Ajibode,Mini Flat,1,2,53,445,2004,Unfurnished,Well,Poor,504000
Oluyole,Self Contained,1,1,36,442,1993,Unfurnished,Well,Moderate,407000
Oluyole,2 Bedroom Flat,2,2,81,437,2014,Unfurnished,Public,Stable,954000
Mokola,Self Contained,1,1,27,414,2020,Unfurnished,Borehole,Moderate,320000
Ajibode,Self Contained,1,1,31,366,2018,Semi-Furnished,Borehole,Stable,331000
Ajibode,Mini Flat,1,2,59,481,2020,Unfurnished,Borehole,Poor,544000
Agbowo,Room,1,1,19,434,1998,Unfurnished,Public,Moderate,214000
Ajibode,2 Bedroom Flat,2,2,93,357,1990,Unfurnished,Borehole,Stable,590000
Bodija,Self Contained,1,1,38,687,1992,Fully Furnished,Borehole,Poor,623000
Ring Road,Self Contained,1,1,33,771,1993,Unfurnished,Borehole,Moderate,255000
Agbowo,Self Contained,1,1,27,549,2008,Unfurnished,Borehole,Poor,307000
Mokola,Mini Flat,1,2,59,561,2011,Unfurnished,Borehole,Moderate,382000
Ajibode,Mini Flat,1,2,45,425,1997,Fully Furnished,Borehole,Moderate,579000
Ajibode,Room,1,1,23,742,2014,Unfurnished,Borehole,Poor,242000
Ajibode,Self Contained,1,1,30,862,1993,Unfurnished,Borehole,Moderate,269000
Agbowo,Self Contained,1,1,26,520,2003,Unfurnished,Public,Stable,229000
Ring Road,Self Contained,1,1,38,456,1994,Semi-Furnished,Borehole,Moderate,332000
Ajibode,Room,1,1,21,611,2018,Unfurnished,Borehole,Moderate,222000
Akobo,Room,1,1,22,573,2010,Fully Furnished,Well,Stable,407000
Bodija,Mini Flat,1,2,57,459,2004,Semi-Furnished,Well,Moderate,915000
Apata,Room,1,1,19,634,2012,Semi-Furnished,Public,Stable,199000
Ajibode,Room,1,1,29,718,2006,Unfurnished,Well,Poor,202000
Ajibode,Self Contained,1,1,29,408,1992,Unfurnished,Well,Stable,316000
Ajibode,2 Bedroom Flat,2,2,80,1007,2022,Unfurnished,Public,Moderate,795000
Agbowo,Room,1,1,20,274,2016,Unfurnished,Borehole,Moderate,210000
Agbowo,Self Contained,1,1,33,396,2005,Semi-Furnished,Borehole,Stable,390000
Mokola,Room,1,1,20,592,1995,Unfurnished,Well,Poor,254000
Akobo,Room,1,1,19,954,1999,Unfurnished,Borehole,Moderate,300000
Akobo,2 Bedroom Flat,2,2,81,448,2018,Semi-Furnished,Borehole,Poor,974000
Bodija,Mini Flat,1,2,57,358,2006,Semi-Furnished,Public,Poor,834000
Ajibode,Mini Flat,1,2,55,648,2003,Unfurnished,Borehole,Poor,566000
Bodija,Self Contained,1,1,32,505,2001,Unfurnished,Borehole,Poor,470000
Ologuneru,Room,1,1,24,669,2018,Unfurnished,Borehole,Moderate,189000
Mokola,Self Contained,1,1,26,537,2003,Semi-Furnished,Borehole,Stable,322000
Ring Road,Self Contained,1,1,38,395,1997,Unfurnished,Well,Stable,356000
Mokola,Room,1,1,20,972,2006,Semi-Furnished,Well,Moderate,238000
Ajibode,Self Contained,1,1,37,200,2012,Unfurnished,Borehole,Moderate,329000
Agbowo,Room,1,1,23,877,1996,Fully Furnished,Borehole,Moderate,317000
Ajibode,Self Contained,1,1,35,717,2001,Unfurnished,Borehole,Stable,340000
Agbowo,3 Bedroom Flat,3,3,147,415,2005,Fully Furnished,Borehole,Moderate,1635000
Ajibode,Mini Flat,1,2,64,887,2002,Fully Furnished,Borehole,Moderate,700000
Bodija,2 Bedroom Flat,2,2,99,303,2008,Semi-Furnished,Borehole,Poor,1010000
Oluyole,Self Contained,1,1,34,731,1992,Unfurnished,Borehole,Moderate,377000
Ring Road,Self Contained,1,1,34,200,1997,Unfurnished,Borehole,Moderate,323000
Challenge,3 Bedroom Flat,3,3,137,343,2001,Unfurnished,Well,Poor,905000
Apata,Duplex,4,4,265,343,2020,Unfurnished,Borehole,Poor,1693000
Ajibode,Room,1,1,23,414,2009,Semi-Furnished,Borehole,Poor,232000
Ajibode,Self Contained,1,1,36,552,2017,Fully Furnished,Borehole,Moderate,373000
Oluyole,2 Bedroom Flat,2,2,97,401,1991,Semi-Furnished,Borehole,Moderate,906000
Agbowo,Mini Flat,1,2,51,200,2016,Unfurnished,Borehole,Stable,481000
Agbowo,Mini Flat,1,2,56,633,1992,Unfurnished,Borehole,Stable,481000
Agbowo,Mini Flat,1,2,58,558,2010,Semi-Furnished,Borehole,Moderate,531000
Agbowo,Self Contained,1,1,25,623,1996,Unfurnished,Borehole,Moderate,299000
Bodija,Mini Flat,1,2,54,580,2022,Semi-Furnished,Well,Poor,741000
Bodija,Room,1,1,19,721,2022,Unfurnished,Well,Moderate,295000
Bodija,Room,1,1,26,536,2006,Unfurnished,Well,Stable,245000
Oluyole,Room,1,1,21,732,1995,Semi-Furnished,Public,Poor,289000
Agbowo,Room,1,1,23,410,2010,Unfurnished,Well,Moderate,233000
Agbowo,Mini Flat,1,2,59,420,2023,Semi-Furnished,Borehole,Stable,630000
Ajibode,2 Bedroom Flat,2,2,71,797,2001,Fully Furnished,Well,Moderate,961000
Agbowo,Room,1,1,23,794,2001,Fully Furnished,Well,Stable,282000
Challenge,Mini Flat,1,2,47,653,2007,Unfurnished,Well,Poor,440000
Challenge,Room,1,1,25,389,1995,Semi-Furnished,Borehole,Stable,204000
Oluyole,Room,1,1,23,375,2002,Unfurnished,Public,Stable,238000
Agbowo,2 Bedroom Flat,2,2,81,789,2020,Semi-Furnished,Well,Moderate,814000
Akobo,2 Bedroom Flat,2,2,80,779,2014,Fully Furnished,Borehole,Moderate,1325000
Akobo,Room,1,1,23,538,2013,Semi-Furnished,Public,Poor,310000
Bodija,Room,1,1,22,971,2000,Semi-Furnished,Borehole,Poor,433000
Bodija,2 Bedroom Flat,2,2,84,632,2022,Unfurnished,Well,Poor,974000
Bodija,3 Bedroom Flat,3,3,116,350,2010,Semi-Furnished,Well,Stable,1659000
Akobo,Self Contained,1,1,32,500,2013,Unfurnished,Borehole,Moderate,413000
Oluyole,Room,1,1,22,550,2009,Unfurnished,Borehole,Moderate,255000
Ajibode,Self Contained,1,1,37,565,1998,Unfurnished,Borehole,Moderate,291000
Challenge,Room,1,1,23,775,2020,Semi-Furnished,Borehole,Poor,222000
Ajibode,Room,1,1,18,377,2017,Unfurnished,Well,Stable,206000
Ajibode,2 Bedroom Flat,2,2,93,310,1994,Semi-Furnished,Borehole,Poor,779000
Ologuneru,Room,1,1,21,658,2023,Unfurnished,Well,Poor,146000
Apata,2 Bedroom Flat,2,2,77,458,1999,Unfurnished,Well,Stable,639000
Ajibode,Room,1,1,29,986,2021,Fully Furnished,Borehole,Poor,290000
Bodija,3 Bedroom Flat,3,3,143,719,2006,Semi-Furnished,Borehole,Stable,1761000
Ajibode,Room,1,1,18,455,2002,Semi-Furnished,Borehole,Moderate,209000
Bodija,Room,1,1,20,768,2009,Unfurnished,Public,Stable,281000
Mokola,Room,1,1,28,681,2008,Fully Furnished,Public,Poor,267000
Apata,Self Contained,1,1,31,664,2011,Fully Furnished,Borehole,Stable,353000
Akobo,Self Contained,1,1,37,527,2005,Unfurnished,Borehole,Moderate,452000
Agbowo,Room,1,1,27,625,1995,Semi-Furnished,Borehole,Moderate,259000
Akobo,Room,1,1,21,200,2000,Semi-Furnished,Well,Stable,379000
Agbowo,Room,1,1,21,787,1999,Unfurnished,Borehole,Moderate,185000
Ring Road,Room,1,1,25,200,2020,Semi-Furnished,Well,Moderate,223000
Ring Road,Mini Flat,1,2,60,470,2007,Unfurnished,Borehole,Poor,508000
Bodija,Room,1,1,18,262,2021,Unfurnished,Borehole,Poor,297000
Agbowo,3 Bedroom Flat,3,3,145,459,2013,Semi-Furnished,Borehole,Poor,1264000
Agbowo,2 Bedroom Flat,2,2,72,536,2005,Semi-Furnished,Borehole,Moderate,924000
Ajibode,Mini Flat,1,2,48,334,2018,Unfurnished,Well,Poor,461000
Mokola,Duplex,4,4,208,200,2014,Unfurnished,Public,Stable,1934000
Bodija,Mini Flat,1,2,45,587,2014,Semi-Furnished,Well,Stable,812000
Agbowo,Mini Flat,1,2,48,925,2008,Semi-Furnished,Well,Moderate,598000
Bodija,Room,1,1,28,486,1999,Semi-Furnished,Borehole,Moderate,300000
Mokola,2 Bedroom Flat,2,2,85,722,1990,Fully Furnished,Well,Stable,772000
Ajibode,Room,1,1,28,820,2016,Unfurnished,Public,Moderate,213000
Mokola,Self Contained,1,1,25,207,2011,Unfurnished,Borehole,Stable,283000
Ring Road,2 Bedroom Flat,2,2,88,467,2017,Unfurnished,Well,Moderate,584000
Apata,2 Bedroom Flat,2,2,74,320,1992,Unfurnished,Public,Moderate,457000
Agbowo,Self Contained,1,1,39,404,2015,Unfurnished,Borehole,Stable,368000
Ajibode,Room,1,1,27,856,1994,Semi-Furnished,Borehole,Poor,172000
